0,0,[ 0.0146  0.203  -0.4456 -0.1307 -0.0146 -0.203   0.4456  0.1307]
0,1,"[0.12232633464940797, 0.5237925619952547, -0.3220488433905481, 0.0813167464416445, -0.12232633464940797, -0.5237925619952547, 0.3220488433905481, -0.0813167464416445]"
0,2,"[0.07627056658088312, 0.3714770168968716, -0.37501712752381006, -0.01719585038304676, -0.07627056658088312, -0.3714770168968716, 0.37501712752381006, 0.01719585038304676]"
0,3,[ 0.0146  0.203  -0.4456 -0.1307 -0.0146 -0.203   0.4456  0.1307]
1,0,[-0.0786  0.3605 -0.2315  0.2086  0.0786 -0.3605  0.2315 -0.2086]
1,1,"[-0.3082142537388865, 0.3273596305846714, -0.22240297806829715, 0.20237270480343186, 0.3082142537388865, -0.3273596305846714, 0.22240297806829715, -0.20237270480343186]"
1,2,"[-0.19029346011043569, 0.3467631136228829, -0.22622813509712456, 0.20798989279953808, 0.19029346011043569, -0.3467631136228829, 0.22622813509712456, -0.20798989279953808]"
1,3,[-0.1312  0.3523 -0.2295  0.2084  0.1312 -0.3523  0.2295 -0.2084]
2,0,[-0.362  -0.1169  0.1185 -0.4801  0.362   0.1169 -0.1185  0.4801]
2,1,"[-0.640044906602793, -0.07156715989813814, 0.013695716470493724, -0.32372706152833414, 0.640044906602793, 0.07156715989813814, -0.013695716470493724, 0.32372706152833414]"
2,2,"[-0.5144335708822652, -0.10177101681530942, 0.0674448321386438, -0.4004418579757373, 0.5144335708822652, 0.10177101681530942, -0.0674448321386438, 0.4004418579757373]"
2,3,[-0.4085 -0.1079  0.0975 -0.4537  0.4085  0.1079 -0.0975  0.4537]
3,0,[-0.5169 -0.1571 -0.1203 -0.4377  0.5169  0.1571  0.1203  0.4377]
3,1,"[-0.1835835806392451, -0.14584963645818977, -0.028335553659074374, -0.36102649796543107, 0.1835835806392451, 0.14584963645818977, 0.028335553659074374, 0.36102649796543107]"
3,2,"[-0.3854387577251336, -0.1542906780813485, -0.09753660039302287, -0.40903991810971074, 0.3854387577251336, 0.1542906780813485, 0.09753660039302287, 0.40903991810971074]"
3,3,[-0.4327 -0.155  -0.1039 -0.4161  0.4327  0.155   0.1039  0.4161]
4,0,[ 0.0105 -0.1167 -0.1154  0.0017 -0.0105  0.1167  0.1154 -0.0017]
4,1,"[0.19572564685801058, -0.08332313167811671, -0.055687611742288805, 0.11029734413654373, -0.19572564685801058, 0.08332313167811671, 0.055687611742288805, -0.11029734413654373]"
4,2,"[0.09121147879605987, -0.1031000076990657, -0.08465100906623052, 0.051246832647761704, -0.09121147879605987, 0.1031000076990657, 0.08465100906623052, -0.051246832647761704]"
4,3,[ 0.0574 -0.1084 -0.0973  0.0327 -0.0574  0.1084  0.0973 -0.0327]
5,0,[ 0.0746  0.1574 -0.1488  0.0602 -0.0746 -0.1574  0.1488 -0.0602]
5,1,"[0.17430270807586837, 0.0055290991471875365, 0.022750244638688612, -0.08039895199062097, -0.17430270807586837, -0.0055290991471875365, -0.022750244638688612, 0.08039895199062097]"
5,2,"[0.13634454912439123, 0.04023246844159646, -0.009239154886561409, -0.061512727561305366, -0.13634454912439123, -0.04023246844159646, 0.009239154886561409, 0.061512727561305366]"
5,3,[ 0.0853  0.1279 -0.1108  0.0278 -0.0853 -0.1279  0.1108 -0.0278]
6,0,[ 0.3419 -0.1143  0.0673 -0.5828 -0.3419  0.1143 -0.0673  0.5828]
6,1,"[0.05432770373017369, 0.3662339892440151, 0.26138915871792284, -0.3461464106652578, -0.05432770373017369, -0.3662339892440151, -0.26138915871792284, 0.3461464106652578]"
6,2,"[0.17540950844807143, 0.17133895934084495, 0.18831259820485027, -0.46796486430255685, -0.17540950844807143, -0.17133895934084495, -0.18831259820485027, 0.46796486430255685]"
6,3,[ 0.2528  0.0485  0.114  -0.5192 -0.2528 -0.0485 -0.114   0.5192]
7,0,[-0.5713 -0.0763 -0.3449 -0.1225  0.5713  0.0763  0.3449  0.1225]
7,1,"[-0.5356873159169285, -0.21952206309326924, -0.4270017585778575, -0.14209767137910434, 0.5356873159169285, 0.21952206309326924, 0.4270017585778575, 0.14209767137910434]"
7,2,"[-0.5527816218736155, -0.21828683181856554, -0.40177874210902415, -0.130864169908196, 0.5527816218736155, 0.21828683181856554, 0.40177874210902415, 0.130864169908196]"
7,3,[-0.5682 -0.0993 -0.3546 -0.1237  0.5682  0.0993  0.3546  0.1237]
8,0,[-0.395  -0.2443 -0.326   0.067   0.395   0.2443  0.326  -0.067 ]
8,1,"[-0.08853121210836742, -0.1454348989227055, -0.38915286605935007, 0.37764495946238447, 0.08853121210836742, 0.1454348989227055, 0.38915286605935007, -0.37764495946238447]"
8,2,"[-0.18722553485488155, -0.19189727752568894, -0.3721847348126108, 0.252301793631165, 0.18722553485488155, 0.19189727752568894, 0.3721847348126108, -0.252301793631165]"
8,3,[-0.3603 -0.2218 -0.3385  0.1228  0.3603  0.2218  0.3385 -0.1228]
9,0,[-0.2673 -0.118  -0.0397 -0.1096  0.2673  0.118   0.0397  0.1096]
9,1,"[0.008456355790110753, 0.036679603405307404, -0.028189290016774452, -0.2891385823081977, -0.008456355790110753, -0.036679603405307404, 0.028189290016774452, 0.2891385823081977]"
9,2,"[-0.10371214592477135, -0.043926614981660346, -0.03232937676488747, -0.2210192330824372, 0.10371214592477135, 0.043926614981660346, 0.03232937676488747, 0.2210192330824372]"
9,3,[-0.2097 -0.0862 -0.0366 -0.1537  0.2097  0.0862  0.0366  0.1537]
10,0,[-0.3815  0.2892  0.2881  0.4688  0.3815 -0.2892 -0.2881 -0.4688]
10,1,"[-0.1461972898778456, 0.2719601469015485, 0.5125543623547105, 0.2561319226739858, 0.1461972898778456, -0.2719601469015485, -0.5125543623547105, -0.2561319226739858]"
10,2,"[-0.2767531330008257, 0.28302854471571787, 0.40095295925354535, 0.36685837860205306, 0.2767531330008257, -0.28302854471571787, -0.40095295925354535, -0.36685837860205306]"
10,3,"[-0.24813797532819118, 0.28208180210475625, 0.42007101473422553, 0.34466746749288124, 0.24813797532819118, -0.28208180210475625, -0.42007101473422553, -0.34466746749288124]"
11,0,[-0.0358 -0.2263  0.1575 -0.1028  0.0358  0.2263 -0.1575  0.1028]
11,1,"[0.006306812609130789, -0.14661183262869734, 0.31489571955800894, -0.07069627045866543, -0.006306812609130789, 0.14661183262869734, -0.31489571955800894, 0.07069627045866543]"
11,2,"[-0.017649747849915604, -0.1970383324013166, 0.21323704054890083, -0.09031484344524007, 0.017649747849915604, 0.1970383324013166, -0.21323704054890083, 0.09031484344524007]"
11,3,[-0.0259 -0.2065  0.1935 -0.0944  0.0259  0.2065 -0.1935  0.0944]
12,0,[-0.2375 -0.0231  0.1404 -0.0039  0.2375  0.0231 -0.1404  0.0039]
12,1,"[-0.2606290476260002, 0.037733352419020226, 0.030200964860850187, 0.020654882731828327, 0.2606290476260002, -0.037733352419020226, -0.030200964860850187, -0.020654882731828327]"
12,2,"[-0.24194684288510493, -0.006374119994756382, 0.06515128856469617, 0.0059930686079042285, 0.24194684288510493, 0.006374119994756382, -0.06515128856469617, -0.0059930686079042285]"
12,3,[-0.2385 -0.0168  0.1189  0.0007  0.2385  0.0168 -0.1189 -0.0007]
13,0,[ 0.0227  0.0988  0.4028 -0.0772 -0.0227 -0.0988 -0.4028  0.0772]
13,1,"[0.023001876318999928, -0.13527803688181933, 0.2939582710969998, 0.26732872342963576, -0.023001876318999928, 0.13527803688181933, -0.2939582710969998, -0.26732872342963576]"
13,2,"[0.022920805688048784, -0.09429991680634371, 0.3137561391190068, 0.21992785801244583, -0.022920805688048784, 0.09429991680634371, -0.3137561391190068, -0.21992785801244583]"
13,3,[ 0.0227  0.0855  0.3895 -0.0737 -0.0227 -0.0855 -0.3895  0.0737]
14,0,[-0.2876 -0.3686  0.1765 -0.2561  0.2876  0.3686 -0.1765  0.2561]
14,1,"[-0.2342967504220379, -0.3763713058227256, 0.21324086624918173, 0.01668821309778957, 0.2342967504220379, 0.3763713058227256, -0.21324086624918173, -0.01668821309778957]"
14,2,"[-0.2392208979863357, -0.37476442366345597, 0.1938025562562576, -0.015462949816293965, 0.2392208979863357, 0.37476442366345597, -0.1938025562562576, 0.015462949816293965]"
14,3,[-0.2804 -0.3694  0.179  -0.2488  0.2804  0.3694 -0.179   0.2488]
15,0,[-0.2593 -0.0477 -0.1656 -0.0902  0.2593  0.0477  0.1656  0.0902]
15,1,"[-0.14428721094227534, 0.2176501521558115, 0.07929190647205842, -0.12264813861610728, 0.14428721094227534, -0.2176501521558115, -0.07929190647205842, 0.12264813861610728]"
15,2,"[-0.1741201723451449, 0.11083814685085859, 0.006737425215822031, -0.10993415102422523, 0.1741201723451449, -0.11083814685085859, -0.006737425215822031, 0.10993415102422523]"
15,3,[-0.2373  0.0061 -0.1063 -0.0986  0.2373 -0.0061  0.1063  0.0986]
16,0,[ 0.0903 -0.057  -0.048   0.097  -0.0903  0.057   0.048  -0.097 ]
16,1,"[-0.10401360645833022, -0.036255620442205594, -0.2153406496983844, 0.1799712026639844, 0.10401360645833022, 0.036255620442205594, 0.2153406496983844, -0.1799712026639844]"
16,2,"[-0.019491801046875194, -0.04569652504185404, -0.13627574289468572, 0.1449189882139797, 0.019491801046875194, 0.04569652504185404, 0.13627574289468572, -0.1449189882139797]"
16,3,[ 0.038  -0.0506 -0.0966  0.1212 -0.038   0.0506  0.0966 -0.1212]
17,0,[ 0.0222  0.0042 -0.1589  0.6    -0.0222 -0.0042  0.1589 -0.6   ]
17,1,"[-0.16732314223749153, 0.24222631046070858, -0.06224586612406562, 0.05873323199283851, 0.16732314223749153, -0.24222631046070858, 0.06224586612406562, -0.05873323199283851]"
17,2,"[-0.06772209557856486, 0.11406925886301658, -0.11311305309466155, 0.31742562020385284, 0.06772209557856486, -0.11406925886301658, 0.11311305309466155, -0.31742562020385284]"
17,3,[-0.0335  0.0715 -0.1286  0.4461  0.0335 -0.0715  0.1286 -0.4461]
18,0,[-0.0212  0.1496  0.2003  0.0896  0.0212 -0.1496 -0.2003 -0.0896]
18,1,"[0.04920773243041018, 0.5001967418574749, 0.00020952399926679887, 0.029403642617026247, -0.04920773243041018, -0.5001967418574749, -0.00020952399926679887, -0.029403642617026247]"
18,2,"[0.023610016964363892, 0.37348132474298645, 0.0949714500902663, 0.054676643465738785, -0.023610016964363892, -0.37348132474298645, -0.0949714500902663, -0.054676643465738785]"
18,3,[-0.0004  0.2522  0.1512  0.0714  0.0004 -0.2522 -0.1512 -0.0714]
19,0,[ 0.5264  0.1868  0.1858  0.1852 -0.5264 -0.1868 -0.1858 -0.1852]
19,1,"[0.1041362334379443, 0.15272785475095524, 0.22539544504426967, 0.22042024286167602, -0.1041362334379443, -0.15272785475095524, -0.22539544504426967, -0.22042024286167602]"
19,2,"[0.26036824873516223, 0.17995224916932254, 0.19942357813484066, 0.19344687290063678, -0.26036824873516223, -0.17995224916932254, -0.19942357813484066, -0.19344687290063678]"
19,3,[ 0.4466  0.1845  0.1907  0.1888 -0.4466 -0.1845 -0.1907 -0.1888]
20,0,[ 0.1634  0.1    -0.3916 -0.205  -0.1634 -0.1     0.3916  0.205 ]
20,1,"[0.08984729005956321, 0.2921251575364216, -0.3620933273142056, -0.39112572168204984, -0.08984729005956321, -0.2921251575364216, 0.3620933273142056, 0.39112572168204984]"
20,2,"[0.12745312849837548, 0.1984753458622063, -0.37724823119100664, -0.3034461050383477, -0.12745312849837548, -0.1984753458622063, 0.37724823119100664, 0.3034461050383477]"
20,3,[ 0.1429  0.1524 -0.3823 -0.2558 -0.1429 -0.1524  0.3823  0.2558]
21,0,[-0.041   0.0964 -0.1092 -0.05    0.041  -0.0964  0.1092  0.05  ]
21,1,"[-0.0836998602812145, 0.16447173513540553, -0.13999814078857098, 0.335853181779322, 0.0836998602812145, -0.16447173513540553, 0.13999814078857098, -0.335853181779322]"
21,2,"[-0.06243104926997284, 0.13838105806653092, -0.13052173359318853, 0.1712919657093871, 0.06243104926997284, -0.13838105806653092, 0.13052173359318853, -0.1712919657093871]"
21,3,"[-0.060576862277966055, 0.13413399038335103, -0.12779277102758022, 0.15369968786104057, 0.060576862277966055, -0.13413399038335103, 0.12779277102758022, -0.15369968786104057]"
22,0,[-0.0965  0.0384 -0.4013  0.3398  0.0965 -0.0384  0.4013 -0.3398]
22,1,"[-0.1442280694140353, 0.15469722234460426, -0.10037264291872208, 0.23604915015934763, 0.1442280694140353, -0.15469722234460426, 0.10037264291872208, -0.23604915015934763]"
22,2,"[-0.1160166236202449, 0.07519830289909091, -0.2501801862068507, 0.2980311408500882, 0.1160166236202449, -0.07519830289909091, 0.2501801862068507, -0.2980311408500882]"
22,3,"[-0.1211304237800151, 0.08310401059647798, -0.21842657338096014, 0.2888314242141192, 0.1211304237800151, -0.08310401059647798, 0.21842657338096014, -0.2888314242141192]"
23,0,[ 0.3151 -0.192   0.1334  0.1545 -0.3151  0.192  -0.1334 -0.1545]
23,1,"[0.3871060360820747, -0.12933267182629543, 0.18454630761134017, 0.19332249891358255, -0.3871060360820747, 0.12933267182629543, -0.18454630761134017, -0.19332249891358255]"
23,2,"[0.33992322573586153, -0.16046823226588003, 0.15912339292255145, 0.16732859254277993, -0.33992322573586153, 0.16046823226588003, -0.15912339292255145, -0.16732859254277993]"
23,3,[ 0.3263 -0.1884  0.1345  0.1607 -0.3263  0.1884 -0.1345 -0.1607]
24,0,[-0.0959  0.0917 -0.1222 -0.199   0.0959 -0.0917  0.1222  0.199 ]
24,1,"[-0.028942657297993044, 0.20062500504308284, -0.024485810411889238, 0.18306255136379074, 0.028942657297993044, -0.20062500504308284, 0.024485810411889238, -0.18306255136379074]"
24,2,"[-0.05143134663576415, 0.13980554383652755, -0.10596069303399909, -0.009657764865339894, 0.05143134663576415, -0.13980554383652755, 0.10596069303399909, 0.009657764865339894]"
24,3,[-0.0734  0.1231 -0.1132 -0.0856  0.0734 -0.1231  0.1132  0.0856]
25,0,[-0.0303 -0.2026  0.1477 -0.045   0.0303  0.2026 -0.1477  0.045 ]
25,1,"[-0.270290755823745, 0.10500613904936792, 0.20814501304447675, -0.1221078291870002, 0.270290755823745, -0.10500613904936792, -0.20814501304447675, 0.1221078291870002]"
25,2,"[-0.22850779806485788, -0.0014172326534222343, 0.1400112129200901, -0.07737430175842556, 0.22850779806485788, 0.0014172326534222343, -0.1400112129200901, 0.07737430175842556]"
25,3,"[-0.21667394951278163, -0.02043470349710783, 0.13053553234692902, -0.06693376387746035, 0.21667394951278163, 0.02043470349710783, -0.13053553234692902, 0.06693376387746035]"
26,0,[-0.0448  0.1422  0.0363 -0.2923  0.0448 -0.1422 -0.0363  0.2923]
26,1,"[0.19116651972822804, -0.0030144137339997456, 0.010035020788932213, -0.3006855536071759, -0.19116651972822804, 0.0030144137339995747, -0.010035020788932437, 0.3006855536071759]"
26,2,[-0.0233  0.1392 -0.0173 -0.2369  0.0233 -0.1392  0.0173  0.2369]
26,3,"[0.0031449510437980928, 0.13468463800587063, -0.023753441059643814, -0.22700539221238553, -0.0031449510437980928, -0.13468463800587063, 0.023753441059643814, 0.22700539221238553]"
27,0,[-0.1873  0.1656 -0.1881 -0.0726  0.1873 -0.1656  0.1881  0.0726]
27,1,"[-0.22126049209533308, -0.19256692442850948, -0.006855756123237942, 0.15183580394626514, 0.22126049209533308, 0.19256692442850948, 0.006855756123237934, -0.15183580394626514]"
27,2,"[-0.1316885441930938, -0.0059824156444964, -0.10700438805689355, 0.023294527886663165, 0.1316885441930938, 0.005982415644496409, 0.10700438805689355, -0.023294527886663165]"
27,3,[-0.1777  0.1593 -0.1792 -0.0634  0.1777 -0.1593  0.1792  0.0634]
28,0,[-0.2112  0.1814 -0.0511 -0.1513  0.2112 -0.1814  0.0511  0.1513]
28,1,"[0.12621107340040133, 0.1807103600987799, -0.23090780595370736, 0.030840269515559383, -0.12621107340040133, -0.1807103600987799, 0.23090780595370736, -0.030840269515559383]"
28,2,"[-0.07849459673698594, 0.19958201944517676, -0.1875543109684671, -0.05145136183484364, 0.07849459673698594, -0.19958201944517676, 0.1875543109684671, 0.05145136183484364]"
28,3,[-0.1976  0.19   -0.0666 -0.1244  0.1976 -0.19    0.0666  0.1244]
29,0,[ 0.0059 -0.0729  0.1641  0.2477 -0.0059  0.0729 -0.1641 -0.2477]
29,1,"[0.10091852808193648, -0.1352704352300078, -0.12420068072646837, 0.28682384148242845, -0.10091852808193648, 0.1352704352300078, 0.12420068072646832, -0.28682384148242845]"
29,2,"[-0.06891981042435633, -0.09508360817513574, 0.07794586674461244, 0.25897691116644433, 0.06891981042435633, 0.09508360817513574, -0.07794586674461244, -0.25897691116644433]"
29,3,"[-0.06912720149845374, -0.09375517395484388, 0.08759197828026123, 0.25794202273166, 0.06912720149845374, 0.09375517395484388, -0.08759197828026123, -0.25794202273166]"
30,0,[ 0.0435  0.1095 -0.3942 -0.1216 -0.0435 -0.1095  0.3942  0.1216]
30,1,"[-0.11681413791685298, 0.09976566393170895, -0.007695994451405518, 0.10709117705754505, 0.11681413791685298, -0.09976566393170895, 0.007695994451405515, -0.10709117705754505]"
30,2,"[-0.07171682711823539, 0.10273317644545488, -0.0798529739705873, -0.012146453988017196, 0.07171682711823539, -0.10273317644545488, 0.07985297397058731, 0.012146453988017196]"
30,3,[-0.0076  0.0966 -0.2359 -0.0931  0.0076 -0.0966  0.2359  0.0931]
31,0,[-0.2196  0.0193  0.3482  0.0533  0.2196 -0.0193 -0.3482 -0.0533]
31,1,"[-0.28483072824569633, -0.17418826650188815, 0.03855393609761839, -0.05287001289475623, 0.28483072824569633, 0.17418826650188815, -0.0385539360976184, 0.05287001289475623]"
31,2,"[-0.31507236481825557, -0.16542840417770607, 0.1944617825144408, -0.03361031554545553, 0.31507236481825557, 0.16542840417770607, -0.1944617825144408, 0.03361031554545553]"
31,3,[-0.2674 -0.0778  0.3566  0.0191  0.2674  0.0778 -0.3566 -0.0191]
32,0,[ 0.0915  0.0101 -0.007  -0.0422 -0.0915 -0.0101  0.007   0.0422]
32,1,"[-0.1135185912856224, -0.20595513039655514, -0.1531720348902494, -0.14663726763454019, 0.1135185912856224, 0.20595513039655514, 0.1531720348902494, 0.14663726763454019]"
32,2,[ 0.0832 -0.0571 -0.043  -0.0404 -0.0832  0.0571  0.043   0.0404]
32,3,[ 0.0832 -0.0571 -0.043  -0.0404 -0.0832  0.0571  0.043   0.0404]
33,0,[ 0.3618  0.0616  0.1805 -0.1895 -0.3618 -0.0616 -0.1805  0.1895]
33,1,"[0.2463522534043154, 0.11816682896517867, -0.06429372603322252, -0.07157991583307759, -0.2463522534043154, -0.11816682896517867, 0.06429372603322252, 0.07157991583307759]"
33,2,"[0.2658277041859275, 0.08559376594230142, -0.014074655874729496, -0.11810476984012448, -0.2658277041859275, -0.08559376594230142, 0.014074655874729496, 0.11810476984012448]"
33,3,[ 0.342   0.0631  0.0881 -0.1622 -0.342  -0.0631 -0.0881  0.1622]
34,0,[ 0.27   -0.0278  0.2911  0.1499 -0.27    0.0278 -0.2911 -0.1499]
34,1,"[0.1728401609523141, -0.02341397516498981, 0.08789698547874385, 0.16102350813166633, -0.1728401609523141, 0.02341397516498981, -0.08789698547874385, -0.16102350813166633]"
34,2,"[0.12426085233989427, 0.04073236620792364, 0.14826111693092903, 0.2019249022475449, -0.12426085233989427, -0.04073236620792364, -0.14826111693092903, -0.2019249022475449]"
34,3,"[0.1352919191599743, 0.042017990696028636, 0.18637205529788461, 0.1944976559684326, -0.1352919191599743, -0.042017990696028636, -0.18637205529788461, -0.1944976559684326]"
35,0,[ 0.0587  0.0746 -0.0119  0.0789 -0.0587 -0.0746  0.0119 -0.0789]
35,1,"[0.0798554730059451, -0.0797644989521751, 0.13813256618791284, 0.0063344841952255124, -0.0798554730059451, 0.0797644989521751, -0.13813256618791284, -0.006334484195225521]"
35,2,"[0.06871540570965753, -0.09274577017215455, 0.07872144805082251, 0.06965248542718347, -0.06871540570965753, 0.09274577017215455, -0.07872144805082251, -0.06965248542718347]"
35,3,"[0.05450072841370725, -0.07915544128948969, 0.04850742185787068, 0.10848180107372052, -0.05450072841370725, 0.07915544128948969, -0.04850742185787068, -0.10848180107372052]"
36,0,[-0.2083  0.0103  0.0688  0.0289  0.2083 -0.0103 -0.0688 -0.0289]
36,1,"[-0.1678747336728277, -0.034145444478772144, 0.0076816436303426975, 0.020814341864816722, 0.1678747336728277, 0.034145444478772144, -0.0076816436303426975, -0.020814341864816722]"
36,2,"[-0.16681523829859873, -0.04795915395779556, -0.02304635195941661, 0.055820843716095865, 0.16681523829859873, 0.04795915395779556, 0.02304635195941661, -0.055820843716095865]"
36,3,"[-0.16518628401841512, -0.04673095655228223, -0.021328859623070132, 0.05137684624976209, 0.16518628401841512, 0.04673095655228223, 0.021328859623070132, -0.05137684624976209]"
37,0,[-0.1728 -0.0834  0.0168  0.129   0.1728  0.0834 -0.0168 -0.129 ]
37,1,"[-0.19424696083297355, -0.020941523166542644, -0.006171711176724374, 0.1321676024018086, 0.19424696083297355, 0.020941523166542644, 0.006171711176724374, -0.13216760240180855]"
37,2,"[-0.19424696083297355, -0.020941523166542644, -0.006171711176724374, 0.1321676024018086, 0.19424696083297355, 0.020941523166542644, 0.006171711176724374, -0.13216760240180855]"
37,3,[-0.1852 -0.0835  0.0168  0.1287  0.1852  0.0835 -0.0168 -0.1287]
38,0,[-0.0707  0.0367 -0.1028  0.1078  0.0707 -0.0367  0.1028 -0.1078]
38,1,"[0.1565343695464571, 0.2847322948916677, 0.024136908471685262, -0.11541252806935136, -0.1565343695464571, -0.2847322948916677, -0.024136908471685262, 0.11541252806935139]"
38,2,"[0.1565343695464571, 0.2847322948916677, 0.024136908471685262, -0.11541252806935136, -0.1565343695464571, -0.2847322948916677, -0.024136908471685262, 0.11541252806935139]"
38,3,[-0.044   0.0479 -0.0288  0.0949  0.044  -0.0479  0.0288 -0.0949]
0,0,[-0.305  -0.1369 -0.4924 -0.2869  0.305   0.1369  0.4924  0.2869]
0,1,"[-0.122925666329445, 0.28811061795884096, -0.5079969466476039, 0.10188914018449285, 0.122925666329445, -0.28811061795884096, 0.5079969466476039, -0.10188914018449285]"
0,2,"[-0.19177001497836252, 0.12799429323693176, -0.4985113590766487, -0.06782789883262798, 0.19177001497836252, -0.12799429323693176, 0.4985113590766487, 0.06782789883262798]"
0,3,[-0.2546 -0.0164 -0.496  -0.1946  0.2546  0.0164  0.496   0.1946]
1,0,[ 0.2315 -0.3036 -0.0281 -0.0965 -0.2315  0.3036  0.0281  0.0965]
1,1,"[0.22533397292451424, -0.2624818701885317, -0.16336578144875707, -0.0025835287621633852, -0.22533397292451424, 0.2624818701885317, 0.16336578144875707, 0.0025835287621633852]"
1,2,"[0.23018665820374723, -0.28551927871739924, -0.07490375364611146, -0.05693669870057977, -0.23018665820374723, 0.28551927871739924, 0.07490375364611146, 0.05693669870057977]"
1,3,[ 0.2307 -0.2923 -0.0563 -0.0726 -0.2307  0.2923  0.0563  0.0726]
2,0,[-0.0027  0.1748  0.5758 -0.3352  0.0027 -0.1748 -0.5758  0.3352]
2,1,"[0.028830919985905697, 0.21769879965642877, 0.2948170020321234, -0.3292179975986901, -0.028830919985905697, -0.21769879965642877, -0.2948170020321234, 0.3292179975986901]"
2,2,"[0.009660326852355468, 0.18912683668020555, 0.3930693105511506, -0.331608754482812, -0.009660326852355468, -0.18912683668020555, -0.3930693105511506, 0.331608754482812]"
2,3,[-0.0025  0.1781  0.5574 -0.3346  0.0025 -0.1781 -0.5574  0.3346]
3,0,[-0.1622 -0.0264  0.0057 -0.0355  0.1622  0.0264 -0.0057  0.0355]
3,1,"[-0.14220219057222439, 0.23947982051568312, -0.08226601803878031, -0.09329723535242744, 0.14220219057222439, -0.23947982051568312, 0.08226601803878031, 0.09329723535242744]"
3,2,"[-0.15703574550546986, 0.07481613486903724, -0.028018364956110223, -0.05477813192754297, 0.15703574550546986, -0.07481613486903724, 0.028018364956110223, 0.05477813192754297]"
3,3,[-0.1594  0.0155 -0.0103 -0.046   0.1594 -0.0155  0.0103  0.046 ]
4,0,[ 0.5136 -0.0035 -0.1038 -0.1692 -0.5136  0.0035  0.1038  0.1692]
4,1,"[0.02888719063806338, -0.1714959194935925, -0.05210929047573864, -0.2068679829137776, -0.02888719063806338, 0.1714959194935925, 0.05210929047573864, 0.2068679829137776]"
4,2,"[0.21315648135189902, -0.11072759317095054, -0.06156339640402761, -0.19186686605035647, -0.21315648135189902, 0.11072759317095054, 0.06156339640402761, 0.19186686605035647]"
4,3,[ 0.4706 -0.0283 -0.1033 -0.1762 -0.4706  0.0283  0.1033  0.1762]
5,0,[ 0.1945  0.1292 -0.2485 -0.0598 -0.1945 -0.1292  0.2485  0.0598]
5,1,"[0.1788223541957003, 0.1491637857352003, -0.511952460726396, 0.05560143173914085, -0.1788223541957003, -0.1491637857352003, 0.511952460726396, -0.05560143173914085]"
5,2,"[0.18691859872215433, 0.13862230709941697, -0.36631872477989247, -0.003929896794774575, -0.18691859872215433, -0.13862230709941697, 0.36631872477989247, 0.003929896794774575]"
5,3,[ 0.1903  0.1341 -0.3022 -0.0356 -0.1903 -0.1341  0.3022  0.0356]
6,0,[-0.0634 -0.1461  0.1034  0.2294  0.0634  0.1461 -0.1034 -0.2294]
6,1,"[-0.25977081465917157, -0.09436535002516942, -0.07921244090616317, -0.052880807827389936, 0.25977081465917157, 0.09436535002516942, 0.07921244090616317, 0.052880807827389936]"
6,2,"[-0.21066257433119856, -0.10525900255793216, -0.0451195331590096, 0.043079340543079235, 0.21066257433119856, 0.10525900255793216, 0.0451195331590096, -0.043079340543079235]"
6,3,[-0.1128 -0.1318  0.0752  0.1698  0.1128  0.1318 -0.0752 -0.1698]
7,0,[-0.2813 -0.0851  0.3206  0.0169  0.2813  0.0851 -0.3206 -0.0169]
7,1,"[-0.43749838692891485, -0.10714654093874845, 0.24390962192290735, -0.036933676953012924, 0.43749838692891485, 0.10714654093874845, -0.24390962192290735, 0.036933676953012924]"
7,2,"[-0.4250970605205942, -0.10446418801169494, 0.25699299299122064, -0.018447951368237653, 0.4250970605205942, 0.10446418801169494, -0.25699299299122064, 0.018447951368237653]"
7,3,"[-0.351473675788742, -0.09313050878909071, 0.2907136122063322, 0.00536867491992114, 0.351473675788742, 0.09313050878909071, -0.2907136122063322, -0.00536867491992114]"
8,0,[-0.134   0.1174 -0.2355  0.1752  0.134  -0.1174  0.2355 -0.1752]
8,1,"[-0.02365097773694084, 0.2702979800325089, -0.33833120941778416, 0.14457641669181936, 0.02365097773694084, -0.2702979800325089, 0.33833120941778416, -0.14457641669181936]"
8,2,"[-0.0711617853540865, 0.2147401011721129, -0.3038174148538912, 0.1651003634586857, 0.0711617853540865, -0.2147401011721129, 0.3038174148538912, -0.1651003634586857]"
8,3,[-0.1007  0.1631 -0.2622  0.1687  0.1007 -0.1631  0.2622 -0.1687]
9,0,[-0.2195  0.2548 -0.3733  0.0161  0.2195 -0.2548  0.3733 -0.0161]
9,1,"[0.07932781718621063, 0.20069428814492368, -0.41086587936824664, 0.19008681382790793, -0.07932781718621063, -0.20069428814492368, 0.41086587936824664, -0.19008681382790793]"
9,2,"[-0.04219252636361899, 0.242309224478052, -0.38916724742237424, 0.076872550043929, 0.04219252636361899, -0.242309224478052, 0.38916724742237424, -0.076872550043929]"
9,3,[-0.1184  0.2477 -0.3842  0.0516  0.1184 -0.2477  0.3842 -0.0516]
10,0,[ 0.0664 -0.1733  0.3294  0.0708 -0.0664  0.1733 -0.3294 -0.0708]
10,1,"[0.005754181965580129, 0.04581901338146998, 0.31237917835603746, 0.24752644317987804, -0.005754181965580129, -0.04581901338146998, -0.31237917835603746, -0.24752644317987804]"
10,2,"[0.05420947511673105, -0.06389293328061041, 0.32135235522206373, 0.14678053965584378, -0.05420947511673105, 0.06389293328061041, -0.32135235522206373, -0.14678053965584378]"
10,3,[ 0.0658 -0.1703  0.3275  0.0916 -0.0658  0.1703 -0.3275 -0.0916]
11,0,[-0.5446 -0.0452 -0.3211 -0.4347  0.5446  0.0452  0.3211  0.4347]
11,1,"[-0.32619746722553666, 0.1178142765337006, -0.20439985087288437, -0.4453718643399743, 0.32619746722553666, -0.1178142765337006, 0.20439985087288437, 0.4453718643399743]"
11,2,"[-0.4291202461815438, 0.04078548377971291, -0.23855944059677958, -0.43857509556518404, 0.4291202461815438, -0.04078548377971291, 0.23855944059677958, 0.43857509556518404]"
11,3,[-0.5446 -0.0452 -0.3211 -0.4347  0.5446  0.0452  0.3211  0.4347]
12,0,[-0.6352 -0.1367 -0.1619 -0.3488  0.6352  0.1367  0.1619  0.3488]
12,1,"[-0.6239909136474834, -0.1378512202099179, 0.04314573779749022, -0.3432619981242043, 0.6239909136474834, 0.1378512202099179, -0.04314573779749022, 0.3432619981242043]"
12,2,"[-0.6321005900310545, -0.13706061807665862, -0.020672246095684032, -0.34564052016566743, 0.6321005900310545, 0.13706061807665862, 0.020672246095684032, 0.34564052016566743]"
12,3,[-0.6342 -0.1369 -0.1191 -0.3476  0.6342  0.1369  0.1191  0.3476]
13,0,[-0.1655  0.2683  0.2589  0.2264  0.1655 -0.2683 -0.2589 -0.2264]
13,1,"[-0.2218017384666316, -0.09156737037171585, 0.4433013160417598, 0.26576719174467806, 0.2218017384666316, 0.09156737037171585, -0.4433013160417598, -0.26576719174467806]"
13,2,"[-0.19459674883489872, 0.09198440909625391, 0.3521195794122254, 0.2372362631428699, 0.19459674883489872, -0.09198440909625391, -0.3521195794122254, -0.2372362631428699]"
13,3,[-0.1792  0.2088  0.295   0.2327  0.1792 -0.2088 -0.295  -0.2327]
14,0,[-0.2506 -0.0378  0.165  -0.1509  0.2506  0.0378 -0.165   0.1509]
14,1,"[-0.31663936381761043, -0.030634872685971475, 0.09936598000512337, -0.047985555637682, 0.31663936381761043, 0.030634872685971475, -0.09936598000512337, 0.047985555637682]"
14,2,"[-0.2789785871065692, -0.03483548719585515, 0.12834418959937327, -0.10646186725883253, 0.2789785871065692, 0.03483548719585515, -0.12834418959937327, 0.10646186725883253]"
14,3,[-0.262  -0.0365  0.15   -0.1325  0.262   0.0365 -0.15    0.1325]
15,0,[ 0.5258  0.376  -0.1816  0.1131 -0.5258 -0.376   0.1816 -0.1131]
15,1,"[-0.15532016850079383, 0.1000295544054717, -0.2404602718910992, 0.04608548828822533, 0.15532016850079383, -0.1000295544054717, 0.2404602718910992, -0.04608548828822533]"
15,2,"[0.14762129573359153, 0.23907965365701758, -0.20526801210187517, 0.0919486443439247, -0.14762129573359153, -0.23907965365701758, 0.20526801210187517, -0.0919486443439247]"
15,3,"[0.14762129573359153, 0.23907965365701758, -0.20526801210187517, 0.0919486443439247, -0.14762129573359153, -0.23907965365701758, 0.20526801210187517, -0.0919486443439247]"
16,0,[ 0.0991  0.0236  0.2666 -0.0206 -0.0991 -0.0236 -0.2666  0.0206]
16,1,"[0.15172443983762915, -0.06587394340531531, 0.12776533336299248, -0.06542419129198752, -0.15172443983762915, 0.06587394340531531, -0.12776533336299248, 0.06542419129198752]"
16,2,"[0.11705574688474604, -0.021243293950119778, 0.23343522394640398, -0.037581693985370285, -0.11705574688474604, 0.021243293950119778, -0.23343522394640398, 0.037581693985370285]"
16,3,[ 0.1115  0.0099  0.2488 -0.0308 -0.1115 -0.0099 -0.2488  0.0308]
17,0,[ 0.0477 -0.1978 -0.2749  0.0462 -0.0477  0.1978  0.2749 -0.0462]
17,1,"[9.625460334232894e-6, -0.020881400983640563, -0.3786685771014028, 0.19850335470813826, -9.625460334232894e-6, 0.020881400983640563, 0.3786685771014028, -0.19850335470813826]"
17,2,"[0.03186278901574442, -0.11714782986200248, -0.3215937328952545, 0.12012085921325653, -0.03186278901574442, 0.11714782986200248, 0.3215937328952545, -0.12012085921325653]"
17,3,[ 0.0464 -0.1786 -0.2842  0.0536 -0.0464  0.1786  0.2842 -0.0536]
18,0,[-0.397  -0.2225  0.1698  0.2021  0.397   0.2225 -0.1698 -0.2021]
18,1,"[-0.3930547891136723, -0.20200189807818808, 0.24710273651247108, 0.15632342164843666, 0.3930547891136723, 0.20200189807818808, -0.24710273651247108, -0.15632342164843666]"
18,2,"[-0.39504421680886315, -0.21281389470213133, 0.2022666167098213, 0.18869947532246212, 0.39504421680886315, 0.21281389470213133, -0.2022666167098213, -0.18869947532246212]"
18,3,[-0.3969 -0.2186  0.1869  0.1957  0.3969  0.2186 -0.1869 -0.1957]
19,0,[ 0.081   0.4394 -0.1341  0.2994 -0.081  -0.4394  0.1341 -0.2994]
19,1,"[0.06698750174769304, 0.4382559356021578, -0.10503439620067417, 0.40522600831900774, -0.06698750174769304, -0.4382559356021578, 0.10503439620067417, -0.40522600831900774]"
19,2,"[0.07563783037154295, 0.4391797079727529, -0.11459553997366193, 0.3477583403998093, -0.07563783037154295, -0.4391797079727529, 0.11459553997366193, -0.3477583403998093]"
19,3,[ 0.0778  0.4393 -0.1264  0.3282 -0.0778 -0.4393  0.1264 -0.3282]
20,0,[-0.013  -0.6283  0.071   0.1314  0.013   0.6283 -0.071  -0.1314]
20,1,"[-0.23420503891954197, -0.46598328654271165, 0.21224102489480362, 0.13792222107859411, 0.23420503891954197, 0.46598328654271165, -0.21224102489480362, -0.13792222107859411]"
20,2,"[-0.141227689457704, -0.5645325735150133, 0.14610336600368543, 0.13445876834674775, 0.141227689457704, 0.5645325735150133, -0.14610336600368543, -0.13445876834674775]"
20,3,[-0.0637 -0.5982  0.1072  0.1327  0.0637  0.5982 -0.1072 -0.1327]
21,0,[-0.0963  0.1227 -0.0579 -0.149   0.0963 -0.1227  0.0579  0.149 ]
21,1,"[-0.1274458647189076, 0.20008297316772355, -0.045812286272717266, -0.13606019828744717, 0.1274458647189076, -0.20008297316772355, 0.045812286272717266, 0.13606019828744717]"
21,2,"[-0.12744581751316336, 0.19956014043400222, -0.04670390067068064, -0.13612993695181047, 0.12744581751316336, -0.19956014043400222, 0.04670390067068064, 0.13612993695181047]"
21,3,[-0.1055  0.1435 -0.0569 -0.1459  0.1055 -0.1435  0.0569  0.1459]
22,0,[-0.0175  0.3832 -0.4448  0.2368  0.0175 -0.3832  0.4448 -0.2368]
22,1,"[0.00960941592036986, 0.41003840899602534, -0.23093371621319325, 0.22392583045491746, -0.00960941592036986, -0.41003840899602534, 0.23093371621319325, -0.22392583045491746]"
22,2,"[-0.0013714195692443782, 0.3903339676757185, -0.29054514595642583, 0.23360116031166253, 0.0013714195692443782, -0.3903339676757185, 0.29054514595642583, -0.23360116031166253]"
22,3,[-0.0103  0.3867 -0.3935  0.2355  0.0103 -0.3867  0.3935 -0.2355]
23,0,[ 0.128   0.0456 -0.0896 -0.315  -0.128  -0.0456  0.0896  0.315 ]
23,1,"[0.24918706573316862, 0.027372628775269157, 0.13362614884869037, -0.2703666050054544, -0.24918706573316862, -0.027372628775269157, -0.13362614884869037, 0.2703666050054544]"
23,2,"[0.15696677664114211, 0.041753474810269274, -0.007171371194253318, -0.30115309220078196, -0.15696677664114211, -0.041753474810269274, 0.007171371194253318, 0.30115309220078196]"
23,3,"[0.1602357654061126, 0.04148899501478325, 0.00204323406205493, -0.2999455355588238, -0.1602357654061126, -0.04148899501478325, -0.00204323406205493, 0.2999455355588238]"
24,0,[-0.0214  0.3964  0.0833  0.188   0.0214 -0.3964 -0.0833 -0.188 ]
24,1,"[-0.3081985505156041, 0.038489153219186514, 0.2721131313509006, 0.27388009171235334, 0.3081985505156041, -0.038489153219186514, -0.2721131313509006, -0.27388009171235334]"
24,2,"[-0.22742710661759052, 0.19905389514825403, 0.23788004973700327, 0.22940438721611955, 0.22742710661759052, -0.19905389514825403, -0.23788004973700327, -0.22940438721611955]"
24,3,[-0.1455  0.2959  0.1614  0.2132  0.1455 -0.2959 -0.1614 -0.2132]
25,0,[-0.1026  0.0804 -0.051  -0.1076  0.1026 -0.0804  0.051   0.1076]
25,1,"[-0.25045625510918923, 0.033741224089637006, -0.16386151362740473, -0.1003683095131681, 0.25045625510918923, -0.033741224089637006, 0.16386151362740473, 0.1003683095131681]"
25,2,"[-0.22043238130558923, 0.035797533502942645, -0.14687553451474997, -0.11117625880843984, 0.22043238130558923, -0.035797533502942645, 0.14687553451474997, 0.11117625880843984]"
25,3,"[-0.1937007357948136, 0.03592863587020585, -0.13490931576682025, -0.11191083815577135, 0.1937007357948136, -0.03592863587020585, 0.13490931576682025, 0.11191083815577135]"
26,0,[-0.3814  0.0206  0.038  -0.1006  0.3814 -0.0206 -0.038   0.1006]
26,1,"[-0.2633811538742757, 0.17987898325881133, -0.10589023089377099, 0.011823619957514511, 0.2633811538742757, -0.17987898325881133, 0.10589023089377099, -0.011823619957514507]"
26,2,"[-0.3091046659784126, 0.15947368961517433, -0.06379396788411881, -0.08803388239940316, 0.3091046659784126, -0.15947368961517433, 0.06379396788411881, 0.08803388239940316]"
26,3,[-0.3491  0.105   0.0042 -0.1161  0.3491 -0.105  -0.0042  0.1161]
27,0,[-0.0422  0.0691 -0.0375 -0.2357  0.0422 -0.0691  0.0375  0.2357]
27,1,"[-0.23264643846480132, 0.0005655259256620314, -0.10304069818603277, -0.158325533996303, 0.2326464384648013, -0.0005655259256620085, 0.10304069818603277, 0.158325533996303]"
27,2,"[-0.21930796831297658, -0.005329331672340313, -0.08654806066155303, -0.15666120232346784, 0.21930796831297658, 0.00532933167234036, 0.08654806066155303, 0.15666120232346784]"
27,3,[-0.0396  0.0446 -0.0318 -0.221   0.0396 -0.0446  0.0318  0.221 ]
28,0,[-0.0097  0.1565  0.2552  0.1291  0.0097 -0.1565 -0.2552 -0.1291]
28,1,"[0.08731257828577112, -0.04647308883641403, 0.2217338001992819, 0.04967185040642521, -0.08731257828577106, 0.04647308883641403, -0.2217338001992819, -0.04967185040642516]"
28,2,[ 0.0137  0.1147  0.269   0.1514 -0.0137 -0.1147 -0.269  -0.1514]
28,3,"[0.03182012352609849, 0.05499961832838778, 0.2737367497648361, 0.13940158676831516, -0.03182012352609849, -0.05499961832838778, -0.2737367497648361, -0.13940158676831516]"
29,0,[-0.1318 -0.0788  0.0209 -0.1034  0.1318  0.0788 -0.0209  0.1034]
29,1,"[-0.11205049151526415, -0.19137287592072083, -0.1305500220115881, 0.14620688873987392, 0.11205049151526415, 0.19137287592072083, 0.1305500220115881, -0.14620688873987392]"
29,2,"[-0.11191310130254895, -0.18985833632324223, -0.13179229837069412, 0.1538751806702994, 0.11191310130254895, 0.18985833632324223, 0.13179229837069412, -0.1538751806702994]"
29,3,"[-0.12329877390576578, -0.18979655263998918, -0.13465882603289211, 0.15002089592592655, 0.12329877390576578, 0.18979655263998918, 0.13465882603289211, -0.15002089592592655]"
30,0,[ 0.1001 -0.1805  0.2589 -0.0575 -0.1001  0.1805 -0.2589  0.0575]
30,1,"[-0.19997368492504386, 0.035406083168318926, 0.015375178189043123, -0.2075483609750988, 0.19997368492504386, -0.035406083168318926, -0.015375178189043123, 0.2075483609750988]"
30,2,"[-0.19997368492504386, 0.035406083168318926, 0.015375178189043123, -0.2075483609750988, 0.19997368492504386, -0.035406083168318926, -0.015375178189043123, 0.2075483609750988]"
30,3,[ 0.0484 -0.1707  0.233  -0.0772 -0.0484  0.1707 -0.233   0.0772]
31,0,[ 0.1404 -0.0399  0.0535 -0.1624 -0.1404  0.0399 -0.0535  0.1624]
31,1,"[0.19893524615240166, 0.012551827209753995, 0.08473399654649097, -0.2550536109503452, -0.19893524615240166, -0.012551827209753995, -0.08473399654649097, 0.2550536109503452]"
31,2,"[0.19654127015988265, 0.016041804141062595, 0.08216349725781948, -0.26273351307840065, -0.19654127015988265, -0.016041804141062595, -0.08216349725781948, 0.26273351307840065]"
31,3,[ 0.1498 -0.0245  0.0371 -0.1879 -0.1498  0.0245 -0.0371  0.1879]
32,0,[-0.0963  0.      0.2542  0.0287  0.0963 -0.     -0.2542 -0.0287]
32,1,"[0.0006510339909007916, -0.04647031490756032, -0.0826252505746266, 0.2544794451326305, -0.0006510339909007882, 0.046470314907560366, 0.0826252505746266, -0.2544794451326305]"
32,2,"[-0.005510041895150676, 0.03092857892235095, 0.09836346346921894, 0.08682408141363755, 0.005510041895150676, -0.03092857892235095, -0.09836346346921894, -0.08682408141363755]"
32,3,"[-0.015496780005698691, 0.040144012664454616, 0.1290007912715211, 0.05844875855386723, 0.015496780005698691, -0.040144012664454616, -0.1290007912715211, -0.05844875855386723]"
33,0,[ 0.0286 -0.0535  0.1767  0.2504 -0.0286  0.0535 -0.1767 -0.2504]
33,1,"[0.251505200387401, -0.296168449032131, -0.17909396446086845, 0.09052845913716187, -0.251505200387401, 0.296168449032131, 0.17909396446086845, -0.09052845913716187]"
33,2,"[0.1419099400975471, -0.19614363198099555, -0.12377438309300373, 0.10522605609287812, -0.1419099400975471, 0.19614363198099555, 0.12377438309300373, -0.10522605609287812]"
33,3,[ 0.083  -0.1162 -0.0605  0.1458 -0.083   0.1162  0.0605 -0.1458]
34,0,[ 0.2599  0.2665  0.1332  0.1601 -0.2599 -0.2665 -0.1332 -0.1601]
34,1,"[0.3506650018234979, 0.40138582311676485, 0.003713860708193358, 0.2277623786842259, -0.3506650018234979, -0.40138582311676485, -0.003713860708193359, -0.2277623786842259]"
34,2,"[0.30447782748827695, 0.36149157616363553, -0.01501074290938837, 0.14078583535120187, -0.30447782748827695, -0.36149157616363553, 0.01501074290938837, -0.14078583535120187]"
34,3,[ 0.2697  0.3113  0.0186  0.1258 -0.2697 -0.3113 -0.0186 -0.1258]
35,0,[-0.2083  0.0405 -0.1028  0.1745  0.2083 -0.0405  0.1028 -0.1745]
35,1,"[-0.18132155933186708, -0.09272191532288372, -0.09638080833131192, 0.09731534405701646, 0.18132155933186708, 0.09272191532288372, 0.09638080833131192, -0.09731534405701647]"
35,2,"[-0.1752903440192876, -0.08882845659301396, -0.08316136934853528, 0.10122207352944332, 0.1752903440192876, 0.08882845659301393, 0.08316136934853528, -0.10122207352944332]"
35,3,[-0.2088 -0.0014 -0.1019  0.1409  0.2088  0.0014  0.1019 -0.1409]
36,0,[-0.004   0.0167  0.0455  0.0073  0.004  -0.0167 -0.0455 -0.0073]
36,1,"[-0.06545621454100595, 0.042026679757658614, -0.04534752311551688, -0.1332301629921402, 0.06545621454100595, -0.042026679757658614, 0.04534752311551688, 0.1332301629921402]"
36,2,[-0.0103  0.0169 -0.0068 -0.0791  0.0103 -0.0169  0.0068  0.0791]
36,3,"[-0.07481700666937428, 0.02740400837262771, -0.06989726803101518, -0.13887312926956394, 0.07481700666937428, -0.02740400837262771, 0.06989726803101518, 0.13887312926956394]"
37,0,[-0.0236 -0.0364 -0.202  -0.0159  0.0236  0.0364  0.202   0.0159]
37,1,"[0.062391371880862925, -0.05357188255152831, 0.10890539120475883, 0.15529643007561478, -0.062391371880862925, 0.05357188255152831, -0.10890539120475881, -0.15529643007561478]"
37,2,"[0.0266577851431142, -0.08667321406987054, 0.0713477548562518, 0.15001611539630172, -0.026657785143114197, 0.08667321406987054, -0.0713477548562518, -0.15001611539630172]"
37,3,"[-0.011260607159385077, -0.10610597826942166, 0.04044140771614055, 0.1409042062142079, 0.011260607159385077, 0.10610597826942166, -0.04044140771614055, -0.1409042062142079]"
38,0,[-0.0525 -0.0682  0.219   0.2565  0.0525  0.0682 -0.219  -0.2565]
38,1,"[0.01109529093692983, 0.14784487113147662, 0.2634426565899192, 0.07755181002928489, -0.01109529093692982, -0.14784487113147662, -0.2634426565899192, -0.07755181002928489]"
38,2,[-0.0444 -0.0123  0.2095  0.2565  0.0444  0.0123 -0.2095 -0.2565]
38,3,"[0.006565959552486405, 0.13708114257102794, 0.22581892820257848, 0.13108351094811083, -0.0065659595524864, -0.13708114257102794, -0.22581892820257848, -0.13108351094811083]"
