0,0,35.0,0.487708860728143
0,0,17.0,0.3356729849765428
0,0,27.0,0.26404726240375576
0,0,77.0,0.20228885740110866
0,1,35.0,0.4094547903157574
0,1,17.0,0.4139270553889285
0,1,27.0,0.3423013328161414
0,1,77.0,0.2805429278134943
0,2,35.0,0.447898248518473
0,2,17.0,0.3754835971862128
0,2,27.0,0.3038578746134258
0,2,77.0,0.2420994696107787
0,3,35.0,0.4744352043779213
0,3,17.0,0.3489466413267645
0,3,27.0,0.27732091875397746
0,3,77.0,0.2155625137513304
1,0,57.0,0.11623286443866696
1,0,18.0,0.342809775046396
1,0,40.0,0.3375655573998049
1,0,85.0,0.16187891589382458
1,1,57.0,0.02385000489050676
1,1,18.0,0.25042691549823576
1,1,40.0,0.24518269785164476
1,1,85.0,0.0694960563456644
1,2,57.0,0.03868413973437643
1,2,18.0,0.26526105034210545
1,2,40.0,0.2600168326955144
1,2,85.0,0.08433019118953407
1,3,57.0,0.08607785560606077
1,3,18.0,0.3126547662137898
1,3,40.0,0.30741054856719874
1,3,85.0,0.1317239070612184
2,0,29.0,0.1829220714269956
2,0,30.0,0.16086792078972548
2,0,47.0,0.5563119961951226
2,0,69.0,0.2709051411458951
2,1,29.0,0.011912988258226204
2,1,30.0,0.3557029804749473
2,1,47.0,0.7511470558803445
2,1,69.0,0.07607008146067329
2,2,29.0,0.02540390946458143
2,2,30.0,0.31838608275213964
2,2,47.0,0.7138301581575368
2,2,69.0,0.11338697918348092
2,3,29.0,0.1578923368822162
2,3,30.0,0.18589765533450486
2,3,47.0,0.581341730739902
2,3,69.0,0.2458754066011157
3,0,89.0,0.32013476763271753
3,0,86.0,0.44280337341475473
3,0,48.0,0.1226323760177147
3,0,84.0,0.9719003204267646
3,1,89.0,0.10341562230797766
3,1,86.0,0.22608422809001488
3,1,48.0,0.33935152134245455
3,1,84.0,0.7551811751020248
3,2,89.0,0.11512568354260119
3,2,86.0,0.23779428932463842
3,2,48.0,0.327641460107831
3,2,84.0,0.7668912363366482
3,3,89.0,0.26239306389296124
3,3,86.0,0.38506166967499844
3,3,48.0,0.180374079757471
3,3,84.0,0.9141586166870083
4,0,38.0,0.11860618787524634
4,0,64.0,0.04918168203585932
4,0,78.0,0.004967382781332658
4,0,72.0,0.25606955798518793
4,1,38.0,0.0769689099863279
4,1,64.0,0.007544404146940881
4,1,78.0,0.03666989510758578
4,1,72.0,0.21443228009626952
4,2,38.0,0.1014636309925965
4,2,64.0,0.03203912515320948
4,2,78.0,0.01217517410131718
4,2,72.0,0.23892700110253812
4,3,38.0,0.11543954104802259
4,3,64.0,0.04601503520863558
4,3,78.0,0.0018007359541089146
4,3,72.0,0.2529029111579642
5,0,87.0,0.0771464833888416
5,0,34.0,0.602018908152217
5,0,39.0,0.2811638045127957
5,0,53.0,0.20515741892763836
5,1,87.0,0.0008675039255391093
5,1,34.0,0.5257399286889146
5,1,39.0,0.20488482504949324
5,1,53.0,0.1288784394643359
5,2,87.0,0.028387592397311548
5,2,34.0,0.553260017160687
5,2,39.0,0.2324049135212657
5,2,53.0,0.1563985279361083
5,3,87.0,0.05825432308396848
5,3,34.0,0.583126747847344
5,3,39.0,0.2622716442079226
5,3,53.0,0.18626525862276525
6,0,43.0,0.36603013349032004
6,0,46.0,0.007805925478107448
6,0,70.0,0.4863339023043199
6,0,4.0,0.2955392355615235
6,1,43.0,0.26781023030782325
6,1,46.0,0.09041397770438932
6,1,70.0,0.3881139991218231
6,1,4.0,0.19731933237902674
6,2,43.0,0.32699617517091484
6,2,46.0,0.031228032841297784
6,2,70.0,0.4472999439849147
6,2,4.0,0.25650527724211825
6,3,43.0,0.33983620243691415
6,3,46.0,0.018388005575298447
6,3,70.0,0.460139971250914
6,3,4.0,0.2693453045081176
7,0,63.0,0.04839633991795911
7,0,19.0,0.5432943278808136
7,0,65.0,0.14053258668581353
7,0,3.0,0.63245263891141
7,1,63.0,0.1773004757347864
7,1,19.0,0.6721984636976409
7,1,65.0,0.26943672250264084
7,1,3.0,0.7613567747282373
7,2,63.0,0.1277908806613226
7,2,19.0,0.6226888686241772
7,2,65.0,0.21992712742917703
7,2,3.0,0.7118471796547735
7,3,63.0,0.0823902702317651
7,3,19.0,0.5772882581946196
7,3,65.0,0.17452651699961952
7,3,3.0,0.666446569225216
8,0,32.0,0.2273146385932418
8,0,28.0,0.16900525265042105
8,0,41.0,0.11446442608265041
8,0,88.0,0.06745984733496557
8,1,32.0,0.18969981997721772
8,1,28.0,0.13139043403439696
8,1,41.0,0.07684960746662632
8,1,88.0,0.10507466595098966
8,2,32.0,0.21294416367701025
8,2,28.0,0.1546347777341895
8,2,41.0,0.10009395116641885
8,2,88.0,0.08183032225119713
8,3,32.0,0.21723866519899077
8,3,28.0,0.15892927925617
8,3,41.0,0.10438845268839937
8,3,88.0,0.07753582072921661
9,0,15.0,0.349678162158553
9,0,52.0,0.1797696926896431
9,0,10.0,0.2090373077819042
9,0,33.0,0.33758470924018
9,1,15.0,0.327164350949629
9,1,52.0,0.20228350389856714
9,1,10.0,0.18652349657298017
9,1,33.0,0.36009852044910406
9,2,15.0,0.3259741892442204
9,2,52.0,0.20347366560397567
9,2,10.0,0.18533333486757161
9,2,33.0,0.3612886821545126
9,3,15.0,0.349678162158553
9,3,52.0,0.1797696926896431
9,3,10.0,0.2090373077819042
9,3,33.0,0.33758470924018
10,0,22.0,0.07581403186158912
10,0,99.0,0.25726843611390193
10,0,58.0,0.059168171703176536
10,0,55.0,0.12752953072364134
10,1,22.0,0.17698797186205917
10,1,99.0,0.358442376114372
10,1,58.0,0.04200576829729352
10,1,55.0,0.026355590723171285
10,2,22.0,0.17143759261222463
10,2,99.0,0.3528919968645374
10,2,58.0,0.036455389047458986
10,2,55.0,0.03190596997300582
10,3,22.0,0.10382892660431538
10,3,99.0,0.28528333085662816
10,3,58.0,0.031153276960450282
10,3,55.0,0.09951463598091509
11,0,82.0,0.09182972173845175
11,0,42.0,0.050108041428949056
11,0,81.0,0.05274793103258736
11,0,96.0,0.017972021708742174
11,1,82.0,0.0500052368786557
11,1,42.0,0.008283556569153007
11,1,81.0,0.09457241589238341
11,1,96.0,0.023852463151053875
11,2,82.0,0.07197335866031337
11,2,42.0,0.03025167835081069
11,2,81.0,0.07260429411072572
11,2,96.0,0.001884341369396192
11,3,82.0,0.09263525007175778
11,3,42.0,0.05091356976225509
11,3,81.0,0.051942402699281326
11,3,96.0,0.01877755004204821
12,0,59.0,0.427113886301022
12,0,68.0,0.38174066187706296
12,0,25.0,0.08257149989106732
12,0,44.0,0.36313511655362596
12,1,59.0,0.3402878439121037
12,1,68.0,0.46856670426598124
12,1,25.0,0.1693975422799856
12,1,44.0,0.2763090741647077
12,2,59.0,0.37764393261841966
12,2,68.0,0.4312106155596652
12,2,25.0,0.13204145357366961
12,2,44.0,0.31366516287102364
12,3,59.0,0.42200927753229756
12,3,68.0,0.38684527064578733
12,3,25.0,0.0876761086597917
12,3,44.0,0.3580305077849016
13,0,12.0,0.16093456849796967
13,0,23.0,0.463507629467929
13,0,21.0,0.05137936058181808
13,0,26.0,0.18978741107360897
13,1,12.0,0.2544537350668325
13,1,23.0,0.5570267960367918
13,1,21.0,0.1448985271506809
13,1,26.0,0.2833065776424718
13,2,12.0,0.20556145162533784
13,2,23.0,0.5081345125952972
13,2,21.0,0.09600624370918628
13,2,26.0,0.23441429420097717
13,3,12.0,0.1753446202672579
13,3,23.0,0.4779176812372173
13,3,21.0,0.06578941235110632
13,3,26.0,0.2041974628428972
14,0,37.0,0.14453796649143996
14,0,13.0,0.45099594499355766
14,0,14.0,0.4684212973656403
14,0,56.0,0.2805815632669399
14,1,37.0,0.3625368223354377
14,1,13.0,0.2329970891495599
14,1,14.0,0.25042244152164256
14,1,56.0,0.06258270742294214
14,2,37.0,0.2565080053981954
14,2,13.0,0.33902590608680216
14,2,14.0,0.3564512584588848
14,2,56.0,0.16861152436018445
14,3,37.0,0.15476188218465917
14,3,13.0,0.44077202930033843
14,3,14.0,0.4581973816724211
14,3,56.0,0.27035764757372066
15,0,67.0,0.1216579208609893
15,0,8.0,0.6769646972354371
15,0,36.0,0.05685295149214274
15,0,73.0,0.2401891928666168
15,1,67.0,0.1037833468492436
15,1,8.0,0.6590901232236913
15,1,36.0,0.03897837748039705
15,1,73.0,0.2580637668783625
15,2,67.0,0.10120494293099118
15,2,8.0,0.656511719305439
15,2,36.0,0.036399973562144625
15,2,73.0,0.26064217079661495
15,3,67.0,0.1216579208609893
15,3,8.0,0.6769646972354371
15,3,36.0,0.05685295149214274
15,3,73.0,0.2401891928666168
16,0,6.0,0.28285285219138057
16,0,0.0,0.16990403466969597
16,0,80.0,0.09461824523863602
16,0,61.0,0.5684064397426428
16,1,6.0,0.20998472656827727
16,1,0.0,0.09703590904659272
16,1,80.0,0.021750119615532755
16,1,61.0,0.6412745653657461
16,2,6.0,0.255525772975474
16,2,0.0,0.14257695545378946
16,2,80.0,0.0672911660227295
16,2,61.0,0.5957335189585493
16,3,6.0,0.27880273608982264
16,3,0.0,0.16585391856813808
16,3,80.0,0.09056812913707812
16,3,61.0,0.5724565558442007
17,0,83.0,0.024905075436179036
17,0,74.0,0.24820230594043763
17,0,16.0,0.41304796701593655
17,0,54.0,0.4450041498794972
17,1,83.0,0.1388065056668879
17,1,74.0,0.08449072483737068
17,1,16.0,0.2493363859128696
17,1,54.0,0.2812925687764303
17,2,83.0,0.10147479973854422
17,2,74.0,0.12182243076571436
17,2,16.0,0.2866680918412133
17,2,54.0,0.31862427470477395
17,3,83.0,0.019277952524209635
17,3,74.0,0.24257518302846823
17,3,16.0,0.4074208441039672
17,3,54.0,0.4393770269675278
18,0,76.0,0.20820195378497458
18,0,75.0,0.17878985190320618
18,0,97.0,0.06802154757702669
18,0,45.0,0.06923550791242922
18,1,76.0,0.21176892071317344
18,1,75.0,0.18235681883140503
18,1,97.0,0.06445458064882782
18,1,45.0,0.07280247484062809
18,2,76.0,0.20547133578708204
18,2,75.0,0.17605923390531364
18,2,97.0,0.07075216557491923
18,2,45.0,0.06650488991453668
18,3,76.0,0.20556913102177155
18,3,75.0,0.17615702914000314
18,3,97.0,0.07065437034022973
18,3,45.0,0.06660268514922618
19,0,1.0,0.28963907921410853
19,0,31.0,0.5062659693290815
19,0,5.0,0.3192918254390983
19,0,93.0,0.41223447236085065
19,1,1.0,0.33899178356936804
19,1,31.0,0.555618673684341
19,1,5.0,0.3686445297943578
19,1,93.0,0.46158717671611016
19,2,1.0,0.3142495788347324
19,2,31.0,0.5308764689497054
19,2,5.0,0.3439023250597222
19,2,93.0,0.43684497198147454
19,3,1.0,0.29370729737526485
19,3,31.0,0.5103341874902378
19,3,5.0,0.3233600436002546
19,3,93.0,0.41630269052200697
20,0,91.0,0.5163644469215255
20,0,60.0,0.14837267634996876
20,0,51.0,0.37109339656699736
20,0,50.0,0.07378727321388215
20,1,91.0,0.457931114359435
20,1,60.0,0.08993934378787824
20,1,51.0,0.3126600640049068
20,1,50.0,0.1322206057759727
20,2,91.0,0.4984840449229284
20,2,60.0,0.13049227435137162
20,2,51.0,0.3532129945684002
20,2,50.0,0.09166767521247932
20,3,91.0,0.5121698139839871
20,3,60.0,0.1441780434124303
20,3,51.0,0.3668987636294589
20,3,50.0,0.07798190615142062
21,0,24.0,0.39294357148314224
21,0,71.0,0.3097410297673854
21,0,49.0,0.23255315099598456
21,0,92.0,0.1321490543162319
21,1,24.0,0.39130597626889124
21,1,71.0,0.3081034345531344
21,1,49.0,0.23091555578173356
21,1,92.0,0.1305114591019809
21,2,24.0,0.3931088599484911
21,2,71.0,0.3099063182327342
21,2,49.0,0.23271843946133342
21,2,92.0,0.13231434278158075
21,3,24.0,0.3925822171142753
21,3,71.0,0.3093796753985184
21,3,49.0,0.23219179662711764
21,3,92.0,0.13178769994736497
22,0,62.0,0.31578958705572235
22,0,2.0,0.17536238532779264
22,0,20.0,0.19369553488250613
22,0,79.0,0.03873107011470561
22,1,62.0,0.17737202385811657
22,1,2.0,0.03694482213018682
22,1,20.0,0.3321130980801119
22,1,79.0,0.1771486333123114
22,2,62.0,0.22143231649950335
22,2,2.0,0.08100511477157359
22,2,20.0,0.28805280543872513
22,2,79.0,0.13308834067092465
22,3,62.0,0.30629309367071156
22,3,2.0,0.16586589194278178
22,3,20.0,0.20319202826751695
22,3,79.0,0.048227563499716436
23,0,90.0,0.14082027449508272
23,0,94.0,0.13666686038267956
23,0,98.0,0.32841625888056525
23,0,95.0,0.3320269869345903
23,1,90.0,0.0089271379379007
23,1,94.0,0.2685599969398616
23,1,98.0,0.1965231223233832
23,1,95.0,0.20013385037740833
23,2,90.0,0.07148613149414745
23,2,94.0,0.20600100338361482
23,2,98.0,0.2590821158796299
23,2,95.0,0.26269284393365505
23,3,90.0,0.043267279255864446
23,3,94.0,0.23421985562189784
23,3,98.0,0.23086326364134693
23,3,95.0,0.23447399169537206
24,0,7.0,0.4411020647126824
24,0,9.0,0.043849603403117624
24,0,66.0,0.33650223414111613
24,0,11.0,0.14129985087521763
24,1,7.0,0.2132668709391421
24,1,9.0,0.2716847971766579
24,1,66.0,0.10866704036757585
24,1,11.0,0.08653534289832265
24,2,7.0,0.2633069107992456
24,2,9.0,0.22164475731655436
24,2,66.0,0.15870708022767938
24,2,11.0,0.03649530303821913
24,3,7.0,0.39253319813321674
24,3,9.0,0.09241846998258324
24,3,66.0,0.2879333675616505
24,3,11.0,0.092730984295752
25,0,30.0,0.5562458415847833
25,0,89.0,0.055193439239389394
25,0,78.0,0.3156576328545998
25,0,65.0,0.23232625065054752
25,0,7.0,0.15272323284947428
25,0,49.0,0.21613821760091176
25,0,97.0,0.01921478657434445
25,0,95.0,0.05580957104412844
25,0,72.0,0.21044206814274588
25,0,28.0,0.05015003251490632
25,1,30.0,0.6112125071928839
25,1,89.0,0.11016010484748989
25,1,78.0,0.2606909672464993
25,1,65.0,0.17735958504244703
25,1,7.0,0.09775656724137378
25,1,49.0,0.16117155199281125
25,1,97.0,0.03575187903375605
25,1,95.0,0.11077623665222894
25,1,72.0,0.2654087337508464
25,1,28.0,0.004816633093194175
25,2,30.0,0.5546101407426728
25,2,89.0,0.053557738397278815
25,2,78.0,0.31729333369671037
25,2,65.0,0.23396195149265808
25,2,7.0,0.15435893369158485
25,2,49.0,0.21777391844302232
25,2,97.0,0.020850487416455024
25,2,95.0,0.05417387020201787
25,2,72.0,0.20880636730063531
25,2,28.0,0.051785733357016896
25,3,30.0,0.5517264585190634
25,3,89.0,0.050674056173669504
25,3,78.0,0.32017701592031966
25,3,65.0,0.2368456337162674
25,3,7.0,0.15724261591519417
25,3,49.0,0.22065760066663165
25,3,97.0,0.023734169640064334
25,3,95.0,0.05129018797840856
25,3,72.0,0.205922685077026
25,3,28.0,0.054669415580626206
26,0,60.0,0.03617425734177407
26,0,45.0,0.20647229679694107
26,0,17.0,0.14067426624920792
26,0,40.0,0.08154995960436473
26,0,91.0,0.18698333400495964
26,0,37.0,0.2034752115473551
26,0,68.0,0.37719240042650604
26,0,52.0,0.27554072061080653
26,0,33.0,0.052180016876300556
26,0,34.0,0.2875198726203453
26,1,60.0,0.07014266180780537
26,1,45.0,0.1725038923309098
26,1,17.0,0.17464267071523923
26,1,40.0,0.11551836407039603
26,1,91.0,0.22095173847099095
26,1,37.0,0.2374436160133864
26,1,68.0,0.41116080489253737
26,1,52.0,0.3095091250768378
26,1,33.0,0.08614842134233186
26,1,34.0,0.253551468154314
26,2,60.0,0.06742907457981784
26,2,45.0,0.17521747955889733
26,2,17.0,0.1719290834872517
26,2,40.0,0.1128047768424085
26,2,91.0,0.21823815124300341
26,2,37.0,0.23473002878539886
26,2,68.0,0.40844721766454983
26,2,52.0,0.3067955378488503
26,2,33.0,0.08343483411434433
26,2,34.0,0.25626505538230154
26,3,60.0,0.05289184229689141
26,3,45.0,0.18975471184182374
26,3,17.0,0.15739185120432525
26,3,40.0,0.09826754455948207
26,3,91.0,0.20370091896007697
26,3,37.0,0.22019279650247242
26,3,68.0,0.39390998538162336
26,3,52.0,0.29225830556592386
26,3,33.0,0.0688976018314179
26,3,34.0,0.27080228766522796
27,0,81.0,0.3948303191266409
27,0,29.0,0.088750246639545
27,0,43.0,0.03904004054620937
27,0,27.0,0.19905017744867762
27,0,79.0,0.05153765007473672
27,0,87.0,0.5577168826229671
27,0,74.0,0.10114893351633883
27,0,21.0,0.21795517629953684
27,0,38.0,0.014260433298134648
27,0,92.0,0.0842696451875137
27,1,81.0,0.2500010308570933
27,1,29.0,0.2335795349090926
27,1,43.0,0.183869328815757
27,1,27.0,0.34387946571822525
27,1,79.0,0.0932916381948109
27,1,87.0,0.7025461708925148
27,1,74.0,0.24597822178588644
27,1,21.0,0.07312588802998923
27,1,38.0,0.13056885497141296
27,1,92.0,0.22909893345706134
27,2,81.0,0.36160733390992045
27,2,29.0,0.12197323185626549
27,2,43.0,0.07226302576292984
27,2,27.0,0.2322731626653981
27,2,79.0,0.018314664858016243
27,2,87.0,0.5909398678396877
27,2,74.0,0.13437191873305931
27,2,21.0,0.18473219108281635
27,2,38.0,0.01896255191858583
27,2,92.0,0.11749263040423419
27,3,81.0,0.3838151141215058
27,3,29.0,0.09976545164468008
27,3,43.0,0.050055245551344434
27,3,27.0,0.21006538245381268
27,3,79.0,0.040522445069601655
27,3,87.0,0.5687320876281022
27,3,74.0,0.11216413852147389
27,3,21.0,0.20693997129440178
27,3,38.0,0.0032452282929995814
27,3,92.0,0.09528485019264878
28,0,24.0,0.25823228535318465
28,0,3.0,0.41367776455349353
28,0,54.0,0.5267972991722248
28,0,5.0,0.5385030593016884
28,0,98.0,0.2847692793795166
28,0,13.0,0.2184216349436715
28,0,2.0,0.08492157133779281
28,0,35.0,0.09002703231031
28,0,51.0,0.07619969626007433
28,0,16.0,0.3935195229669286
28,1,24.0,0.2667756154523431
28,1,3.0,0.422221094652652
28,1,54.0,0.5353406292713833
28,1,5.0,0.5470463894008469
28,1,98.0,0.2933126094786751
28,1,13.0,0.22696496504282995
28,1,2.0,0.09346490143695126
28,1,35.0,0.08148370221115156
28,1,51.0,0.06765636616091589
28,1,16.0,0.402062853066087
28,2,24.0,0.33673321462692596
28,2,3.0,0.49217869382723484
28,2,54.0,0.6052982284459661
28,2,5.0,0.6170039885754297
28,2,98.0,0.36327020865325793
28,2,13.0,0.2969225642174128
28,2,2.0,0.16342250061153413
28,2,35.0,0.011526103036568702
28,2,51.0,0.00230123301366697
28,2,16.0,0.4720204522406699
28,3,24.0,0.2991142557248283
28,3,3.0,0.45455973492513724
28,3,54.0,0.5676792695438685
28,3,5.0,0.5793850296733322
28,3,98.0,0.32565124975116033
28,3,13.0,0.2593036053153152
28,3,2.0,0.12580354170943647
28,3,35.0,0.04914506193866633
28,3,51.0,0.03531772588843066
28,3,16.0,0.43440149333857225
29,0,67.0,0.019126045414924575
29,0,64.0,0.3207333072568901
29,0,90.0,0.07461236950675557
29,0,36.0,0.10891879218469513
29,0,0.0,0.48506132834778093
29,0,47.0,0.20528388193781924
29,0,48.0,0.2456822309947796
29,0,19.0,0.2820770638367346
29,0,83.0,0.049981354888139984
29,0,12.0,0.009252416992338974
29,1,67.0,0.1069387818284778
29,1,64.0,0.19466848001348774
29,1,90.0,0.20067719675015794
29,1,36.0,0.017146035058707224
29,1,0.0,0.3589965011043786
29,1,47.0,0.07921905469441687
29,1,48.0,0.37174705823818194
29,1,19.0,0.15601223659333224
29,1,83.0,0.17604618213154236
29,1,12.0,0.13531724423574135
29,2,67.0,0.002929908359805805
29,2,64.0,0.30453717020177135
29,2,90.0,0.09080850656187434
29,2,36.0,0.09272265512957636
29,2,0.0,0.46886519129266213
29,2,47.0,0.18908774488270047
29,2,48.0,0.2618783680498984
29,2,19.0,0.26588092678161585
29,2,83.0,0.06617749194325875
29,2,12.0,0.025448554047457744
29,3,67.0,0.008445141102631393
29,3,64.0,0.3100524029445969
29,3,90.0,0.08529327381904875
29,3,36.0,0.09823788787240195
29,3,0.0,0.47438042403548775
29,3,47.0,0.19460297762552606
29,3,48.0,0.2563631353070728
29,3,19.0,0.2713961595244414
29,3,83.0,0.060662259200433166
29,3,12.0,0.019933321304632157
30,0,70.0,0.3299425446652967
30,0,93.0,0.5934741068979548
30,0,56.0,0.31146358905165594
30,0,32.0,0.4444223032572746
30,0,94.0,0.14296828353980812
30,0,85.0,0.34161131624574137
30,0,11.0,0.11667856607111099
30,0,61.0,0.41911239692554303
30,0,53.0,0.26641301581802235
30,0,10.0,0.40945421421108086
30,1,70.0,0.1608154351529297
30,1,93.0,0.4243469973855878
30,1,56.0,0.1423364795392889
30,1,32.0,0.2752951937449076
30,1,94.0,0.026158825972558905
30,1,85.0,0.1724842067333744
30,1,11.0,0.285805675583478
30,1,61.0,0.24998528741317605
30,1,53.0,0.09728590630565534
30,1,10.0,0.24032710469871385
30,2,70.0,0.28266544038748365
30,2,93.0,0.5461970026201417
30,2,56.0,0.2641864847738428
30,2,32.0,0.3971451989794615
30,2,94.0,0.09569117926199501
30,2,85.0,0.2943342119679283
30,2,11.0,0.16395567034892408
30,2,61.0,0.37183529264772996
30,2,53.0,0.21913591154020925
30,2,10.0,0.3621771099332678
30,3,70.0,0.33019496974884066
30,3,93.0,0.5937265319814988
30,3,56.0,0.3117160141351999
30,3,32.0,0.44467472834081856
30,3,94.0,0.14322070862335207
30,3,85.0,0.3418637413292854
30,3,11.0,0.11642614098756701
30,3,61.0,0.41936482200908703
30,3,53.0,0.26666544090156635
30,3,10.0,0.4097066392946248
31,0,75.0,0.43866991578503556
31,0,59.0,0.6357909734154246
31,0,82.0,0.5629122146041035
31,0,8.0,0.5706101834575775
31,0,55.0,0.3809536205735623
31,0,84.0,0.6315500552708717
31,0,6.0,0.24021909930323027
31,0,66.0,0.4776905148122934
31,0,41.0,0.028913089660321967
31,0,69.0,0.5713517556527576
31,1,75.0,0.30453081877021343
31,1,59.0,0.5016518764006024
31,1,82.0,0.4287731175892814
31,1,8.0,0.43647108644275534
31,1,55.0,0.24681452355874017
31,1,84.0,0.49741095825604964
31,1,6.0,0.10608000228840814
31,1,66.0,0.3435514177974712
31,1,41.0,0.10522600735450016
31,1,69.0,0.43721265863793546
31,2,75.0,0.3419415002798703
31,2,59.0,0.5390625579102593
31,2,82.0,0.46618379909893826
31,2,8.0,0.4738817679524122
31,2,55.0,0.28422520506839705
31,2,84.0,0.5348216397657065
31,2,6.0,0.143490683798065
31,2,66.0,0.3809620993071281
31,2,41.0,0.06781532584484329
31,2,69.0,0.47462334014759233
31,3,75.0,0.3298898080643899
31,3,59.0,0.5270108656947788
31,3,82.0,0.45413210688345784
31,3,8.0,0.4618300757369318
31,3,55.0,0.27217351285291663
31,3,84.0,0.5227699475502261
31,3,6.0,0.1314389915825846
31,3,66.0,0.3689104070916477
31,3,41.0,0.0798670180603237
31,3,69.0,0.4625716479321119
32,0,18.0,0.26796813350138404
32,0,15.0,0.05636662443423693
32,0,99.0,0.09859361140978062
32,0,50.0,0.26167726560322785
32,0,9.0,0.37396307964212605
32,0,31.0,0.09958872126091994
32,0,23.0,0.3917817011079495
32,0,77.0,0.3477242428169503
32,0,96.0,0.14058087230481733
32,0,20.0,0.22040805792655882
32,1,18.0,0.2516251449268434
32,1,15.0,0.04002363585969628
32,1,99.0,0.11493659998432126
32,1,50.0,0.24533427702868718
32,1,9.0,0.3576200910675854
32,1,31.0,0.11593170983546058
32,1,23.0,0.3754387125334089
32,1,77.0,0.36406723139149094
32,1,96.0,0.12423788373027668
32,1,20.0,0.20406506935201818
32,2,18.0,0.32343126568215386
32,2,15.0,0.11182975661500671
32,2,99.0,0.04313047922901084
32,2,50.0,0.3171403977839976
32,2,9.0,0.42942621182289586
32,2,31.0,0.04412558908015016
32,2,23.0,0.44724483328871933
32,2,77.0,0.29226111063618054
32,2,96.0,0.19604400448558712
32,2,20.0,0.27587119010732863
32,3,18.0,0.31102861997708386
32,3,15.0,0.09942711090993672
32,3,99.0,0.05553312493408083
32,3,50.0,0.3047377520789276
32,3,9.0,0.4170235661178259
32,3,31.0,0.05652823478522015
32,3,23.0,0.43484218758364934
32,3,77.0,0.30466375634125054
32,3,96.0,0.18364135878051713
32,3,20.0,0.26346854440225864
33,0,46.0,0.25068147269832053
33,0,71.0,0.012376121532112067
33,0,4.0,0.14888880103393487
33,0,1.0,0.02793605413294012
33,0,62.0,0.5891316923274386
33,0,88.0,0.2553624942771725
33,0,58.0,0.03956799007713731
33,0,63.0,0.23775763345349626
33,0,73.0,0.007202215414579799
33,0,86.0,0.4217784767140475
33,1,46.0,0.3890972085375094
33,1,71.0,0.1260396143070768
33,1,4.0,0.010473065194746
33,1,1.0,0.166351789972129
33,1,62.0,0.7275474281666274
33,1,88.0,0.11694675843798363
33,1,58.0,0.17798372591632616
33,1,63.0,0.37617336929268513
33,1,73.0,0.13121352042460907
33,1,86.0,0.28336274087485863
33,2,46.0,0.25646013055800465
33,2,71.0,0.006597463672427972
33,2,4.0,0.14311014317425078
33,2,1.0,0.03371471199262421
33,2,62.0,0.5949103501871227
33,2,88.0,0.2495838364174884
33,2,58.0,0.0453466479368214
33,2,63.0,0.24353629131318036
33,2,73.0,0.0014235575548957047
33,2,86.0,0.41599981885436343
33,3,46.0,0.24636578635464015
33,3,71.0,0.01669180787579244
33,3,4.0,0.15320448737761524
33,3,1.0,0.023620367789259744
33,3,62.0,0.5848160059837583
33,3,88.0,0.2596781806208529
33,3,58.0,0.03525230373345693
33,3,63.0,0.2334419471098159
33,3,73.0,0.011517901758260174
33,3,86.0,0.42609416305772785
34,0,25.0,0.33848518711093384
34,0,39.0,0.1039676997553133
34,0,22.0,0.14715886598308503
34,0,26.0,0.04619776692287386
34,0,76.0,0.34449782591307676
34,0,44.0,0.20635607862011712
34,0,42.0,0.46031405275676596
34,0,14.0,0.004612610224744847
34,0,80.0,0.042035992805402836
34,0,57.0,0.07712054773748259
34,1,25.0,0.2578478634737173
34,1,39.0,0.18460502339252982
34,1,22.0,0.0665215423458685
34,1,26.0,0.1268350905600904
34,1,76.0,0.2638605022758602
34,1,44.0,0.28699340225733366
34,1,42.0,0.3796767291195494
34,1,14.0,0.07602471341247169
34,1,80.0,0.12267331644261936
34,1,57.0,0.0035167758997339538
34,2,25.0,0.28623867970849026
34,2,39.0,0.1562142071577569
34,2,22.0,0.09491235858064144
34,2,26.0,0.09844427432531747
34,2,76.0,0.2922513185106332
34,2,44.0,0.2586025860225607
34,2,42.0,0.4080675453543224
34,2,14.0,0.04763389717769875
34,2,80.0,0.09428250020784643
34,2,57.0,0.024874040335038983
34,3,25.0,0.2587208088781863
34,3,39.0,0.18373207798806085
34,3,22.0,0.0673944877503375
34,3,26.0,0.1259621451556214
34,3,76.0,0.26473344768032925
34,3,44.0,0.28612045685286464
34,3,42.0,0.38054967452401844
34,3,14.0,0.07515176800800269
34,3,80.0,0.12180037103815036
34,3,57.0,0.002643830495264954
35,0,12.0,0.19111564168481782
35,0,71.0,0.21536434398695878
35,0,67.0,0.06091532753841514
35,0,75.0,0.4112374364248496
35,0,98.0,0.6502457617273085
35,0,50.0,0.10695670797514702
35,0,81.0,0.354348917616167
35,0,69.0,0.08335233043605866
35,0,84.0,0.46185727612677885
35,0,48.0,0.036919714769568346
35,0,41.0,0.29565318498788495
35,0,33.0,0.13598980596902474
35,0,83.0,0.0952857211691739
35,0,24.0,0.047825420741540246
35,0,10.0,0.18270973275493543
35,0,56.0,0.3674198905990564
35,0,80.0,0.07543408186311838
35,0,94.0,0.4395716147169901
35,0,40.0,0.03880591546536502
35,0,43.0,0.6447030067556374
35,0,52.0,0.010226966353619
35,0,47.0,0.16415125151434068
35,0,45.0,0.07380622764280004
35,0,86.0,0.0830165318187629
35,0,14.0,0.044841887817402504
35,1,12.0,0.11403347094419417
35,1,71.0,0.1382821732463351
35,1,67.0,0.13799749827903882
35,1,75.0,0.33415526568422593
35,1,98.0,0.5731635909866849
35,1,50.0,0.02987453723452334
35,1,81.0,0.43143108835679067
35,1,69.0,0.16043450117668234
35,1,84.0,0.38477510538615517
35,1,48.0,0.11400188551019202
35,1,41.0,0.2185710142472613
35,1,33.0,0.058907635228401076
35,1,83.0,0.01820355042855023
35,1,24.0,0.029256749999083426
35,1,10.0,0.10562756201431175
35,1,56.0,0.2903377198584327
35,1,80.0,0.0016480888775052896
35,1,94.0,0.3624894439763664
35,1,40.0,0.1158880862059887
35,1,43.0,0.721785177496261
35,1,52.0,0.08730913709424268
35,1,47.0,0.24123342225496436
35,1,45.0,0.15088839838342372
35,1,86.0,0.16009870255938657
35,1,14.0,0.12192405855802618
35,2,12.0,0.16393161031877607
35,2,71.0,0.188180312620917
35,2,67.0,0.0880993589044569
35,2,75.0,0.38405340505880786
35,2,98.0,0.6230617303612668
35,2,50.0,0.07977267660910525
35,2,81.0,0.38153294898220874
35,2,69.0,0.11053636180210043
35,2,84.0,0.4346732447607371
35,2,48.0,0.06410374613561011
35,2,41.0,0.2684691536218432
35,2,33.0,0.10880577460298299
35,2,83.0,0.06810168980313214
35,2,24.0,0.020641389375498483
35,2,10.0,0.15552570138889366
35,2,56.0,0.34023585923301464
35,2,80.0,0.04825005049707662
35,2,94.0,0.41238758335094833
35,2,40.0,0.06598994683140678
35,2,43.0,0.6718870381216792
35,2,52.0,0.03741099771966076
35,2,47.0,0.19133528288038243
35,2,45.0,0.1009902590088418
35,2,86.0,0.11020056318480466
35,2,14.0,0.07202591918344427
35,3,12.0,0.14766304592263668
35,3,71.0,0.17191174822477764
35,3,67.0,0.10436792330059627
35,3,75.0,0.3677848406626685
35,3,98.0,0.6067931659651274
35,3,50.0,0.06350411221296588
35,3,81.0,0.3978015133783481
35,3,69.0,0.1268049261982398
35,3,84.0,0.4184046803645977
35,3,48.0,0.08037231053174948
35,3,41.0,0.2522005892257039
35,3,33.0,0.0925372102068436
35,3,83.0,0.05183312540699277
35,3,24.0,0.004372824979359112
35,3,10.0,0.1392571369927543
35,3,56.0,0.32396729483687525
35,3,80.0,0.03198148610093725
35,3,94.0,0.39611901895480894
35,3,40.0,0.08225851122754615
35,3,43.0,0.6881556025178185
35,3,52.0,0.053679562115800133
35,3,47.0,0.2076038472765218
35,3,45.0,0.11725882340498117
35,3,86.0,0.12646912758094403
35,3,14.0,0.08829448357958364
36,0,15.0,0.1988384993487151
36,0,28.0,0.17948912404558287
36,0,76.0,0.05107366329815702
36,0,77.0,0.03773431179485708
36,0,30.0,0.2338124912214764
36,0,93.0,0.1264472965823262
36,0,5.0,0.13705813314237808
36,0,31.0,0.419152625079199
36,0,32.0,0.4610097666568499
36,0,26.0,0.039064669071475155
36,0,39.0,0.36038568731780113
36,0,46.0,0.7049928654549842
36,0,57.0,0.12797082866204848
36,0,34.0,0.3078432022512694
36,0,55.0,0.10222646868884613
36,0,21.0,0.03426224379333004
36,0,42.0,0.013448187636173309
36,0,23.0,0.3317077258386995
36,0,95.0,0.15848806533158818
36,0,85.0,0.2635252676670339
36,0,54.0,0.19185925841747184
36,0,9.0,0.15754343000281923
36,0,1.0,0.18198909234335947
36,0,87.0,0.01077979976816329
36,0,72.0,0.3163163279603057
36,1,15.0,0.14985301107605425
36,1,28.0,0.13050363577292207
36,1,76.0,0.0020881750254962035
36,1,77.0,0.011251176477803736
36,1,30.0,0.1848270029488156
36,1,93.0,0.07746180830966538
36,1,5.0,0.18604362141503888
36,1,31.0,0.4681381133518598
36,1,32.0,0.4120242783841891
36,1,26.0,0.00992081920118566
36,1,39.0,0.3114001990451403
36,1,46.0,0.6560073771823233
36,1,57.0,0.1769563169347093
36,1,34.0,0.2588577139786086
36,1,55.0,0.05324098041618532
36,1,21.0,0.08324773206599086
36,1,42.0,0.03553730063648751
36,1,23.0,0.3806932141113603
36,1,95.0,0.20747355360424902
36,1,85.0,0.21453977939437302
36,1,54.0,0.142873770144811
36,1,9.0,0.1085579417301584
36,1,1.0,0.13300360407069867
36,1,87.0,0.03820568850449753
36,1,72.0,0.3653018162329665
36,2,15.0,0.1735167101916167
36,2,28.0,0.1541673348884845
36,2,76.0,0.02575187414105865
36,2,77.0,0.01241252263775871
36,2,30.0,0.20849070206437803
36,2,93.0,0.10112550742522783
36,2,5.0,0.16237992229947645
36,2,31.0,0.44447441423629735
36,2,32.0,0.4356879774997515
36,2,26.0,0.013742879914376786
36,2,39.0,0.33506389816070276
36,2,46.0,0.6796710762978857
36,2,57.0,0.15329261781914685
36,2,34.0,0.282521413094171
36,2,55.0,0.07690467953174776
36,2,21.0,0.05958403295042841
36,2,42.0,0.011873601520925064
36,2,23.0,0.3570295149957979
36,2,95.0,0.18380985448868656
36,2,85.0,0.23820347850993548
36,2,54.0,0.16653746926037347
36,2,9.0,0.13222164084572086
36,2,1.0,0.1566673031862611
36,2,87.0,0.014541989388935084
36,2,72.0,0.34163811711740405
36,3,15.0,0.16937804544657636
36,3,28.0,0.15002867014344415
36,3,76.0,0.021613209396018306
36,3,77.0,0.008273857892718367
36,3,30.0,0.20435203731933768
36,3,93.0,0.09698684268018748
36,3,5.0,0.1665185870445168
36,3,31.0,0.4486130789813377
36,3,32.0,0.4315493127547112
36,3,26.0,0.009604215169336443
36,3,39.0,0.33092523341566243
36,3,46.0,0.6755324115528454
36,3,57.0,0.1574312825641872
36,3,34.0,0.2783827483491307
36,3,55.0,0.07276601478670743
36,3,21.0,0.06372269769546876
36,3,42.0,0.016012266265965407
36,3,23.0,0.3611681797408382
36,3,95.0,0.1879485192337269
36,3,85.0,0.23406481376489513
36,3,54.0,0.16239880451533312
36,3,9.0,0.1280829761006805
36,3,1.0,0.15252863844122075
36,3,87.0,0.018680654133975426
36,3,72.0,0.34577678186244437
37,0,88.0,0.09268137315529822
37,0,13.0,0.11383760947457186
37,0,20.0,0.22195982026623606
37,0,73.0,0.18986950693798482
37,0,17.0,0.20090986626131097
37,0,19.0,0.013139360847053284
37,0,16.0,0.3484049178164379
37,0,90.0,0.09354465930648752
37,0,25.0,0.23196997608651176
37,0,68.0,0.16272794114301634
37,0,49.0,0.4354188704127366
37,0,79.0,0.1826413837722281
37,0,37.0,0.422949499031272
37,0,63.0,0.053145514342073166
37,0,59.0,0.35435034035762264
37,0,27.0,0.39540365720029824
37,0,4.0,0.10001188560613475
37,0,7.0,0.4571907768867017
37,0,91.0,0.21330312175009097
37,0,62.0,0.5047860140267273
37,0,6.0,0.25713957688394024
37,0,36.0,0.07309896133681133
37,0,3.0,0.18913541161358746
37,0,61.0,0.09552468422827547
37,0,78.0,0.09214209165443903
37,1,88.0,0.11543888758469599
37,1,13.0,0.13659512390396963
37,1,20.0,0.24471733469563384
37,1,73.0,0.16711199250858705
37,1,17.0,0.22366738069070874
37,1,19.0,0.03589687527645106
37,1,16.0,0.37116243224583567
37,1,90.0,0.11630217373588529
37,1,25.0,0.209212461657114
37,1,68.0,0.1854854555724141
37,1,49.0,0.4126613559833388
37,1,79.0,0.15988386934283033
37,1,37.0,0.4001919846018742
37,1,63.0,0.07590302877147094
37,1,59.0,0.3771078547870204
37,1,27.0,0.418161171629696
37,1,4.0,0.12276940003553252
37,1,7.0,0.47994829131609945
37,1,91.0,0.1905456073206932
37,1,62.0,0.4820284995973296
37,1,6.0,0.279897091313338
37,1,36.0,0.0958564757662091
37,1,3.0,0.21189292604298524
37,1,61.0,0.07276716979887769
37,1,78.0,0.1148996060838368
37,2,88.0,0.11543888758469599
37,2,13.0,0.13659512390396963
37,2,20.0,0.24471733469563384
37,2,73.0,0.16711199250858705
37,2,17.0,0.22366738069070874
37,2,19.0,0.03589687527645106
37,2,16.0,0.37116243224583567
37,2,90.0,0.11630217373588529
37,2,25.0,0.209212461657114
37,2,68.0,0.1854854555724141
37,2,49.0,0.4126613559833388
37,2,79.0,0.15988386934283033
37,2,37.0,0.4001919846018742
37,2,63.0,0.07590302877147094
37,2,59.0,0.3771078547870204
37,2,27.0,0.418161171629696
37,2,4.0,0.12276940003553252
37,2,7.0,0.47994829131609945
37,2,91.0,0.1905456073206932
37,2,62.0,0.4820284995973296
37,2,6.0,0.279897091313338
37,2,36.0,0.0958564757662091
37,2,3.0,0.21189292604298524
37,2,61.0,0.07276716979887769
37,2,78.0,0.1148996060838368
37,3,88.0,0.12111488546635761
37,3,13.0,0.14227112178563125
37,3,20.0,0.25039333257729546
37,3,73.0,0.16143599462692543
37,3,17.0,0.22934337857237036
37,3,19.0,0.04157287315811268
37,3,16.0,0.3768384301274973
37,3,90.0,0.12197817161754691
37,3,25.0,0.20353646377545237
37,3,68.0,0.19116145345407573
37,3,49.0,0.4069853581016772
37,3,79.0,0.1542078714611687
37,3,37.0,0.3945159867202126
37,3,63.0,0.08157902665313256
37,3,59.0,0.38278385266868203
37,3,27.0,0.42383716951135764
37,3,4.0,0.12844539791719414
37,3,7.0,0.48562428919776107
37,3,91.0,0.18486960943903158
37,3,62.0,0.47635250171566795
37,3,6.0,0.28557308919499963
37,3,36.0,0.10153247364787073
37,3,3.0,0.21756892392464686
37,3,61.0,0.06709117191721607
37,3,78.0,0.12057560396549842
38,0,18.0,0.05523672533530727
38,0,96.0,0.24682501658525632
38,0,60.0,0.18236158760755983
38,0,2.0,0.18923522719059654
38,0,74.0,0.34333260565442386
38,0,38.0,0.19436643158619102
38,0,51.0,0.016077790082184684
38,0,66.0,0.2397390819544997
38,0,82.0,0.0625415838814386
38,0,44.0,0.07435779651265054
38,0,22.0,0.3704738714095747
38,0,35.0,0.35036240745737746
38,0,99.0,0.003671589277390877
38,0,29.0,0.3249602522155714
38,0,53.0,0.2721118943943428
38,0,65.0,0.318527867940533
38,0,11.0,0.08474503533086744
38,0,89.0,0.5546894129484038
38,0,0.0,0.5254331363025806
38,0,97.0,0.3700052083867046
38,0,70.0,0.06684954552630257
38,0,8.0,0.268382605532501
38,0,92.0,0.01331577547967612
38,0,58.0,0.3772067796774216
38,0,64.0,0.24617737063345627
38,1,18.0,0.012409560475693339
38,1,96.0,0.3144713023962569
38,1,60.0,0.25000787341856046
38,1,2.0,0.12158894137959594
38,1,74.0,0.27568631984342323
38,1,38.0,0.12672014577519042
38,1,51.0,0.0837240758931853
38,1,66.0,0.3073853677655003
38,1,82.0,0.13018786969243923
38,1,44.0,0.006711510701649919
38,1,22.0,0.43812015722057535
38,1,35.0,0.28271612164637683
38,1,99.0,0.06397469653360974
38,1,29.0,0.392606538026572
38,1,53.0,0.20446560858334217
38,1,65.0,0.2508815821295324
38,1,11.0,0.017098749519866837
38,1,89.0,0.6223356987594044
38,1,0.0,0.45778685049157997
38,1,97.0,0.30235892257570396
38,1,70.0,0.13449583133730317
38,1,8.0,0.3360288913435016
38,1,92.0,0.054330510331324494
38,1,58.0,0.44485306548842224
38,1,64.0,0.17853108482245567
38,2,18.0,0.016670622708111125
38,2,96.0,0.3187323646286747
38,2,60.0,0.2542689356509782
38,2,2.0,0.11732787914717815
38,2,74.0,0.27142525761100544
38,2,38.0,0.12245908354277263
38,2,51.0,0.08798513812560307
38,2,66.0,0.3116464299979181
38,2,82.0,0.13444893192485702
38,2,44.0,0.0024504484692321332
38,2,22.0,0.44238121945299314
38,2,35.0,0.27845505941395904
38,2,99.0,0.06823575876602753
38,2,29.0,0.3968676002589898
38,2,53.0,0.20020454635092438
38,2,65.0,0.2466205198971146
38,2,11.0,0.012837687287449051
38,2,89.0,0.6265967609918222
38,2,0.0,0.4535257882591622
38,2,97.0,0.29809786034328617
38,2,70.0,0.13875689356972096
38,2,8.0,0.3402899535759194
38,2,92.0,0.05859157256374228
38,2,58.0,0.44911412772084003
38,2,64.0,0.17427002259003788
38,3,18.0,0.05216888318916599
38,3,96.0,0.2498928587313976
38,3,60.0,0.1854294297537011
38,3,2.0,0.18616738504445526
38,3,74.0,0.34026476350828255
38,3,38.0,0.19129858944004974
38,3,51.0,0.019145632228325965
38,3,66.0,0.24280692410064098
38,3,82.0,0.06560942602757988
38,3,44.0,0.07128995436650926
38,3,22.0,0.373541713555716
38,3,35.0,0.34729456531123615
38,3,99.0,0.0006037471312495962
38,3,29.0,0.3280280943617127
38,3,53.0,0.2690440522482015
38,3,65.0,0.3154600257943917
38,3,11.0,0.08167719318472616
38,3,89.0,0.5577572550945451
38,3,0.0,0.5223652941564393
38,3,97.0,0.3669373662405633
38,3,70.0,0.06991738767244385
38,3,8.0,0.2714504476786423
38,3,92.0,0.01024793333353484
38,3,58.0,0.3802746218235629
38,3,64.0,0.24310952848731499
0,0,24.0,0.010972615539227445
0,0,5.0,0.08352964330418405
0,0,2.0,0.05588243159035984
0,0,83.0,0.35398543257417503
0,1,24.0,0.07704181693697083
0,1,5.0,0.14959884470192744
0,1,2.0,0.12195163298810323
0,1,83.0,0.42005463397191845
0,2,24.0,0.04251702535459122
0,2,5.0,0.11507405311954783
0,2,2.0,0.08742684140572361
0,2,83.0,0.3855298423895388
0,3,24.0,0.02119785255597785
0,3,5.0,0.09375488032093446
0,3,2.0,0.06610766860711025
0,3,83.0,0.3642106695909254
1,0,27.0,0.20176834701062069
1,0,56.0,0.029939852204592513
1,0,59.0,0.16844197041386125
1,0,32.0,0.044334355804112824
1,1,27.0,0.11998046382603528
1,1,56.0,0.11172773538917792
1,1,59.0,0.08665408722927584
1,1,32.0,0.12612223898869823
1,2,27.0,0.13976628672612518
1,2,56.0,0.09194191248908802
1,2,59.0,0.10643991012936574
1,2,32.0,0.10633641608860833
1,3,27.0,0.17905345514605586
1,3,56.0,0.052654744069157336
1,3,59.0,0.14572707854929642
1,3,32.0,0.06704924766867765
2,0,26.0,0.026987872271734062
2,0,40.0,0.22711145503044333
2,0,88.0,0.16215320415311363
2,0,52.0,0.20199853676511614
2,1,26.0,0.05408375289498023
2,1,40.0,0.20001557440719717
2,1,88.0,0.18924908477635977
2,1,52.0,0.17490265614186998
2,2,26.0,0.047627930850028144
2,2,40.0,0.20647139645214924
2,2,88.0,0.1827932627314077
2,2,52.0,0.18135847818682205
2,3,26.0,0.03384900404649782
2,3,40.0,0.22025032325567956
2,3,88.0,0.16901433592787737
2,3,52.0,0.19513740499035237
3,0,50.0,0.19040290452765243
3,0,82.0,0.2764258745121486
3,0,20.0,0.15189290023841356
3,0,76.0,0.42613535282087645
3,1,50.0,0.02666914237750531
3,1,82.0,0.11269211236200148
3,1,20.0,0.3156266623885607
3,1,76.0,0.2624015906707293
3,2,50.0,0.11230924836964054
3,2,82.0,0.19833221835413672
3,2,20.0,0.22998655639642546
3,2,76.0,0.34804169666286455
3,3,50.0,0.14997711300095076
3,3,82.0,0.23600008298544695
3,3,20.0,0.19231869176511524
3,3,76.0,0.3857095612941748
4,0,11.0,0.20174192711549946
4,0,17.0,0.2570412458868686
4,0,22.0,0.06914105931456584
4,0,35.0,0.5663405998178173
4,1,11.0,0.049651028144203
4,1,17.0,0.508434201146571
4,1,22.0,0.1822518959451366
4,1,35.0,0.31494764455811475
4,2,11.0,0.04650895683627959
4,2,17.0,0.5052921298386477
4,2,22.0,0.1791098246372132
4,2,35.0,0.3180897158660382
4,3,11.0,0.14562050696867174
4,3,17.0,0.3131626660336963
4,3,22.0,0.013019639167738106
4,3,35.0,0.5102191796709895
5,0,67.0,0.15610066533946826
5,0,70.0,0.5640261237264033
5,0,36.0,0.0912956959706217
5,0,7.0,0.42725908868370893
5,1,67.0,0.33083427147443867
5,1,70.0,0.38929251759143285
5,1,36.0,0.26602930210559217
5,1,7.0,0.6019926948186793
5,2,67.0,0.24648135141746585
5,2,70.0,0.4736454376484057
5,2,36.0,0.1816763820486193
5,2,7.0,0.5176397747617065
5,3,67.0,0.20403790814135436
5,3,70.0,0.5160888809245172
5,3,36.0,0.1392329387725078
5,3,7.0,0.47519633148559504
6,0,97.0,0.20634524543837274
6,0,33.0,0.3066498588548183
6,0,65.0,0.1764007298141954
6,0,93.0,0.20438751213329093
6,1,97.0,0.4392257035922049
6,1,33.0,0.5395303170086505
6,1,65.0,0.4092811879680276
6,1,93.0,0.43726797028712316
6,2,97.0,0.4336878952402176
6,2,33.0,0.5339925086566633
6,2,65.0,0.4037433796160403
6,2,93.0,0.4317301619351358
6,3,97.0,0.24945482229615698
6,3,33.0,0.3497594357126026
6,3,65.0,0.21951030667197968
6,3,93.0,0.2474970889910752
7,0,66.0,0.3736115554444891
7,0,21.0,0.05855552811878004
7,0,30.0,0.08074479611227639
7,0,57.0,0.16419694426953152
7,1,66.0,0.32828511181685255
7,1,21.0,0.01322908449114349
7,1,30.0,0.12607123973991294
7,1,57.0,0.11887050064189497
7,2,66.0,0.3575409922910309
7,2,21.0,0.042484964965321864
7,2,30.0,0.09681535926573456
7,2,57.0,0.14812638111607335
7,3,66.0,0.3544860915024995
7,3,21.0,0.03943006417679043
7,3,30.0,0.099870260054266
7,3,57.0,0.1450714803275419
8,0,61.0,0.5484577283872587
8,0,23.0,0.578593983887419
8,0,94.0,0.14282374421524494
8,0,6.0,0.3028015635467646
8,1,61.0,0.5314804227391892
8,1,23.0,0.5955712895354885
8,1,94.0,0.12584643856717537
8,1,6.0,0.31977886919483417
8,2,61.0,0.543735303661679
8,2,23.0,0.5833164086129987
8,2,94.0,0.13810131948966514
8,2,6.0,0.3075239882723444
8,3,61.0,0.547577195633385
8,3,23.0,0.5794745166412927
8,3,94.0,0.1419432114613712
8,3,6.0,0.30368209630063836
9,0,10.0,0.4423127044872983
9,0,16.0,0.02679142120127259
9,0,62.0,0.2036756711225995
9,0,63.0,0.06619643026201735
9,1,10.0,0.44707050460492753
9,1,16.0,0.0220336210836434
9,1,62.0,0.20843347124022865
9,1,63.0,0.06143863014438816
9,2,10.0,0.4467772531048554
9,2,16.0,0.022326872583715518
9,2,62.0,0.20814021974015656
9,2,63.0,0.06173188164446028
9,3,10.0,0.44547652510226354
9,3,16.0,0.02362760058630739
9,3,62.0,0.20683949173756466
9,3,63.0,0.06303260964705215
10,0,13.0,0.40428289052845445
10,0,72.0,0.09786446585856018
10,0,55.0,0.007676562803172027
10,0,3.0,0.17550290452334377
10,1,13.0,0.2545366589519935
10,1,72.0,0.2476106974350211
10,1,55.0,0.1420696687732889
10,1,3.0,0.3252491360998047
10,2,13.0,0.33610229324331653
10,2,72.0,0.1660450631436981
10,2,55.0,0.060504034481965896
10,2,3.0,0.2436835018084817
10,3,13.0,0.3884898354182006
10,3,72.0,0.11365752096881399
10,3,55.0,0.00811649230708178
10,3,3.0,0.19129595963359758
11,0,85.0,0.29763672836020266
11,0,69.0,0.5301141013691729
11,0,38.0,0.3963153610605068
11,0,4.0,0.14319332410543176
11,1,85.0,0.18049846709256093
11,1,69.0,0.4129758401015312
11,1,38.0,0.2791770997928651
11,1,4.0,0.2603315853730735
11,2,85.0,0.2637753056005461
11,2,69.0,0.4962526786095164
11,2,38.0,0.3624539383008502
11,2,4.0,0.17705474686508835
11,3,85.0,0.2734169354000369
11,3,69.0,0.5058943084090073
11,3,38.0,0.37209556810034106
11,3,4.0,0.16741311706559747
12,0,95.0,0.08156692144243041
12,0,29.0,0.03648164155748271
12,0,9.0,0.30626711976167204
12,0,54.0,0.44380297616879094
12,1,95.0,0.1437240467737573
12,1,29.0,0.0986387668888096
12,1,9.0,0.3684242450929989
12,1,54.0,0.5059601015001178
12,2,95.0,0.10199565341219699
12,2,29.0,0.056910373527249286
12,2,9.0,0.3266958517314386
12,2,54.0,0.4642317081385575
12,3,95.0,0.09472151432542306
12,3,29.0,0.04963623444047535
12,3,9.0,0.3194217126446647
12,3,54.0,0.4569575690517836
13,0,14.0,0.11527914722448349
13,0,41.0,0.19980530298432864
13,0,80.0,0.056257435621486225
13,0,34.0,0.5167076668295532
13,1,14.0,0.07801697019773693
13,1,41.0,0.2370674800110752
13,1,80.0,0.09351961264823277
13,1,34.0,0.5539698438562997
13,2,14.0,0.10011775853501642
13,2,41.0,0.21496669167379567
13,2,80.0,0.07141882431095328
13,2,34.0,0.5318690555190202
13,3,14.0,0.11221927916151037
13,3,41.0,0.20286517104730173
13,3,80.0,0.059317303684459345
13,3,34.0,0.5197675348925263
14,0,68.0,0.31018949377043287
14,0,28.0,0.22757934224685722
14,0,77.0,0.4702330260017644
14,0,91.0,0.21786638689039328
14,1,68.0,0.23117991558736778
14,1,28.0,0.3065889204299223
14,1,77.0,0.5492426041848295
14,1,91.0,0.1388568087073282
14,2,68.0,0.28040909859238916
14,2,28.0,0.2573597374249009
14,2,77.0,0.5000134211798081
14,2,91.0,0.18808599171234958
14,3,68.0,0.29560688032300747
14,3,28.0,0.24216195569428262
14,3,77.0,0.4848156394491898
14,3,91.0,0.20328377344296789
15,0,74.0,0.1000743761585987
15,0,53.0,0.11779418242138302
15,0,87.0,0.010216753117413754
15,0,78.0,0.151139391147167
15,1,74.0,0.08854963336447258
15,1,53.0,0.07082982710168825
15,1,87.0,0.19884076264048503
15,1,78.0,0.03748461837590425
15,2,74.0,0.014686792149382288
15,2,53.0,0.0030330141134020366
15,2,87.0,0.12497792142539474
15,2,78.0,0.03637822283918604
15,3,74.0,0.09849160267093228
15,3,53.0,0.1162114089337166
15,3,87.0,0.011799526605080171
15,3,78.0,0.14955661765950062
16,0,8.0,0.44672659059019515
16,0,92.0,0.12202851238764986
16,0,49.0,0.22243260906740253
16,0,18.0,0.3780131147942647
16,1,8.0,0.41454685258698587
16,1,92.0,0.15420825039085914
16,1,49.0,0.2546123470706118
16,1,18.0,0.410192852797474
16,2,8.0,0.4294119327997429
16,2,92.0,0.13934317017810213
16,2,49.0,0.2397472668578548
16,2,18.0,0.39532777258471696
16,3,8.0,0.44637977219317737
16,3,92.0,0.12237533078466764
16,3,49.0,0.2227794274644203
16,3,18.0,0.37835993319128247
17,0,1.0,0.27106832735943803
17,0,25.0,0.028175264286966928
17,0,99.0,0.44173432012554725
17,0,51.0,0.08975026903839478
17,1,1.0,0.05389949765765398
17,1,25.0,0.245344093988751
17,1,99.0,0.22456549042376317
17,1,51.0,0.30691909874017886
17,2,1.0,0.17955604395406616
17,2,25.0,0.1196875476923388
17,2,99.0,0.3502220367201754
17,2,51.0,0.18126255244376666
17,3,1.0,0.2262043409871582
17,3,25.0,0.07303925065924677
17,3,99.0,0.3968703337532674
17,3,51.0,0.13461425541067462
18,0,46.0,0.6004685781673028
18,0,64.0,0.4181177089241673
18,0,60.0,0.39280495952720074
18,0,37.0,0.11784327787685567
18,1,46.0,0.39479310322589106
18,1,64.0,0.21244223398275558
18,1,60.0,0.18712948458578904
18,1,37.0,0.08783219706455603
18,2,46.0,0.4381519729445691
18,2,64.0,0.2558011037014336
18,2,60.0,0.23048835430446707
18,2,37.0,0.044473327345878
18,3,46.0,0.6004685781673028
18,3,64.0,0.4181177089241673
18,3,60.0,0.39280495952720074
18,3,37.0,0.11784327787685567
19,0,84.0,0.4802637522612131
19,0,42.0,0.023513515514041544
19,0,47.0,0.5313778258060375
19,0,31.0,0.2367959515118836
19,1,84.0,0.63662272381248
19,1,42.0,0.13284545603722528
19,1,47.0,0.6877367973573044
19,1,31.0,0.3931549230631504
19,2,84.0,0.6287162809229451
19,2,42.0,0.12493901314769038
19,2,47.0,0.6798303544677695
19,2,31.0,0.3852484801736155
19,3,84.0,0.5877280911599426
19,3,42.0,0.08395082338468793
19,3,47.0,0.6388421647047671
19,3,31.0,0.34426029041061307
20,0,81.0,0.028433967729798434
20,0,48.0,0.5163334239374866
20,0,79.0,0.38949799502400234
20,0,43.0,0.5458945321142006
20,1,81.0,0.020791150419092547
20,1,48.0,0.46710830578859563
20,1,79.0,0.4387231131728933
20,1,43.0,0.5951196502630915
20,2,81.0,8.900116969107197e-05
20,2,48.0,0.48781045503799714
20,2,79.0,0.41802096392349186
20,2,43.0,0.57441750101369
20,3,81.0,0.00974345986096678
20,3,48.0,0.49764291606865496
20,3,79.0,0.408188502892834
20,3,43.0,0.5645850399830322
21,0,86.0,0.26487637913015827
21,0,96.0,0.25806003864670657
21,0,44.0,0.4803416600761539
21,0,12.0,0.20078779213438736
21,1,86.0,0.19486299860425677
21,1,96.0,0.18804665812080504
21,1,44.0,0.4103282795502524
21,1,12.0,0.13077441160848585
21,2,86.0,0.22237010950023528
21,2,96.0,0.21555376901678355
21,2,44.0,0.43783539044623093
21,2,12.0,0.15828152250446437
21,3,86.0,0.24458209064621245
21,3,96.0,0.23776575016276072
21,3,44.0,0.4600473715922081
21,3,12.0,0.18049350365044153
22,0,45.0,0.2160708833181073
22,0,15.0,0.6657720858109388
22,0,89.0,0.3950378162102199
22,0,0.0,0.25028962053157405
22,1,45.0,0.08432435609133324
22,1,15.0,0.5340255585841647
22,1,89.0,0.2632912889834458
22,1,0.0,0.11854309330479997
22,2,45.0,0.14324068447435456
22,2,15.0,0.5929418869671861
22,2,89.0,0.32220761736646714
22,2,0.0,0.17745942168782128
22,3,45.0,0.20423317316341702
22,3,15.0,0.6539343756562486
22,3,89.0,0.38320010605552957
22,3,0.0,0.23845191037688374
23,0,98.0,0.13562040646452087
23,0,90.0,0.051975577920961635
23,0,71.0,0.0627161210836871
23,0,58.0,0.10206172624147164
23,1,98.0,0.12248130973021079
23,1,90.0,0.0651146746552717
23,1,71.0,0.07585521781799717
23,1,58.0,0.08892262950716157
23,2,98.0,0.13369999174471875
23,2,90.0,0.05389599264076375
23,2,71.0,0.06463653580348921
23,2,58.0,0.10014131152166952
23,3,98.0,0.13393827383276274
23,3,90.0,0.053657710552719735
23,3,71.0,0.0643982537154452
23,3,58.0,0.10037959360971353
24,0,75.0,0.0726936166130941
24,0,39.0,0.06166734797336952
24,0,73.0,0.23937870036255965
24,0,19.0,0.25858847395203866
24,1,75.0,0.09938083374933245
24,1,39.0,0.08835456510960786
24,1,73.0,0.2126914832263213
24,1,19.0,0.285275691088277
24,2,75.0,0.08151935635206398
24,2,39.0,0.07049308771233939
24,2,73.0,0.23055296062358976
24,2,19.0,0.26741421369100854
24,3,75.0,0.07344089769686417
24,3,39.0,0.062414629057139584
24,3,73.0,0.23863141927878959
24,3,19.0,0.25933575503580875
25,0,8.0,0.07770636681365409
25,0,36.0,0.3256491298052915
25,0,61.0,0.45145096790181893
25,0,17.0,0.5144277294514552
25,0,35.0,0.008193753684264837
25,0,49.0,0.020329330858359723
25,0,54.0,0.60863057779827
25,0,78.0,0.07919008439532832
25,0,87.0,0.8345623744473558
25,0,20.0,0.4620964219584038
25,1,8.0,0.14430154435999065
25,1,36.0,0.10364121863164674
25,1,61.0,0.22944305672817422
25,1,17.0,0.29241981827781055
25,1,35.0,0.23020166485790958
25,1,49.0,0.20167858031528502
25,1,54.0,0.3866226666246253
25,1,78.0,0.30119799556897303
25,1,87.0,0.6125544632737111
25,1,20.0,0.24008851078475904
25,2,8.0,0.05614662858788075
25,2,36.0,0.30408939157951814
25,2,61.0,0.42989122967604565
25,2,17.0,0.4928679912256819
25,2,35.0,0.029753491910038177
25,2,49.0,0.0012304073674136162
25,2,54.0,0.5870708395724966
25,2,78.0,0.10074982262110166
25,2,87.0,0.8130026362215825
25,2,20.0,0.44053668373263044
25,3,8.0,0.035719533227577205
25,3,36.0,0.28366229621921457
25,3,61.0,0.4094641343157421
25,3,17.0,0.4724408958653784
25,3,35.0,0.05018058727034172
25,3,49.0,0.02165750272771716
25,3,54.0,0.5666437442121931
25,3,78.0,0.1211769179814052
25,3,87.0,0.7925755408612789
25,3,20.0,0.4201095883723269
26,0,14.0,0.2157013641999494
26,0,34.0,0.4087912044795966
26,0,38.0,0.23243973653524463
26,0,66.0,0.32439875960256037
26,0,1.0,0.16194830704446064
26,0,77.0,0.601060673846604
26,0,46.0,0.38469372560984105
26,0,63.0,0.3717698863650168
26,0,62.0,0.7231439452389592
26,0,43.0,0.1791392626909006
26,1,14.0,0.04128429722060384
26,1,34.0,0.15180554305904337
26,1,38.0,0.02454592488530859
26,1,66.0,0.06741309818200718
26,1,1.0,0.09503735437609258
26,1,77.0,0.3440750124260507
26,1,46.0,0.12770806418928782
26,1,63.0,0.11478422494446357
26,1,62.0,0.4661582838184059
26,1,43.0,0.0778463987296526
26,2,14.0,0.07386700965653079
26,2,34.0,0.26695684993617796
26,2,38.0,0.09060538199182604
26,2,66.0,0.1825644050591418
26,2,1.0,0.020113952501042046
26,2,77.0,0.45922631930318536
26,2,46.0,0.24285937106642247
26,2,63.0,0.2299355318215982
26,2,62.0,0.5813095906955406
26,2,43.0,0.03730490814748202
26,3,14.0,0.1383164130649603
26,3,34.0,0.3314062533446075
26,3,38.0,0.15505478540025555
26,3,66.0,0.24701380846757132
26,3,1.0,0.08456335590947156
26,3,77.0,0.5236757227116149
26,3,46.0,0.30730877447485194
26,3,63.0,0.29438493523002773
26,3,62.0,0.6457589941039701
26,3,43.0,0.10175431155591153
27,0,58.0,0.09614290977519592
27,0,74.0,0.03959303650730925
27,0,72.0,0.029322154753980673
27,0,55.0,0.1502245321503674
27,0,16.0,0.057765339744937055
27,0,37.0,0.15964121290156574
27,0,4.0,0.09231388133587626
27,0,65.0,0.4134461640393127
27,0,5.0,0.20274887607969694
27,0,88.0,0.1987875745791139
27,1,58.0,0.0022088588452994842
27,1,74.0,0.05434101442258719
27,1,72.0,0.1232562056838771
27,1,55.0,0.05629048122047098
27,1,16.0,0.15169939067483348
27,1,37.0,0.25357526383146217
27,1,4.0,0.1862479322657727
27,1,65.0,0.3195121131094163
27,1,5.0,0.29668292700959337
27,1,88.0,0.2927216255090103
27,2,58.0,0.035726525688212496
27,2,74.0,0.020823347579674176
27,2,72.0,0.0897385388409641
27,2,55.0,0.089808148063384
27,2,16.0,0.11818172383192048
27,2,37.0,0.22005759698854915
27,2,4.0,0.15273026542285967
27,2,65.0,0.3530297799523293
27,2,5.0,0.26316526016668035
27,2,88.0,0.2592039586660973
27,3,58.0,0.07348725161260679
27,3,74.0,0.016937378344720116
27,3,72.0,0.051977812916569804
27,3,55.0,0.12756887398777828
27,3,16.0,0.08042099790752619
27,3,37.0,0.18229687106415488
27,3,4.0,0.11496953949846539
27,3,65.0,0.3907905058767236
27,3,5.0,0.22540453424228607
27,3,88.0,0.22144323274170302
28,0,59.0,0.15541691949264205
28,0,99.0,0.02484774372638479
28,0,7.0,0.08419818073865193
28,0,19.0,0.015451638195197112
28,0,92.0,0.1931726406634532
28,0,73.0,0.20027226121610875
28,0,22.0,0.031165321245240102
28,0,30.0,0.6247708936956057
28,0,82.0,0.08253816068132105
28,0,18.0,0.3417140011847799
28,1,59.0,0.3379848249725487
28,1,99.0,0.20741564920629146
28,1,7.0,0.26676608621855863
28,1,19.0,0.1980195436751038
28,1,92.0,0.010604735183546515
28,1,73.0,0.017704355736202063
28,1,22.0,0.21373322672514677
28,1,30.0,0.44220298821569903
28,1,82.0,0.2651060661612277
28,1,18.0,0.1591460957048732
28,2,59.0,0.20485384379921945
28,2,99.0,0.07428466803296219
28,2,7.0,0.13363510504522932
28,2,19.0,0.06488856250177452
28,2,92.0,0.1437357163568758
28,2,73.0,0.15083533690953135
28,2,22.0,0.0806022455518175
28,2,30.0,0.5753339693890283
28,2,82.0,0.13197508498789845
28,2,18.0,0.2922770768782025
28,3,59.0,0.19839780944515295
28,3,99.0,0.06782863367889569
28,3,7.0,0.12717907069116283
28,3,19.0,0.05843252814770801
28,3,92.0,0.15019175071094232
28,3,73.0,0.15729137126359785
28,3,22.0,0.074146211197751
28,3,30.0,0.5817900037430948
28,3,82.0,0.12551905063383195
28,3,18.0,0.298733111232269
29,0,23.0,0.3290025227325406
29,0,6.0,0.10362990856074744
29,0,83.0,0.18008173447087272
29,0,27.0,0.17142812686581235
29,0,42.0,0.4808455540777258
29,0,45.0,0.1371863760019476
29,0,31.0,0.16236789963632886
29,0,26.0,0.025666265601914054
29,0,95.0,0.012190422903853956
29,0,64.0,0.19063292767415738
29,1,23.0,0.5214900493521063
29,1,6.0,0.2961174351803132
29,1,83.0,0.3725692610904384
29,1,27.0,0.3639156534853781
29,1,42.0,0.2883580274581601
29,1,45.0,0.0553011506176181
29,1,31.0,0.030119626983236863
29,1,26.0,0.2181537922214798
29,1,95.0,0.18029710371571178
29,1,64.0,0.0018545989454083478
29,2,23.0,0.33556934649435793
29,2,6.0,0.11019673232256477
29,2,83.0,0.18664855823269005
29,2,27.0,0.17799495062762968
29,2,42.0,0.47427873031590845
29,2,45.0,0.13061955224013028
29,2,31.0,0.15580107587451153
29,2,26.0,0.03223308936373139
29,2,95.0,0.0056235991420366185
29,2,64.0,0.18406610391234005
29,3,23.0,0.4548489440066057
29,3,6.0,0.22947632983481253
29,3,83.0,0.3059281557449378
29,3,27.0,0.29727454813987747
29,3,42.0,0.3549991328036607
29,3,45.0,0.011339954727882517
29,3,31.0,0.03652147836226376
29,3,26.0,0.15151268687597916
29,3,95.0,0.11365599837021115
29,3,64.0,0.06478650640009227
30,0,48.0,0.5038371347374052
30,0,56.0,0.16738914178057088
30,0,2.0,0.009658168283522978
30,0,80.0,0.14955901564433594
30,0,91.0,0.38432377895984604
30,0,84.0,0.15964652324700113
30,0,40.0,0.2788904045592511
30,0,12.0,0.26740732073496465
30,0,11.0,0.260753013342196
30,0,93.0,0.4493996596268698
30,1,48.0,0.541288762884025
30,1,56.0,0.2048407699271907
30,1,2.0,0.027793459863096823
30,1,80.0,0.18701064379095575
30,1,91.0,0.4217754071064658
30,1,84.0,0.12219489510038134
30,1,40.0,0.3163420327058709
30,1,12.0,0.30485894888158444
30,1,11.0,0.22330138519557624
30,1,93.0,0.48685128777348957
30,2,48.0,0.4842230418634067
30,2,56.0,0.14777504890657234
30,2,2.0,0.02927226115752153
30,2,80.0,0.1299449227703374
30,2,91.0,0.3647096860858475
30,2,84.0,0.1792606161209997
30,2,40.0,0.25927631168525256
30,2,12.0,0.24779322786096608
30,2,11.0,0.2803671062161946
30,2,93.0,0.4297855667528712
30,3,48.0,0.4894958609856945
30,3,56.0,0.15304786802886008
30,3,2.0,0.02399944203523377
30,3,80.0,0.13521774189262514
30,3,91.0,0.36998250520813525
30,3,84.0,0.17398779699871192
30,3,40.0,0.26454913080754033
30,3,12.0,0.25306604698325386
30,3,11.0,0.2750942870939068
30,3,93.0,0.435058385875159
31,0,15.0,0.13419229173942457
31,0,25.0,0.2184118427512971
31,0,85.0,0.21008719049535995
31,0,9.0,0.4517887469473137
31,0,98.0,0.20273986127890448
31,0,81.0,0.2818475240289096
31,0,39.0,0.22404104411495004
31,0,33.0,0.2620707833518906
31,0,0.0,0.21435610308445163
31,0,94.0,0.011444157789426687
31,1,15.0,0.07283733291048985
31,1,25.0,0.4254414674012115
31,1,85.0,0.003057565845445559
31,1,9.0,0.24475912229739927
31,1,98.0,0.004289763371009933
31,1,81.0,0.48887714867882404
31,1,39.0,0.017011419465035635
31,1,33.0,0.055041158701976164
31,1,0.0,0.42138572773436606
31,1,94.0,0.19558546686048772
31,2,15.0,0.01550409350485945
31,2,25.0,0.3371000409858622
31,2,85.0,0.09139899226079486
31,2,9.0,0.3331005487127486
31,2,98.0,0.08405166304433936
31,2,81.0,0.4005357222634747
31,2,39.0,0.10535284588038493
31,2,33.0,0.14338258511732546
31,2,0.0,0.33304430131901674
31,2,94.0,0.10724404044513842
31,3,15.0,0.08561220857672744
31,3,25.0,0.26699192591399423
31,3,85.0,0.16150710733266282
31,3,9.0,0.40320866378461656
31,3,98.0,0.15415977811620735
31,3,81.0,0.33042760719160674
31,3,39.0,0.17546096095225291
31,3,33.0,0.21349070018919344
31,3,0.0,0.26293618624714876
31,3,94.0,0.03713592537327044
32,0,50.0,0.17447629352146105
32,0,60.0,0.08103838443040967
32,0,86.0,0.45390168275041387
32,0,10.0,0.11290344907374503
32,0,97.0,0.1116365742286847
32,0,67.0,0.0865525404614503
32,0,90.0,0.18029095538313045
32,0,52.0,0.3204048476994421
32,0,41.0,0.29051412449729785
32,0,24.0,0.01117622786561806
32,1,50.0,0.17374837907483281
32,1,60.0,0.08031046998378144
32,1,86.0,0.45317376830378564
32,1,10.0,0.1121755346271168
32,1,97.0,0.11236448867531293
32,1,67.0,0.08582462601482208
32,1,90.0,0.17956304093650222
32,1,52.0,0.3196769332528139
32,1,41.0,0.2897862100506696
32,1,24.0,0.01044831341898983
32,2,50.0,0.1812686778817105
32,2,60.0,0.08783076879065913
32,2,86.0,0.4606940671106633
32,2,10.0,0.11969583343399448
32,2,97.0,0.10484418986843524
32,2,67.0,0.09334492482169976
32,2,90.0,0.1870833397433799
32,2,52.0,0.3271972320596916
32,2,41.0,0.29730650885754734
32,2,24.0,0.017968612225867514
32,3,50.0,0.1750781387590374
32,3,60.0,0.08164022966798604
32,3,86.0,0.4545035279879902
32,3,10.0,0.11350529431132139
32,3,97.0,0.11103472899110833
32,3,67.0,0.08715438569902667
32,3,90.0,0.1808928006207068
32,3,52.0,0.3210066929370185
32,3,41.0,0.29111596973487425
32,3,24.0,0.011778073103194425
33,0,13.0,0.14478762891492358
33,0,44.0,0.04524957722177092
33,0,28.0,0.25872502654027507
33,0,32.0,0.03171833174891023
33,0,3.0,0.050468500694898444
33,0,29.0,0.07944680402070663
33,0,57.0,0.23822704913582876
33,0,68.0,0.3059033211441131
33,0,47.0,0.21575850243247288
33,0,76.0,0.505604327311423
33,1,13.0,0.13940481651008527
33,1,44.0,0.32944202264677974
33,1,28.0,0.025467418884733736
33,1,32.0,0.3159107771739191
33,1,3.0,0.33466094611990727
33,1,29.0,0.2047456414043022
33,1,57.0,0.04596539628918006
33,1,68.0,0.590095766569122
33,1,47.0,0.06843394299253595
33,1,76.0,0.22141188188641414
33,2,13.0,0.05466261956280733
33,2,44.0,0.13537458657388718
33,2,28.0,0.16860001718815887
33,2,32.0,0.12184334110102647
33,2,3.0,0.1405935100470147
33,2,29.0,0.010678205331409618
33,2,57.0,0.14810203978371253
33,2,68.0,0.3960283304962294
33,2,47.0,0.12563349308035665
33,2,76.0,0.4154793179593067
33,3,13.0,0.13068609580866672
33,3,44.0,0.059351110328027784
33,3,28.0,0.24462349343401824
33,3,32.0,0.04581986485516709
33,3,3.0,0.06457003380115531
33,3,29.0,0.06534527091444976
33,3,57.0,0.22412551602957193
33,3,68.0,0.32000485425036995
33,3,47.0,0.20165696932621602
33,3,76.0,0.49150279420516607
34,0,71.0,0.1402887198389252
34,0,70.0,0.12918117179840768
34,0,53.0,0.06565164295113332
34,0,69.0,0.15613514922469096
34,0,21.0,0.17420962831831316
34,0,79.0,0.007792102093513033
34,0,51.0,0.2274663614771941
34,0,89.0,0.058561043855495945
34,0,96.0,0.14916929249349736
34,0,75.0,0.023453309356968897
34,1,71.0,0.06081600989301072
34,1,70.0,0.04970846185249319
34,1,53.0,0.013821066994781167
34,1,69.0,0.23560785917060545
34,1,21.0,0.25368233826422765
34,1,79.0,0.08726481203942753
34,1,51.0,0.3069390714231086
34,1,89.0,0.020911666090418553
34,1,96.0,0.06969658254758285
34,1,75.0,0.10292601930288339
34,2,71.0,0.13717136110781153
34,2,70.0,0.12606381306729397
34,2,53.0,0.06253428422001964
34,2,69.0,0.15925250795580465
34,2,21.0,0.17732698704942684
34,2,79.0,0.01090946082462673
34,2,51.0,0.2305837202083078
34,2,89.0,0.05544368512438225
34,2,96.0,0.14605193376238365
34,2,75.0,0.026570668088082595
34,3,71.0,0.14461597277801025
34,3,70.0,0.1335084247374927
34,3,53.0,0.06997889589021836
34,3,69.0,0.15180789628560593
34,3,21.0,0.16988237537922812
34,3,79.0,0.003464849154428011
34,3,51.0,0.2231391085381091
34,3,89.0,0.06288829679458097
34,3,96.0,0.15349654543258237
34,3,75.0,0.019126056417883876
35,0,93.0,0.10719343516709436
35,0,54.0,0.17260539700223998
35,0,44.0,0.07094847906726623
35,0,15.0,0.17958463793348323
35,0,72.0,0.3355701893755375
35,0,65.0,0.3151185504951487
35,0,14.0,0.17730638131732063
35,0,85.0,0.244271406251802
35,0,71.0,0.08289985048704067
35,0,95.0,0.17774192674682004
35,0,77.0,0.018480450379625236
35,0,45.0,0.20627072114271816
35,0,43.0,0.7771675002555555
35,0,36.0,0.132177099579454
35,0,98.0,0.5177812682273905
35,0,84.0,0.3293927826268607
35,0,8.0,0.2717919229778853
35,0,7.0,0.5162689151293444
35,0,19.0,0.07221749908969596
35,0,37.0,0.3638713607886293
35,0,10.0,0.050245239255017324
35,0,6.0,0.3162177151265829
35,0,3.0,0.24821354985623012
35,0,92.0,0.00990645803429182
35,0,1.0,0.16273523092812764
35,1,93.0,0.1102603195732885
35,1,54.0,0.17567228140843413
35,1,44.0,0.07401536347346038
35,1,15.0,0.18265152233967738
35,1,72.0,0.3325033049693434
35,1,65.0,0.3181854349013428
35,1,14.0,0.18037326572351475
35,1,85.0,0.24733829065799615
35,1,71.0,0.07983296608084653
35,1,95.0,0.1746750423406259
35,1,77.0,0.021547334785819383
35,1,45.0,0.2093376055489123
35,1,43.0,0.7802343846617497
35,1,36.0,0.13524398398564816
35,1,98.0,0.5147143838211963
35,1,84.0,0.3263258982206666
35,1,8.0,0.26872503857169117
35,1,7.0,0.5193357995355385
35,1,19.0,0.0752843834958901
35,1,37.0,0.3608044763824352
35,1,10.0,0.04717835484882318
35,1,6.0,0.31928459953277705
35,1,3.0,0.2512804342624243
35,1,92.0,0.012973342440485966
35,1,1.0,0.16580211533432176
35,2,93.0,0.10375516666652612
35,2,54.0,0.16916712850167176
35,2,44.0,0.06751021056669801
35,2,15.0,0.176146369432915
35,2,72.0,0.33900845787610573
35,2,65.0,0.3116802819945805
35,2,14.0,0.17386811281675238
35,2,85.0,0.24083313775123377
35,2,71.0,0.0863381189876089
35,2,95.0,0.18118019524738826
35,2,77.0,0.01504218187905701
35,2,45.0,0.2028324526421499
35,2,43.0,0.7737292317549872
35,2,36.0,0.12873883107888578
35,2,98.0,0.5212195367279587
35,2,84.0,0.33283105112742895
35,2,8.0,0.2752301914784535
35,2,7.0,0.5128306466287761
35,2,19.0,0.06877923058912773
35,2,37.0,0.3673096292891975
35,2,10.0,0.05368350775558555
35,2,6.0,0.3127794466260147
35,2,3.0,0.2447752813556619
35,2,92.0,0.006468189533723592
35,2,1.0,0.1592969624275594
35,3,93.0,0.10813576723262232
35,3,54.0,0.17354772906776794
35,3,44.0,0.07189081113279419
35,3,15.0,0.1805269699990112
35,3,72.0,0.33462785731000955
35,3,65.0,0.31606088256067666
35,3,14.0,0.1782487133828486
35,3,85.0,0.24521373831732995
35,3,71.0,0.0819575184215127
35,3,95.0,0.17679959468129208
35,3,77.0,0.0194227824451532
35,3,45.0,0.20721305320824612
35,3,43.0,0.7781098323210834
35,3,36.0,0.13311943164498197
35,3,98.0,0.5168389361618625
35,3,84.0,0.32845045056133276
35,3,8.0,0.27084959091235733
35,3,7.0,0.5172112471948723
35,3,19.0,0.07315983115522393
35,3,37.0,0.36292902872310134
35,3,10.0,0.04930290718948936
35,3,6.0,0.3171600471921109
35,3,3.0,0.24915588192175808
35,3,92.0,0.010848790099819781
35,3,1.0,0.1636775629936556
36,0,32.0,0.5498011600719548
36,0,87.0,0.09957119318326815
36,0,58.0,0.2725708422924692
36,0,17.0,0.3680332593342903
36,0,55.0,0.191017862103951
36,0,48.0,0.2774294630998232
36,0,81.0,0.5948586659464218
36,0,79.0,0.015517990699248724
36,0,57.0,0.03917943524694362
36,0,5.0,0.04826673972727322
36,0,0.0,0.630069073687533
36,0,42.0,0.10223958105127817
36,0,99.0,0.10830752666234328
36,0,34.0,0.39663459566637427
36,0,89.0,0.45005347556345143
36,0,75.0,0.1707276880945948
36,0,49.0,0.2682954773397572
36,0,18.0,0.15987266272025968
36,0,50.0,0.13355304035510782
36,0,23.0,0.24291633242359464
36,0,52.0,0.2507367146838738
36,0,40.0,0.27931566379561984
36,0,2.0,0.29387116457554896
36,0,22.0,0.2658379340246223
36,0,41.0,0.05514343665763016
36,1,32.0,0.4711790296536719
36,1,87.0,0.020949062764985316
36,1,58.0,0.35119297271075206
36,1,17.0,0.2894111289160075
36,1,55.0,0.11239573168566816
36,1,48.0,0.19880733268154033
36,1,81.0,0.516236535528139
36,1,79.0,0.09414012111753156
36,1,57.0,0.11780156566522645
36,1,5.0,0.12688887014555605
36,1,0.0,0.5514469432692501
36,1,42.0,0.023617450632995335
36,1,99.0,0.029685396244060448
36,1,34.0,0.3180124652480914
36,1,89.0,0.5286756059817342
36,1,75.0,0.24934981851287763
36,1,49.0,0.34691760775804004
36,1,18.0,0.08125053230197685
36,1,50.0,0.054930909936824965
36,1,23.0,0.3215384628418775
36,1,52.0,0.17211458426559098
36,1,40.0,0.200693533377337
36,1,2.0,0.21524903415726612
36,1,22.0,0.34446006444290517
36,1,41.0,0.133765567075913
36,2,32.0,0.4711790296536719
36,2,87.0,0.020949062764985316
36,2,58.0,0.35119297271075206
36,2,17.0,0.2894111289160075
36,2,55.0,0.11239573168566816
36,2,48.0,0.19880733268154033
36,2,81.0,0.516236535528139
36,2,79.0,0.09414012111753156
36,2,57.0,0.11780156566522645
36,2,5.0,0.12688887014555605
36,2,0.0,0.5514469432692501
36,2,42.0,0.023617450632995335
36,2,99.0,0.029685396244060448
36,2,34.0,0.3180124652480914
36,2,89.0,0.5286756059817342
36,2,75.0,0.24934981851287763
36,2,49.0,0.34691760775804004
36,2,18.0,0.08125053230197685
36,2,50.0,0.054930909936824965
36,2,23.0,0.3215384628418775
36,2,52.0,0.17211458426559098
36,2,40.0,0.200693533377337
36,2,2.0,0.21524903415726612
36,2,22.0,0.34446006444290517
36,2,41.0,0.133765567075913
36,3,32.0,0.4735726586687316
36,3,87.0,0.023342691780045
36,3,58.0,0.3487993436956924
36,3,17.0,0.2918047579310672
36,3,55.0,0.11478936070072784
36,3,48.0,0.2012009616966
36,3,81.0,0.5186301645431987
36,3,79.0,0.09174649210247188
36,3,57.0,0.11540793665016677
36,3,5.0,0.12449524113049637
36,3,0.0,0.5538405722843098
36,3,42.0,0.02601107964805502
36,3,99.0,0.03207902525912013
36,3,34.0,0.3204060942631511
36,3,89.0,0.5262819769666746
36,3,75.0,0.24695618949781795
36,3,49.0,0.34452397874298035
36,3,18.0,0.08364416131703653
36,3,50.0,0.05732453895188465
36,3,23.0,0.3191448338268178
36,3,52.0,0.17450821328065066
36,3,40.0,0.2030871623923967
36,3,2.0,0.2176426631723258
36,3,22.0,0.3420664354278455
36,3,41.0,0.13137193806085332
37,0,64.0,0.2731050522376814
37,0,56.0,0.20461839804952886
37,0,35.0,0.37729008906160255
37,0,76.0,0.06215680093253459
37,0,4.0,0.18942702289838684
37,0,9.0,0.1686265676371968
37,0,29.0,0.2980325706113463
37,0,80.0,0.08736741068640914
37,0,60.0,0.1554339060033347
37,0,96.0,0.2198973349810312
37,0,21.0,0.023179106158952467
37,0,13.0,0.20325274676682395
37,0,47.0,0.3269527440638682
37,0,83.0,0.06751577138035363
37,0,78.0,0.18155722894669113
37,0,27.0,0.48481879449255033
37,0,53.0,0.2990395759985679
37,0,31.0,0.4080694874448214
37,0,91.0,0.12388798445783888
37,0,69.0,0.2461538229855862
37,0,66.0,0.21281140035027457
37,0,46.0,0.7160760030893617
37,0,16.0,0.43782005510869
37,0,62.0,0.41537087673447526
37,0,38.0,0.22129411319041614
37,1,64.0,0.14973838671287296
37,1,56.0,0.3279850635743373
37,1,35.0,0.2539234235367941
37,1,76.0,0.061209864592273844
37,1,4.0,0.0660603573735784
37,1,9.0,0.04525990211238835
37,1,29.0,0.4213992361361547
37,1,80.0,0.03599925483839929
37,1,60.0,0.27880057152814314
37,1,96.0,0.3432640005058396
37,1,21.0,0.1465457716837609
37,1,13.0,0.07988608124201552
37,1,47.0,0.20358607853905977
37,1,83.0,0.05585089414445481
37,1,78.0,0.05819056342188268
37,1,27.0,0.3614521289677419
37,1,53.0,0.17567291047375946
37,1,31.0,0.5314361529696299
37,1,91.0,0.24725464998264732
37,1,69.0,0.12278715746077776
37,1,66.0,0.33617806587508303
37,1,46.0,0.5927093375645532
37,1,16.0,0.3144533895838816
37,1,62.0,0.5387375422592837
37,1,38.0,0.09792744766560771
37,2,64.0,0.19446655052844464
37,2,56.0,0.2832568997587656
37,2,35.0,0.2986515873523658
37,2,76.0,0.016481700776702145
37,2,4.0,0.1107885211891501
37,2,9.0,0.08998806592796005
37,2,29.0,0.37667107232058306
37,2,80.0,0.008728908977172406
37,2,60.0,0.23407240771257143
37,2,96.0,0.29853583669026795
37,2,21.0,0.1018176078681892
37,2,13.0,0.12461424505758721
37,2,47.0,0.24831424235463145
37,2,83.0,0.011122730328883113
37,2,78.0,0.10291872723745438
37,2,27.0,0.4061802927833136
37,2,53.0,0.22040107428933114
37,2,31.0,0.48670798915405816
37,2,91.0,0.20252648616707564
37,2,69.0,0.16751532127634944
37,2,66.0,0.2914499020595113
37,2,46.0,0.637437501380125
37,2,16.0,0.35918155339945324
37,2,62.0,0.494009378443712
37,2,38.0,0.1426556114811794
37,3,64.0,0.1616120109663309
37,3,56.0,0.3161114393208794
37,3,35.0,0.26579704779025204
37,3,76.0,0.049336240338815895
37,3,4.0,0.07793398162703635
37,3,9.0,0.0571335263658463
37,3,29.0,0.40952561188269676
37,3,80.0,0.02412563058494134
37,3,60.0,0.2669269472746852
37,3,96.0,0.33139037625238166
37,3,21.0,0.13467214743030295
37,3,13.0,0.09175970549547346
37,3,47.0,0.21545970279251772
37,3,83.0,0.04397726989099686
37,3,78.0,0.07006418767534063
37,3,27.0,0.3733257532211999
37,3,53.0,0.1875465347272174
37,3,31.0,0.5195625287161719
37,3,91.0,0.23538102572918937
37,3,69.0,0.1346607817142357
37,3,66.0,0.3243044416216251
37,3,46.0,0.6045829618180112
37,3,16.0,0.32632701383733953
37,3,62.0,0.5268639180058258
37,3,38.0,0.10980107191906566
38,0,63.0,0.10475395279109583
38,0,88.0,0.06521809397787078
38,0,73.0,0.3477689740711538
38,0,39.0,0.12415422052675762
38,0,28.0,0.05674234274546064
38,0,94.0,0.5240847265928836
38,0,11.0,0.13564188749032852
38,0,25.0,0.38986944321968076
38,0,24.0,0.1323385326174338
38,0,70.0,0.2872364683474985
38,0,61.0,0.25342415136144447
38,0,20.0,0.06406035313306707
38,0,90.0,0.06435480782668147
38,0,30.0,0.0024189755695671056
38,0,59.0,0.19645087322445365
38,0,74.0,0.12294568283322788
38,0,12.0,0.27562875356071137
38,0,51.0,0.23646471290338064
38,0,33.0,0.2205029178449183
38,0,86.0,0.0014965800571306587
38,0,67.0,0.023597784337478417
38,0,68.0,0.004828474009847344
38,0,26.0,0.19716679771956835
38,0,97.0,0.1496182855655086
38,0,82.0,0.2829285067026346
38,1,63.0,0.03576464293779942
38,1,88.0,0.07530050175102447
38,1,73.0,0.20725037834225857
38,1,39.0,0.26467281625565287
38,1,28.0,0.08377625298343461
38,1,94.0,0.3835661308639884
38,1,11.0,0.004876708238566729
38,1,25.0,0.2493508474907855
38,1,24.0,0.008180063111461446
38,1,70.0,0.14671787261860328
38,1,61.0,0.11290555563254921
38,1,20.0,0.20457894886196232
38,1,90.0,0.07616378790221377
38,1,30.0,0.13809962015932814
38,1,59.0,0.3369694689533489
38,1,74.0,0.2634642785621231
38,1,12.0,0.13511015783181612
38,1,51.0,0.0959461171744854
38,1,33.0,0.07998432211602305
38,1,86.0,0.1390220156717646
38,1,67.0,0.11692081139141683
38,1,68.0,0.1453470697387426
38,1,26.0,0.05664820199067311
38,1,97.0,0.29013688129440385
38,1,82.0,0.14240991097373934
38,2,63.0,0.009422065386258976
38,2,88.0,0.030113793426966073
38,2,73.0,0.252437086666317
38,2,39.0,0.21948610793159445
38,2,28.0,0.03858954465937621
38,2,94.0,0.4287528391880468
38,2,11.0,0.04031000008549167
38,2,25.0,0.2945375558148439
38,2,24.0,0.03700664521259695
38,2,70.0,0.19190458094266166
38,2,61.0,0.1580922639566076
38,2,20.0,0.1593922405379039
38,2,90.0,0.030977079578155375
38,2,30.0,0.09291291183526974
38,2,59.0,0.2917827606292905
38,2,74.0,0.2182775702380647
38,2,12.0,0.18029686615587454
38,2,51.0,0.1411328254985438
38,2,33.0,0.12517103044008146
38,2,86.0,0.09383530734770619
38,2,67.0,0.07173410306735843
38,2,68.0,0.1001603614146842
38,2,26.0,0.1018349103147315
38,2,97.0,0.24495017297034544
38,2,82.0,0.18759661929779772
38,3,63.0,0.10082883390366502
38,3,88.0,0.061292975090439974
38,3,73.0,0.343843855183723
38,3,39.0,0.12807933941418842
38,3,28.0,0.05281722385802984
38,3,94.0,0.5201596077054529
38,3,11.0,0.13171676860289772
38,3,25.0,0.38594432433224996
38,3,24.0,0.128413413730003
38,3,70.0,0.28331134946006775
38,3,61.0,0.24949903247401367
38,3,20.0,0.06798547202049787
38,3,90.0,0.06042968893925067
38,3,30.0,0.0015061433178636952
38,3,59.0,0.20037599211188445
38,3,74.0,0.12687080172065868
38,3,12.0,0.27170363467328057
38,3,51.0,0.23253959401594984
38,3,33.0,0.2165777989574875
38,3,86.0,0.002428538830300142
38,3,67.0,0.019672665450047616
38,3,68.0,0.008753592897278145
38,3,26.0,0.19324167883213755
38,3,97.0,0.1535434044529394
38,3,82.0,0.2790033878152038
