0,0,[ 0.1485 -0.2791 -0.1056  0.4067 -0.1485  0.2791  0.1056 -0.4067]
0,1,"[0.2482606495814339, -0.24464392484398692, -0.40146153692569114, -0.04570753102976505, -0.2482606495814339, 0.24464392484398692, 0.40146153692569114, 0.04570753102976505]"
0,2,"[0.1983155521571398, -0.26431763323345964, -0.24003208935495401, 0.2021771340872825, -0.1983155521571398, 0.26431763323345964, 0.24003208935495401, -0.2021771340872825]"
0,3,[ 0.1509 -0.2763 -0.1306  0.3793 -0.1509  0.2763  0.1306 -0.3793]
1,0,[-0.4486 -0.3851  0.0799 -0.0201  0.4486  0.3851 -0.0799  0.0201]
1,1,"[-0.27476892745924836, -0.2779279462237807, 0.04984090846412452, -0.059693052802956226, 0.27476892745924836, 0.2779279462237807, -0.04984090846412452, 0.059693052802956226]"
1,2,"[-0.30165742786294386, -0.28277141579804327, 0.05598751641519368, -0.03994541497523726, 0.30165742786294386, 0.28277141579804327, -0.05598751641519368, 0.03994541497523726]"
1,3,[-0.3933 -0.3594  0.0719 -0.0276  0.3933  0.3594 -0.0719  0.0276]
2,0,[ 0.4981  0.0418 -0.5346 -0.0079 -0.4981 -0.0418  0.5346  0.0079]
2,1,"[-0.0711559879571112, -0.02691592916947449, -0.38124613127383555, 0.15840406112466404, 0.0711559879571112, 0.02691592916947449, 0.38124613127383555, -0.15840406112466404]"
2,2,"[0.05183331790410682, -0.013061788195429571, -0.42554775295882913, 0.08262675665605311, -0.05183331790410682, 0.013061788195429571, 0.42554775295882913, -0.08262675665605311]"
2,3,[ 0.3991  0.0263 -0.4986  0.0167 -0.3991 -0.0263  0.4986 -0.0167]
3,0,[-0.4034 -0.2763 -0.572  -0.2437  0.4034  0.2763  0.572   0.2437]
3,1,"[-0.06681204841358561, -0.30717698785709596, -0.4728440917580301, -0.10759582378056115, 0.06681204841358561, 0.30717698785709596, 0.4728440917580301, 0.10759582378056115]"
3,2,"[-0.07561341952455501, -0.30126266411256003, -0.48432161566428084, -0.10834378425038649, 0.07561341952455501, 0.30126266411256003, 0.48432161566428084, 0.10834378425038649]"
3,3,[-0.3075 -0.2809 -0.5501 -0.2056  0.3075  0.2809  0.5501  0.2056]
4,0,[-0.0988  0.1055  0.0157 -0.2734  0.0988 -0.1055 -0.0157  0.2734]
4,1,"[-0.1393712065955322, 0.14401488449822972, -0.021880776136627266, -0.40583562012310975, 0.1393712065955322, -0.14401488449822972, 0.021880776136627266, 0.40583562012310975]"
4,2,"[-0.1118252252347535, 0.11891374779239111, -0.003324332530722879, -0.3447281741582504, 0.1118252252347535, -0.11891374779239111, 0.003324332530722879, 0.3447281741582504]"
4,3,[-0.1014  0.1089  0.0129 -0.2908  0.1014 -0.1089 -0.0129  0.2908]
5,0,[ 0.1938  0.1329  0.1864 -0.1314 -0.1938 -0.1329 -0.1864  0.1314]
5,1,"[0.1116688401043256, -0.14852883700524852, 0.11606622185584409, -0.232053720201074, -0.1116688401043256, 0.14852883700524852, -0.11606622185584409, 0.232053720201074]"
5,2,"[0.1371313314410708, -0.029366220772116508, 0.14539637113520545, -0.19489134640291414, -0.1371313314410708, 0.029366220772116508, -0.14539637113520545, 0.19489134640291414]"
5,3,[ 0.1749  0.0709  0.1673 -0.1586 -0.1749 -0.0709 -0.1673  0.1586]
6,0,[ 0.0966 -0.1988  0.0706  0.744  -0.0966  0.1988 -0.0706 -0.744 ]
6,1,"[0.24906761486416945, -0.13917845087213387, 0.1296869878262219, 0.5267691117509021, -0.24906761486416945, 0.13917845087213387, -0.1296869878262219, -0.5267691117509021]"
6,2,"[0.16202070402567198, -0.17433827141017622, 0.09034834153780075, 0.6371996351091838, -0.16202070402567198, 0.17433827141017622, -0.09034834153780075, -0.6371996351091838]"
6,3,[ 0.1394 -0.1806  0.0846  0.6809 -0.1394  0.1806 -0.0846 -0.6809]
7,0,[ 0.2384  0.4701  0.2797 -0.1488 -0.2384 -0.4701 -0.2797  0.1488]
7,1,"[0.5745508290822231, 0.26954549298763025, 0.10052040357689986, -0.054157405580975385, -0.5745508290822231, -0.26954549298763025, -0.10052040357689986, 0.054157405580975385]"
7,2,"[0.42321971029094174, 0.35764697353168, 0.20337779885863325, -0.1307762150757286, -0.42321971029094174, -0.35764697353168, -0.20337779885863325, 0.1307762150757286]"
7,3,[ 0.3222  0.4346  0.2402 -0.1401 -0.3222 -0.4346 -0.2402  0.1401]
8,0,[ 0.0343 -0.1084 -0.4542 -0.1617 -0.0343  0.1084  0.4542  0.1617]
8,1,"[0.04467067756279941, 0.21226463848504212, -0.39121277544851446, -0.2670602310359572, -0.04467067756279941, -0.21226463848504212, 0.39121277544851446, 0.2670602310359572]"
8,2,"[0.03550607867595835, 0.01802485413789392, -0.4276697197755774, -0.21277115822127038, -0.03550607867595835, -0.01802485413789392, 0.4276697197755774, 0.21277115822127038]"
8,3,[ 0.035  -0.0331 -0.4357 -0.1942 -0.035   0.0331  0.4357  0.1942]
9,0,[ 0.0474  0.0146 -0.2333 -0.2049 -0.0474 -0.0146  0.2333  0.2049]
9,1,"[0.09126989904691245, -0.09122237597181901, -0.32614965518834904, -0.2820898142997505, -0.09126989904691245, 0.09122237597181901, 0.32614965518834904, 0.2820898142997505]"
9,2,"[0.08966629791086698, -0.0898036561026296, -0.3258387373084891, -0.2748292229605008, -0.08966629791086698, 0.0898036561026296, 0.3258387373084891, 0.2748292229605008]"
9,3,[ 0.0474  0.0146 -0.2333 -0.2049 -0.0474 -0.0146  0.2333  0.2049]
10,0,[ 0.2939 -0.4472 -0.4782 -0.1152 -0.2939  0.4472  0.4782  0.1152]
10,1,"[0.11937209356585188, -0.3431893666708653, -0.48677001089537025, -0.02373759482638266, -0.11937209356585188, 0.3431893666708653, 0.48677001089537025, 0.02373759482638266]"
10,2,"[0.12585792275548238, -0.3568381946386695, -0.4849397754080412, -0.03387508331085121, -0.12585792275548238, 0.3568381946386695, 0.4849397754080412, 0.03387508331085121]"
10,3,[ 0.2445 -0.4316 -0.4797 -0.0928 -0.2445  0.4316  0.4797  0.0928]
11,0,[-0.1487  0.1853  0.0058 -0.0833  0.1487 -0.1853 -0.0058  0.0833]
11,1,"[-0.28012308772136546, 0.33537109676491533, 0.19816882051947998, -0.11336209394627711, 0.28012308772136546, -0.33537109676491533, -0.19816882051947998, 0.11336209394627711]"
11,2,"[-0.22140703050335284, 0.26820260723126127, 0.11161546991806975, -0.09706210549008944, 0.22140703050335284, -0.26820260723126127, -0.11161546991806975, 0.09706210549008944]"
11,3,[-0.1602  0.1978  0.0156 -0.0871  0.1602 -0.1978 -0.0156  0.0871]
12,0,[ 0.0516  0.0936 -0.3891 -0.1509 -0.0516 -0.0936  0.3891  0.1509]
12,1,"[0.05229261595893403, 0.16445015687037942, -0.24909239594689134, -0.26057821737352266, -0.05229261595893403, -0.16445015687037942, 0.24909239594689134, 0.26057821737352266]"
12,2,"[0.05180518164440714, 0.13434922803795404, -0.30936653230689687, -0.17898515039370555, -0.05180518164440714, -0.13434922803795404, 0.30936653230689687, 0.17898515039370555]"
12,3,[ 0.0517  0.0997 -0.3844 -0.1529 -0.0517 -0.0997  0.3844  0.1529]
13,0,[ 0.3197  0.005  -0.1379 -0.2594 -0.3197 -0.005   0.1379  0.2594]
13,1,"[0.3647346743807011, 0.028983462584536792, -0.03744969844758617, -0.3191153437151053, -0.3647346743807011, -0.028983462584536792, 0.03744969844758617, 0.3191153437151053]"
13,2,"[0.33253807349449843, 0.011836569347729715, -0.08507937012425715, -0.28962211229401835, -0.33253807349449843, -0.011836569347729715, 0.08507937012425715, 0.28962211229401835]"
13,3,[ 0.3227  0.0069 -0.1216 -0.27   -0.3227 -0.0069  0.1216  0.27  ]
14,0,[-0.045   0.3206 -0.4346  0.164   0.045  -0.3206  0.4346 -0.164 ]
14,1,"[0.03888367828498794, 0.2845282262504993, -0.10357500397091797, -0.14228272530491753, -0.03888367828498794, -0.2845282262504993, 0.10357500397091797, 0.14228272530491753]"
14,2,"[-0.019418685805840902, 0.30820261096424656, -0.25121634984877567, 0.020365279966599356, 0.019418685805840902, -0.30820261096424656, 0.25121634984877567, -0.020365279966599356]"
14,3,[-0.0434  0.316  -0.4242  0.1377  0.0434 -0.316   0.4242 -0.1377]
15,0,[ 0.051  -0.0337 -0.1204 -0.2902 -0.051   0.0337  0.1204  0.2902]
15,1,"[-0.1850252974014287, -0.027698070630750596, 0.07036423651786755, -0.2886194639451143, 0.1850252974014287, 0.027698070630750596, -0.07036423651786755, 0.2886194639451143]"
15,2,"[-0.06087417382391719, -0.03210658687303947, -0.04097729464230558, -0.2894175398576634, 0.06087417382391719, 0.03210658687303947, 0.04097729464230558, 0.2894175398576634]"
15,3,[ 0.051  -0.0337 -0.1204 -0.2902 -0.051   0.0337  0.1204  0.2902]
16,0,[-0.2733  0.263   0.5898  0.0425  0.2733 -0.263  -0.5898 -0.0425]
16,1,"[-0.19438915267216578, 0.15285401270079593, 0.3496899824366642, 0.23181077432074584, 0.19438915267216578, -0.15285401270079593, -0.3496899824366642, -0.23181077432074584]"
16,2,"[-0.24324537963800674, 0.22112487521822255, 0.4978503370088412, 0.1431549649559642, 0.24324537963800674, -0.22112487521822255, -0.4978503370088412, -0.1431549649559642]"
16,3,[-0.261   0.254   0.5651  0.0629  0.261  -0.254  -0.5651 -0.0629]
17,0,[-0.1635 -0.2647 -0.3511  0.1257  0.1635  0.2647  0.3511 -0.1257]
17,1,"[-0.14175301782757843, -4.998547655753205e-6, -0.007272377412069694, -0.07671130237216255, 0.14175301782757843, 4.998547655753205e-6, 0.007272377412069694, 0.07671130237216255]"
17,2,"[-0.14803658343599008, -0.03814891651621955, -0.08303705961410053, -0.010447532711227487, 0.14803658343599008, 0.03814891651621955, 0.08303705961410053, 0.010447532711227487]"
17,3,[-0.1602 -0.2403 -0.3418  0.0943  0.1602  0.2403  0.3418 -0.0943]
18,0,[ 0.0783  0.0616  0.0749 -0.0805 -0.0783 -0.0616 -0.0749  0.0805]
18,1,"[0.02882579289781191, -0.0758258262999328, 0.12160021492572315, -0.005313149302972212, -0.02882579289781191, 0.0758258262999328, -0.12160021492572315, 0.005313149302972212]"
18,2,"[0.048936017502226065, -0.007165624295789636, 0.09497374720109841, -0.04734297034883856, -0.048936017502226065, 0.007165624295789636, -0.09497374720109841, 0.04734297034883856]"
18,3,[ 0.0718  0.0444  0.0757 -0.0711 -0.0718 -0.0444 -0.0757  0.0711]
19,0,[-0.4192 -0.1264 -0.1209  0.2137  0.4192  0.1264  0.1209 -0.2137]
19,1,"[-0.4871916192247877, -0.07303545999118567, -0.166792015254208, 0.20968194645566576, 0.4871916192247877, 0.07303545999118567, 0.166792015254208, -0.20968194645566576]"
19,2,"[-0.45238263876060947, -0.10662589250034561, -0.14454870726425142, 0.21268278193981918, 0.45238263876060947, 0.10662589250034561, 0.14454870726425142, -0.21268278193981918]"
19,3,[-0.4284 -0.1212 -0.1246  0.2135  0.4284  0.1212  0.1246 -0.2135]
20,0,[-0.0161 -0.0543  0.0731 -0.3573  0.0161  0.0543 -0.0731  0.3573]
20,1,"[-0.04086064703538044, 0.15054345369060362, -0.017347130392187327, -0.2954901391490715, 0.04086064703538044, -0.15054345369060362, 0.017347130392187327, 0.2954901391490715]"
20,2,"[-0.020708410291386002, 0.04661191959770605, 0.04176932301158364, -0.32551437407360917, 0.020708410291386002, -0.04661191959770605, -0.04176932301158364, 0.32551437407360917]"
20,3,[-0.0168 -0.0251  0.0649 -0.349   0.0168  0.0251 -0.0649  0.349 ]
21,0,[-0.3843  0.0413 -0.1687 -0.0202  0.3843 -0.0413  0.1687  0.0202]
21,1,"[-0.3572564337196434, -0.31398744689758334, -0.16955092556438303, -0.022570882111742265, 0.3572564337196434, 0.31398744689758334, 0.16955092556438303, 0.022570882111742265]"
21,2,"[-0.37217428790287277, -0.1451734169904727, -0.16909778591403563, -0.02111698721611044, 0.37217428790287277, 0.1451734169904727, 0.16909778591403563, 0.02111698721611044]"
21,3,[-0.3786  0.0121 -0.1689 -0.0207  0.3786 -0.0121  0.1689  0.0207]
22,0,[ 0.0322  0.1789  0.4559  0.3179 -0.0322 -0.1789 -0.4559 -0.3179]
22,1,"[0.06000819360844106, 0.1402848712535269, 0.1706408862742651, 0.2948559526861239, -0.06000819360844106, -0.1402848712535269, -0.1706408862742651, -0.2948559526861239]"
22,2,"[0.04698233161198465, 0.1521582702967198, 0.2677301845855797, 0.30345705932194117, -0.04698233161198465, -0.1521582702967198, -0.2677301845855797, -0.30345705932194117]"
22,3,[ 0.0323  0.1742  0.4441  0.3153 -0.0323 -0.1742 -0.4441 -0.3153]
23,0,[ 0.1444 -0.2096  0.1917 -0.15   -0.1444  0.2096 -0.1917  0.15  ]
23,1,"[0.10818347565148728, -0.1662255976045907, -0.04386495863381891, -0.17862057043104632, -0.10818347565148728, 0.1662255976045907, 0.04386495863381891, 0.17862057043104632]"
23,2,"[0.13085789489278052, -0.1964947162493181, 0.06782713117458665, -0.16135072572369746, -0.13085789489278052, 0.1964947162493181, -0.06782713117458665, 0.16135072572369746]"
23,3,"[0.12291982960795819, -0.18962946084193408, 0.015245257011082626, -0.16898515221653088, -0.12291982960795819, 0.18962946084193408, -0.015245257011082626, 0.16898515221653088]"
24,0,[ 0.0813 -0.0139 -0.0703 -0.4758 -0.0813  0.0139  0.0703  0.4758]
24,1,"[-0.08136979961402993, 0.02851201076507033, -0.38195861140873244, -0.32410576802534863, 0.08136979961402993, -0.02851201076507033, 0.38195861140873244, 0.32410576802534863]"
24,2,"[-0.02516425860693388, 0.018498062565648937, -0.34330047273740166, -0.3523989696501503, 0.02516425860693388, -0.018498062565648937, 0.34330047273740166, 0.3523989696501503]"
24,3,[ 0.0561 -0.002  -0.1501 -0.4336 -0.0561  0.002   0.1501  0.4336]
25,0,[ 0.0216  0.0876  0.0425  0.1423 -0.0216 -0.0876 -0.0425 -0.1423]
25,1,"[-0.10071195191603302, 0.20629203213929553, 0.25873342024858575, -0.042386851893090834, 0.10071195191603302, -0.20629203213929553, -0.25873342024858575, 0.042386851893090834]"
25,2,[-0.0184  0.0936  0.074   0.126   0.0184 -0.0936 -0.074  -0.126 ]
25,3,[-0.0132  0.0924  0.064   0.1291  0.0132 -0.0924 -0.064  -0.1291]
26,0,[-0.1284  0.1398 -0.0794 -0.4055  0.1284 -0.1398  0.0794  0.4055]
26,1,"[-0.22049747264438152, 0.22828056861329798, 0.06167166927335077, -0.2799813934882926, 0.22049747264438152, -0.22828056861329798, -0.06167166927335077, 0.2799813934882926]"
26,2,"[-0.1774629324601071, 0.18653924401765096, 0.025247032466477467, -0.28566093185399705, 0.1774629324601071, -0.18653924401765096, -0.025247032466477467, 0.28566093185399705]"
26,3,[-0.143   0.162  -0.0322 -0.3683  0.143  -0.162   0.0322  0.3683]
27,0,[ 0.0781 -0.0942 -0.0762 -0.1025 -0.0781  0.0942  0.0762  0.1025]
27,1,"[0.046522114346791994, -0.07912527326673777, 0.2190953338116889, -0.16263999874185175, -0.046522114346791994, 0.07912527326673777, -0.2190953338116889, 0.16263999874185175]"
27,2,[ 0.0555 -0.0957  0.0006 -0.0856 -0.0555  0.0957 -0.0006  0.0856]
27,3,[ 0.0602 -0.0957 -0.0437 -0.0887 -0.0602  0.0957  0.0437  0.0887]
28,0,[ 0.2264 -0.0952  0.1498 -0.2047 -0.2264  0.0952 -0.1498  0.2047]
28,1,"[0.30446097859510013, 0.009014332854946227, 0.07096253288444629, -0.07161505677899276, -0.30446097859510013, -0.009014332854946227, -0.07096253288444629, 0.07161505677899276]"
28,2,"[0.3101890754960269, 0.001864265078381749, 0.21928514490204745, -0.1028987656889885, -0.3101890754960269, -0.0018642650783817524, -0.21928514490204745, 0.1028987656889885]"
28,3,[ 0.2637 -0.0646  0.193  -0.1727 -0.2637  0.0646 -0.193   0.1727]
29,0,[-0.1351 -0.113  -0.1927 -0.1696  0.1351  0.113   0.1927  0.1696]
29,1,"[0.0038022144196967088, 0.06788476387054523, -0.08105039109871603, -0.040634785733543205, -0.0038022144196967088, -0.06788476387054523, 0.08105039109871603, 0.040634785733543205]"
29,2,[-0.1262 -0.0802 -0.1705 -0.132   0.1262  0.0802  0.1705  0.132 ]
29,3,[-0.1298 -0.09   -0.1773 -0.1422  0.1298  0.09    0.1773  0.1422]
30,0,[ 0.1841  0.0885  0.3088 -0.2683 -0.1841 -0.0885 -0.3088  0.2683]
30,1,"[0.2795236586510286, 0.15122757126025296, -0.12374887915564152, 0.08842131755390546, -0.2795236586510286, -0.15122757126025296, 0.12374887915564152, -0.0884213175539055]"
30,2,"[0.29747409797424607, 0.052483255955242614, 0.07158816366454816, -0.1264839265886403, -0.29747409797424607, -0.052483255955242614, -0.07158816366454815, 0.1264839265886403]"
30,3,[ 0.2003  0.0759  0.2862 -0.2466 -0.2003 -0.0759 -0.2862  0.2466]
31,0,[-0.4486  0.0845 -0.3134  0.2214  0.4486 -0.0845  0.3134 -0.2214]
31,1,"[-0.1736721115448735, -0.07737613550915405, -0.2955037506891678, -0.05959951861643142, 0.1736721115448735, 0.07737613550915405, 0.2955037506891678, 0.05959951861643142]"
31,2,"[-0.30107380572793346, 0.008228742270621647, -0.2665646873050414, 0.07661936672099848, 0.30107380572793346, -0.008228742270621647, 0.2665646873050414, -0.07661936672099848]"
31,3,"[-0.2716972134797024, -0.014167869621910216, -0.26878790632916044, 0.040279336911573205, 0.2716972134797024, 0.014167869621910216, 0.26878790632916044, -0.04027933691157315]"
32,0,[-0.0308  0.2202  0.096  -0.249   0.0308 -0.2202 -0.096   0.249 ]
32,1,"[-0.0010565760457999338, 0.22576093005670206, 0.023307748590810258, -0.05727473928474383, 0.0010565760457999338, -0.22576093005670206, -0.023307748590810227, 0.05727473928474383]"
32,2,"[0.06265536507949508, 0.19604271441042626, 0.10478794505777463, -0.15706477138938887, -0.06265536507949508, -0.19604271441042626, -0.10478794505777463, 0.15706477138938887]"
32,3,[ 0.0404  0.2007  0.1037 -0.1825 -0.0404 -0.2007 -0.1037  0.1825]
33,0,[-0.4454 -0.2316  0.2491 -0.1319  0.4454  0.2316 -0.2491  0.1319]
33,1,"[-0.3494630581312805, -0.19380633551114027, -0.13621835232185653, -0.06891665425728893, 0.3494630581312805, 0.19380633551114027, 0.13621835232185653, 0.06891665425728893]"
33,2,[-0.4042 -0.2228  0.1697 -0.1253  0.4042  0.2228 -0.1697  0.1253]
33,3,[-0.4123 -0.2247  0.2034 -0.1294  0.4123  0.2247 -0.2034  0.1294]
34,0,[ 0.0136 -0.1364 -0.0413  0.0825 -0.0136  0.1364  0.0413 -0.0825]
34,1,"[0.3289594677434927, -0.09711452227315549, -0.2033281369074164, 0.24711191631572865, -0.3289594677434927, 0.09711452227315549, 0.2033281369074164, -0.24711191631572865]"
34,2,[ 0.131  -0.1199 -0.0541  0.135  -0.131   0.1199  0.0541 -0.135 ]
34,3,"[0.32607928535802055, -0.09954165585059455, -0.20253984980716466, 0.24721008730204627, -0.32607928535802055, 0.09954165585059455, 0.20253984980716466, -0.24721008730204627]"
35,0,[ 0.221   0.0115 -0.0577  0.0375 -0.221  -0.0115  0.0577 -0.0375]
35,1,"[0.04447609299488924, -0.0169632852252409, -0.002284566263735342, 0.008007840031247876, -0.04447609299488924, 0.016963285225240904, 0.002284566263735343, -0.008007840031247876]"
35,2,[ 0.1828  0.017  -0.0577  0.0385 -0.1828 -0.017   0.0577 -0.0385]
35,3,[ 0.1523  0.0318 -0.0538  0.0436 -0.1523 -0.0318  0.0538 -0.0436]
36,0,[-0.2594  0.2334  0.1338  0.0724  0.2594 -0.2334 -0.1338 -0.0724]
36,1,"[-0.13941743488297303, 0.06962244026977478, 0.14385076688308088, 0.01337564585888638, 0.13941743488297303, -0.06962244026977478, -0.14385076688308088, -0.013375645858886382]"
36,2,"[-0.13775374254015482, 0.12032875135395456, 0.08309989316894337, 0.035452372079110825, 0.13775374254015482, -0.12032875135395456, -0.08309989316894337, -0.035452372079110825]"
36,3,"[-0.13699685119539928, 0.11205558197743896, 0.09215495970647751, 0.03229796306284368, 0.13699685119539928, -0.11205558197743896, -0.09215495970647751, -0.03229796306284367]"
37,0,[ 0.1375  0.0038 -0.0948  0.2282 -0.1375 -0.0038  0.0948 -0.2282]
37,1,"[0.06925784461430871, -0.04035698449244875, -0.06812714202237588, 0.004016354084986836, -0.06925784461430874, 0.04035698449244875, 0.06812714202237581, -0.004016354084986836]"
37,2,"[0.06925784461430871, -0.04035698449244875, -0.06812714202237588, 0.004016354084986836, -0.06925784461430874, 0.04035698449244875, 0.06812714202237581, -0.004016354084986836]"
37,3,[ 0.1352 -0.0441 -0.1433  0.1549 -0.1352  0.0441  0.1433 -0.1549]
38,0,[-0.0796  0.1622  0.0088 -0.0507  0.0796 -0.1622 -0.0088  0.0507]
38,1,"[-0.005480254028538114, -0.04001848638148194, 0.062202340472439464, -0.09649964647433343, 0.005480254028538114, 0.04001848638148194, -0.062202340472439464, 0.09649964647433343]"
38,2,"[-0.012947831239232117, 0.011936719513469701, 0.08137732025115833, -0.06408672331638955, 0.012947831239232117, -0.011936719513469637, -0.08137732025115833, 0.06408672331638955]"
38,3,[-0.0747  0.1614  0.0089 -0.0507  0.0747 -0.1614 -0.0089  0.0507]
0,0,[-0.0594  0.0832  0.3203  0.1127  0.0594 -0.0832 -0.3203 -0.1127]
0,1,"[0.04874501852123346, 0.12035729015655863, 0.35035989534276746, -0.17803852777366333, -0.04874501852123346, -0.12035729015655863, -0.35035989534276746, 0.17803852777366333]"
0,2,"[-0.0031545016578465503, 0.1062112817882375, 0.33045984077302776, -0.05461263429087139, 0.0031545016578465503, -0.1062112817882375, -0.33045984077302776, 0.05461263429087139]"
0,3,[-0.0402  0.0881  0.3238  0.0919  0.0402 -0.0881 -0.3238 -0.0919]
1,0,[ 0.3281  0.0095 -0.257   0.3027 -0.3281 -0.0095  0.257  -0.3027]
1,1,"[0.4046479271982657, -0.011242471273428891, -0.14920374120085958, 0.35268022414091743, -0.4046479271982657, 0.011242471273428891, 0.14920374120085958, -0.35268022414091743]"
1,2,"[0.39021443812250556, -0.008060662282157635, -0.18465450485913354, 0.32293736641978266, -0.39021443812250556, 0.008060662282157635, 0.18465450485913354, -0.32293736641978266]"
1,3,[ 0.3485  0.0032 -0.2258  0.3128 -0.3485 -0.0032  0.2258 -0.3128]
2,0,[-0.1516 -0.1225 -0.0733 -0.0974  0.1516  0.1225  0.0733  0.0974]
2,1,"[0.023357273404058104, -0.13128711888761124, -0.21972852257715847, -0.15924808762567672, -0.023357273404058104, 0.13128711888761124, 0.21972852257715847, 0.15924808762567672]"
2,2,"[-0.02221277540535787, -0.1254207641169212, -0.17819575377028807, -0.11999799598763314, 0.02221277540535787, 0.1254207641169212, 0.17819575377028807, 0.11999799598763314]"
2,3,[-0.1088 -0.1239 -0.1074 -0.1064  0.1088  0.1239  0.1074  0.1064]
3,0,[ 0.3883  0.1257  0.1934  0.1689 -0.3883 -0.1257 -0.1934 -0.1689]
3,1,"[0.0965561698176942, 0.09727722627352596, 0.16745514209221266, 0.2449205705476992, -0.0965561698176942, -0.09727722627352596, -0.16745514209221266, -0.2449205705476992]"
3,2,"[0.24448840973751673, 0.11515585460351475, 0.1860539218101778, 0.20144592233191536, -0.24448840973751673, -0.11515585460351475, -0.1860539218101778, -0.20144592233191536]"
3,3,[ 0.3149  0.1179  0.1885  0.1921 -0.3149 -0.1179 -0.1885 -0.1921]
4,0,[ 0.2279 -0.1601 -0.0809 -0.1515 -0.2279  0.1601  0.0809  0.1515]
4,1,"[-0.08281320344534829, -0.5464071477459254, -0.2681425704528817, -0.10940928339887561, 0.08281320344534829, 0.5464071477459254, 0.2681425704528817, 0.10940928339887561]"
4,2,"[-0.0820585095782677, -0.5331649421540027, -0.26274491423568475, -0.10951082496131785, 0.0820585095782677, 0.5331649421540027, 0.26274491423568475, 0.10951082496131785]"
4,3,[ 0.1629 -0.269  -0.1273 -0.1411 -0.1629  0.269   0.1273  0.1411]
5,0,[ 0.083  -0.2041 -0.0808 -0.2807 -0.083   0.2041  0.0808  0.2807]
5,1,"[0.2800903747158735, -0.11592644528289472, 0.07721957139781879, 0.03456603128865698, -0.2800903747158735, 0.11592644528289472, -0.07721957139781879, -0.03456603128865698]"
5,2,"[0.19215401130647874, -0.1639299369568399, -0.006892383047546769, -0.09062700022977456, -0.19215401130647874, 0.1639299369568399, 0.006892383047546769, 0.09062700022977456]"
5,3,[ 0.1361 -0.1804 -0.0362 -0.2026 -0.1361  0.1804  0.0362  0.2026]
6,0,[ 0.1467  0.2366 -0.2794  0.3167 -0.1467 -0.2366  0.2794 -0.3167]
6,1,"[-0.16585049396842919, 0.10631700952541444, -0.42876910743018654, 0.3458750745866481, 0.16585049396842919, -0.10631700952541444, 0.42876910743018654, -0.3458750745866481]"
6,2,"[-0.15806982514219076, 0.10637665687169193, -0.4256476603227402, 0.34472803081028736, 0.15806982514219076, -0.10637665687169193, 0.4256476603227402, -0.34472803081028736]"
6,3,[ 0.0841  0.2181 -0.302   0.3224 -0.0841 -0.2181  0.302  -0.3224]
7,0,[ 0.5874  0.1319 -0.5603 -0.1846 -0.5874 -0.1319  0.5603  0.1846]
7,1,"[0.48356995322084856, 0.06258177699488797, -0.5415121170280968, -0.19298176746852833, -0.48356995322084856, -0.06258177699488797, 0.5415121170280968, 0.19298176746852833]"
7,2,"[0.5536196160204886, 0.09866220861921225, -0.5578060986169222, -0.18753325904747892, -0.5536196160204886, -0.09866220861921225, 0.5578060986169222, 0.18753325904747892]"
7,3,"[0.5469055537603938, 0.09041847641811672, -0.5572843259176489, -0.18808649182546805, -0.5469055537603938, -0.09041847641811672, 0.5572843259176489, 0.18808649182546805]"
8,0,[-0.0658 -0.2407  0.2741  0.0361  0.0658  0.2407 -0.2741 -0.0361]
8,1,"[0.06453542765076602, -0.07215339199271903, 0.2956636071275906, 0.17124358320098776, -0.06453542765076602, 0.07215339199271903, -0.2956636071275906, -0.17124358320098776]"
8,2,"[0.005530723163499277, -0.17912815229537038, 0.28476757932799995, 0.06647137674452422, -0.005530723163499277, 0.17912815229537038, -0.28476757932799995, -0.06647137674452422]"
8,3,[-0.0194 -0.1959  0.2817  0.0568  0.0194  0.1959 -0.2817 -0.0568]
9,0,[ 0.045  -0.0694  0.2712  0.0916 -0.045   0.0694 -0.2712 -0.0916]
9,1,"[0.07436130227068194, 0.31545042157627357, 0.23805526315935022, 0.08165912406197884, -0.07436130227068194, -0.31545042157627357, -0.23805526315935022, -0.08165912406197884]"
9,2,"[0.05500176333103819, 0.1461680329914443, 0.26540401497815147, 0.08782713831910693, -0.05500176333103819, -0.1461680329914443, -0.26540401497815147, -0.08782713831910693]"
9,3,[ 0.0506  0.0067  0.2692  0.0899 -0.0506 -0.0067 -0.2692 -0.0899]
10,0,[-0.2272  0.1681 -0.1772 -0.4633  0.2272 -0.1681  0.1772  0.4633]
10,1,"[-0.1286101019770799, -0.0030523602043078107, 0.029863748588906086, -0.18842185782251014, 0.1286101019770799, 0.0030523602043078107, -0.029863748588906086, 0.18842185782251014]"
10,2,"[-0.1837973243385081, 0.11899151856898485, -0.08257551743246888, -0.35410913377395886, 0.1837973243385081, -0.11899151856898485, 0.08257551743246888, 0.35410913377395886]"
10,3,[-0.2151  0.1652 -0.1577 -0.4392  0.2151 -0.1652  0.1577  0.4392]
11,0,[ 0.4997  0.1396 -0.0223 -0.2358 -0.4997 -0.1396  0.0223  0.2358]
11,1,"[0.26711268037824587, -0.04945498238611516, -0.06182682813123364, 0.10478860394848798, -0.26711268037824587, 0.04945498238611516, 0.06182682813123364, -0.10478860394848798]"
11,2,"[0.41984866060554354, 0.05455978619123545, -0.03444614228387032, -0.07618863916371144, -0.41984866060554354, -0.05455978619123545, 0.03444614228387032, 0.07618863916371144]"
11,3,[ 0.4463  0.088  -0.0318 -0.1464 -0.4463 -0.088   0.0318  0.1464]
12,0,[-0.3088  0.0994 -0.1289 -0.1913  0.3088 -0.0994  0.1289  0.1913]
12,1,"[-0.3373511356763636, 0.08052650541203754, -0.2511361635608747, -0.19102509164082052, 0.3373511356763636, -0.08052650541203754, 0.2511361635608747, 0.19102509164082052]"
12,2,"[-0.3229450847965178, 0.09009319433209094, -0.16023416162935908, -0.1912255868816981, 0.3229450847965178, -0.09009319433209094, 0.16023416162935908, 0.1912255868816981]"
12,3,[-0.3168  0.0932 -0.1509 -0.1912  0.3168 -0.0932  0.1509  0.1912]
13,0,[ 0.1345  0.3262  0.0765 -0.068  -0.1345 -0.3262 -0.0765  0.068 ]
13,1,"[0.16063684378494913, 0.24605337262311797, 0.12552521132862635, -0.12891824751184075, -0.16063684378494913, -0.24605337262311797, -0.12552521132862635, 0.12891824751184075]"
13,2,"[0.14196569489794794, 0.25683149774455893, 0.09976059725204821, -0.11642967387421403, -0.14196569489794794, -0.25683149774455893, -0.09976059725204821, 0.11642967387421403]"
13,3,[ 0.1359  0.3044  0.0816 -0.0852 -0.1359 -0.3044 -0.0816  0.0852]
14,0,[-0.4391  0.4183 -0.1371 -0.4174  0.4391 -0.4183  0.1371  0.4174]
14,1,"[-0.4488535970828992, 0.3138971678886651, -0.263229578462092, -0.33189069499556884, 0.4488535970828992, -0.3138971678886651, 0.263229578462092, 0.33189069499556884]"
14,2,"[-0.4424804545366249, 0.39611471000238674, -0.18275079712476136, -0.39668140798746093, 0.4424804545366249, -0.39611471000238674, 0.18275079712476136, 0.39668140798746093]"
14,3,[-0.441   0.4094 -0.1589 -0.4084  0.441  -0.4094  0.1589  0.4084]
15,0,[ 0.1554 -0.3211  0.0355 -0.0155 -0.1554  0.3211 -0.0355  0.0155]
15,1,"[-0.2467099470725016, -0.22111478745518812, 0.1262972732256234, 0.04028775446381294, 0.2467099470725016, 0.22111478745518812, -0.1262972732256234, -0.04028775446381294]"
15,2,"[-0.0675863748508868, -0.29681448358999807, 0.05952477068768573, 0.009391497320985593, 0.0675863748508868, 0.29681448358999807, -0.05952477068768573, -0.009391497320985593]"
15,3,[ 0.1455 -0.3159  0.0437 -0.0095 -0.1455  0.3159 -0.0437  0.0095]
16,0,[-0.4459 -0.0551 -0.1199 -0.1925  0.4459  0.0551  0.1199  0.1925]
16,1,"[-0.6061343395863884, -0.20589427997634244, -0.0004226866456982034, -0.39703686718458203, 0.6061343395863884, 0.20589427997634244, 0.0004226866456982034, 0.39703686718458203]"
16,2,"[-0.5263270860715249, -0.12714289674649737, -0.06860359726163456, -0.2889798730475922, 0.5263270860715249, 0.12714289674649737, 0.06860359726163456, 0.2889798730475922]"
16,3,[-0.4798 -0.092  -0.0892 -0.2387  0.4798  0.092   0.0892  0.2387]
17,0,[ 0.0381 -0.334  -0.4564 -0.1654 -0.0381  0.334   0.4564  0.1654]
17,1,"[0.05934112945652632, -0.43441766846931873, -0.10274841229598432, -0.09203413178984554, -0.05934112945652632, 0.43441766846931873, 0.10274841229598432, 0.09203413178984554]"
17,2,"[0.04420629655407157, -0.382993063005371, -0.307146360507467, -0.14707775136216794, -0.04420629655407157, 0.382993063005371, 0.307146360507467, 0.14707775136216794]"
17,3,[ 0.042  -0.3569 -0.384  -0.1531 -0.042   0.3569  0.384   0.1531]
18,0,[-0.5625 -0.2539 -0.4633 -0.2192  0.5625  0.2539  0.4633  0.2192]
18,1,"[-0.6468211948517592, -0.007816205620034778, 0.009687243209010443, -0.281487462497838, 0.6468211948517592, 0.007816205620034778, -0.009687243209010443, 0.281487462497838]"
18,2,"[-0.6268120000147585, -0.04619039779505255, -0.09195949501636119, -0.27743645638329345, 0.6268120000147585, 0.04619039779505255, 0.09195949501636119, 0.27743645638329345]"
18,3,[-0.5625 -0.2539 -0.4633 -0.2192  0.5625  0.2539  0.4633  0.2192]
19,0,[-0.0849 -0.1862  0.055   0.5325  0.0849  0.1862 -0.055  -0.5325]
19,1,"[-0.010597794768218897, -0.20338615127474627, -0.2528986945900924, 0.4360302686878135, 0.010597794768218897, 0.20338615127474627, 0.2528986945900924, -0.4360302686878135]"
19,2,"[-0.014255925016592938, -0.20128598919382515, -0.23696650497870284, 0.44406150638653896, 0.014255925016592938, 0.20128598919382515, 0.23696650497870284, -0.44406150638653896]"
19,3,"[-0.04827749727105147, -0.19348819220667907, -0.14649178448535174, 0.4848660381568933, 0.04827749727105147, 0.19348819220667907, 0.14649178448535174, -0.4848660381568933]"
20,0,[-0.3915 -0.0249  0.1079  0.0442  0.3915  0.0249 -0.1079 -0.0442]
20,1,"[-0.29628715123496574, -0.11076793162008768, -0.028317461915587844, -0.09628534173171192, 0.29628715123496574, 0.11076793162008768, 0.028317461915587844, 0.09628534173171192]"
20,2,"[-0.36186206884415084, -0.0704807780230362, 0.05016676488833501, 0.0017405349348443586, 0.36186206884415084, 0.0704807780230362, -0.05016676488833501, -0.0017405349348443586]"
20,3,[-0.3715 -0.0494  0.069   0.0193  0.3715  0.0494 -0.069  -0.0193]
21,0,[-0.0505  0.1264 -0.5632 -0.121   0.0505 -0.1264  0.5632  0.121 ]
21,1,"[0.05977216330018715, -0.0315456630385712, -0.5730821677187058, 0.05059868440236166, -0.05977216330018715, 0.0315456630385712, 0.5730821677187058, -0.05059868440236166]"
21,2,"[0.022187236179807408, 0.018775448717612688, -0.5685432213914458, -0.013382772906610017, -0.022187236179807408, -0.018775448717612688, 0.5685432213914458, 0.013382772906610017]"
21,3,[-0.0169  0.0892 -0.5663 -0.0675  0.0169 -0.0892  0.5663  0.0675]
22,0,[ 0.2934  0.0337  0.1515 -0.2813 -0.2934 -0.0337 -0.1515  0.2813]
22,1,"[0.2879792953635157, 0.14903447452934024, -0.07825428686707536, -0.48705728067642295, -0.2879792953635157, -0.14903447452934024, 0.07825428686707536, 0.48705728067642295]"
22,2,"[0.29036127772437853, 0.10934723453764125, 0.019398355995497316, -0.3909890275731235, -0.29036127772437853, -0.10934723453764125, -0.019398355995497316, 0.3909890275731235]"
22,3,[ 0.2927  0.0389  0.1314 -0.2977 -0.2927 -0.0389 -0.1314  0.2977]
23,0,[ 0.0187 -0.4296 -0.0681 -0.1367 -0.0187  0.4296  0.0681  0.1367]
23,1,"[-0.0199953638685543, -0.3038469400223326, -0.055733611638275, -0.13448067111427114, 0.0199953638685543, 0.3038469400223326, 0.055733611638275, 0.13448067111427114]"
23,2,"[0.01162220643905286, -0.3670103051767745, -0.06586292503997282, -0.13632659208159698, -0.01162220643905286, 0.3670103051767745, 0.06586292503997282, 0.13632659208159698]"
23,3,[ 0.0124 -0.3776 -0.066  -0.1364 -0.0124  0.3776  0.066   0.1364]
24,0,[ 0.1522  0.2731 -0.2334 -0.2045 -0.1522 -0.2731  0.2334  0.2045]
24,1,"[0.2351693787530053, 0.23582179635714284, -0.30449238288405994, -0.16271171335950757, -0.2351693787530053, -0.23582179635714284, 0.30449238288405994, 0.16271171335950757]"
24,2,"[0.17253332807786675, 0.25391364314970155, -0.25109594051168155, -0.17945864037834086, -0.17253332807786675, -0.25391364314970155, 0.25109594051168155, 0.17945864037834086]"
24,3,[ 0.1535  0.2694 -0.2378 -0.2014 -0.1535 -0.2694  0.2378  0.2014]
25,0,[ 0.51    0.2964  0.0545 -0.1815 -0.51   -0.2964 -0.0545  0.1815]
25,1,"[0.18870730091292465, 0.4053944114284928, -0.09206932166581001, -0.022681009524843605, -0.18870730091292465, -0.4053944114284928, 0.09206932166581001, 0.022681009524843605]"
25,2,[ 0.4613  0.3118  0.0476 -0.1174 -0.4613 -0.3118 -0.0476  0.1174]
25,3,[ 0.4226  0.3198  0.0417 -0.0889 -0.4226 -0.3198 -0.0417  0.0889]
26,0,[-0.4453 -0.0904  0.0082  0.245   0.4453  0.0904 -0.0082 -0.245 ]
26,1,"[-0.19002293809402435, -0.2857617285106167, 0.23369246543472233, 0.37044398854925803, 0.19002293809402435, 0.2857617285106167, -0.23369246543472233, -0.37044398854925803]"
26,2,"[-0.2817984789825862, -0.1642257077018579, 0.11198465392811865, 0.27843277096466856, 0.2817984789825862, 0.1642257077018579, -0.11198465392811865, -0.27843277096466856]"
26,3,[-0.3525 -0.1317  0.0625  0.2592  0.3525  0.1317 -0.0625 -0.2592]
27,0,[-0.2846 -0.0275 -0.0272 -0.3304  0.2846  0.0275  0.0272  0.3304]
27,1,"[-0.21100392364326256, 0.031914491487436365, 0.05735636554718941, -0.17036551548960996, 0.21100392364326256, -0.031914491487436365, -0.05735636554718941, 0.17036551548960996]"
27,2,"[-0.26507078567556425, 0.015746506338112122, 0.05184587062926431, -0.28999744774716824, 0.26507078567556425, -0.015746506338112122, -0.05184587062926431, 0.28999744774716824]"
27,3,[-0.2742 -0.01    0.0022 -0.3179  0.2742  0.01   -0.0022  0.3179]
28,0,[-0.0454 -0.4142  0.2414  0.2901  0.0454  0.4142 -0.2414 -0.2901]
28,1,"[-0.028570231920960688, 0.10448402411602914, -0.13920952822436045, -0.24129994792053355, 0.028570231920960688, -0.10448402411602914, 0.13920952822436045, 0.24129994792053355]"
28,2,[-0.0678 -0.2943  0.1756  0.0903  0.0678  0.2943 -0.1756 -0.0903]
28,3,[-0.0655 -0.3263  0.1846  0.1145  0.0655  0.3263 -0.1846 -0.1145]
29,0,[ 0.0017  0.0956 -0.0804 -0.0656 -0.0017 -0.0956  0.0804  0.0656]
29,1,"[0.0899877826288653, 0.27568815655384615, 0.22368243644642793, 0.005437892300880981, -0.08998778262886527, -0.27568815655384615, -0.22368243644642793, -0.005437892300880992]"
29,2,[-0.0643  0.1553  0.0109 -0.0413  0.0643 -0.1553 -0.0109  0.0413]
29,3,"[0.025902389106380565, 0.24243449452535074, 0.15659638006697504, -0.0058778571068982665, -0.025902389106380565, -0.24243449452535074, -0.15659638006697504, 0.005877857106898273]"
30,0,[-0.019   0.1903  0.1978 -0.3264  0.019  -0.1903 -0.1978  0.3264]
30,1,"[0.09760850225043839, 0.3468617226180935, 0.1706645628778513, 0.07947183855773039, -0.09760850225043839, -0.3468617226180935, -0.1706645628778513, -0.07947183855773039]"
30,2,"[-0.00999062333922443, 0.2870572707559154, 0.1629987854752758, -0.09206079722892438, 0.00999062333922443, -0.2870572707559154, -0.1629987854752758, 0.09206079722892438]"
30,3,[-0.0232  0.2265  0.181  -0.2228  0.0232 -0.2265 -0.181   0.2228]
31,0,[ 0.1162 -0.1191  0.0967 -0.0784 -0.1162  0.1191 -0.0967  0.0784]
31,1,"[0.22084625762318574, -0.05543851054126073, -0.2907657853917339, -0.017047099199401724, -0.22084625762318574, 0.05543851054126073, 0.2907657853917339, 0.017047099199401724]"
31,2,"[0.20534182254572206, -0.11906642676603553, -0.16500882165755937, 0.05305219503214918, -0.20534182254572206, 0.11906642676603553, 0.16500882165755937, -0.05305219503214918]"
31,3,[ 0.1335 -0.1256 -0.0054 -0.0171 -0.1335  0.1256  0.0054  0.0171]
32,0,[-0.0776 -0.1705 -0.0423 -0.4218  0.0776  0.1705  0.0423  0.4218]
32,1,"[-0.10356298788618162, -0.26553673448739207, -0.010221610729572336, -0.45166269688360566, 0.1035629878861817, 0.26553673448739207, 0.010221610729572336, 0.45166269688360566]"
32,2,[-0.1073 -0.1704  0.0046 -0.4315  0.1073  0.1704 -0.0046  0.4315]
32,3,"[-0.14247768401690086, -0.18822489811720453, 0.0366601886244288, -0.4605572540197597, 0.14247768401690086, 0.18822489811720453, -0.0366601886244288, 0.4605572540197597]"
33,0,[-0.0326 -0.1006 -0.3312 -0.1463  0.0326  0.1006  0.3312  0.1463]
33,1,"[0.20581368789648813, -0.10207834278239972, 0.010219952492315618, -0.15135678003611183, -0.20581368789648813, 0.10207834278239972, -0.01021995249231562, 0.15135678003611183]"
33,2,[ 0.0754 -0.0858 -0.254  -0.1441 -0.0754  0.0858  0.254   0.1441]
33,3,[-0.0234 -0.0975 -0.3104 -0.1446  0.0234  0.0975  0.3104  0.1446]
34,0,[-0.0573  0.0383  0.1318  0.0315  0.0573 -0.0383 -0.1318 -0.0315]
34,1,"[0.027693537644286784, 0.16004308959136893, -0.10021189962805602, 0.15934593953049375, -0.027693537644286784, -0.16004308959136893, 0.10021189962805602, -0.15934593953049375]"
34,2,"[0.020425640975466484, 0.05769083468581947, 0.04480632072403779, 0.10120959666481354, -0.020425640975466574, -0.05769083468581947, -0.04480632072403779, -0.10120959666481354]"
34,3,[-0.0288  0.0427  0.1086  0.0515  0.0288 -0.0427 -0.1086 -0.0515]
35,0,[-0.0917  0.0268  0.0244  0.2082  0.0917 -0.0268 -0.0244 -0.2082]
35,1,"[-0.06611749899173673, 0.07479365801787691, -0.0055826367021440644, -0.026546853159641122, 0.06611749899173673, -0.07479365801787691, 0.0055826367021440644, 0.026546853159641122]"
35,2,"[-0.059307278500941356, 0.12660989901063377, -0.00036933957084246075, 0.011906836571447798, 0.059307278500941356, -0.12660989901063377, 0.00036933957084246075, -0.011906836571447798]"
35,3,"[-0.06027928658351107, 0.12532251259839258, -0.00804129398817959, -0.01203147148979037, 0.06027928658351107, -0.12532251259839258, 0.00804129398817959, 0.01203147148979037]"
36,0,[-0.2263  0.2266 -0.0706 -0.0512  0.2263 -0.2266  0.0706  0.0512]
36,1,"[-0.12111020453506079, -0.08683465658550116, -0.01325412558949309, -0.04806638061894961, 0.12111020453506079, 0.08683465658550116, 0.013254125589493123, 0.04806638061894961]"
36,2,"[-0.12111020453506079, -0.08683465658550116, -0.01325412558949309, -0.04806638061894961, 0.12111020453506079, 0.08683465658550116, 0.013254125589493123, 0.04806638061894961]"
36,3,"[-0.12020911721184349, -0.07418290425839057, -0.01812300428570226, -0.05165247837460816, 0.12020911721184349, 0.07418290425839057, 0.018123004285702262, 0.05165247837460816]"
37,0,[ 0.1893  0.2409 -0.3057  0.1945 -0.1893 -0.2409  0.3057 -0.1945]
37,1,"[0.1513375173340593, 0.10399717172247039, -0.025719340842436454, 0.02717115036562842, -0.1513375173340593, -0.10399717172247026, 0.02571934084243644, -0.027171150365628383]"
37,2,[ 0.1881  0.1812 -0.1504  0.0822 -0.1881 -0.1812  0.1504 -0.0822]
37,3,"[0.1719429426798933, 0.1107066595361961, -0.06497267638913176, 0.05013533738159702, -0.1719429426798933, -0.1107066595361961, 0.06497267638913176, -0.050135337381597]"
38,0,[ 0.2352  0.0038  0.1224  0.1489 -0.2352 -0.0038 -0.1224 -0.1489]
38,1,"[0.03110860818995054, -0.12373875501878116, 0.057363165424873075, 0.11692245245394624, -0.03110860818995054, 0.12373875501878116, -0.05736316542487311, -0.11692245245394624]"
38,2,"[0.0765889171324785, -0.1351417456905827, 0.10138106316924736, 0.12965988645853155, -0.0765889171324785, 0.1351417456905827, -0.10138106316924736, -0.12965988645853155]"
38,3,[ 0.2279 -0.007   0.1224  0.1489 -0.2279  0.007  -0.1224 -0.1489]
