0,0,"[0.05116377988012576, 0.08275514033318365]"
0,1,"[0.03878214999242424, -0.05586808284894923]"
0,2,"[0.050544781278447734, -0.017725541172344927]"
0,3,"[0.048163712140537135, -0.030720002317850187]"
1,0,"[-0.05668807325760282, -0.05656778627916009]"
1,1,"[0.005214600124647792, -0.07106311944450716]"
1,2,"[-0.01868034935630626, -0.07153133914362902]"
1,3,"[-0.041773325388407, -0.06256389018926618]"
2,0,"[-0.37950280175565726, 0.22253305666440776]"
2,1,"[-0.46449978930130464, 0.06832410247689807]"
2,2,"[-0.40925199019114666, 0.15880980335609426]"
2,3,"[-0.3884251582895456, 0.21009286549372605]"
3,0,"[0.4088588789377973, 0.1878965188306973]"
3,1,"[0.34509191395722355, 0.08439071884165222]"
3,2,"[0.33971632329026, 0.09013187689623112]"
3,3,"[0.3766038935000094, 0.16967906056361454]"
4,0,"[0.06860740921026545, 0.7170918680056206]"
4,1,"[0.009892461263617147, 0.45511060306097334]"
4,2,"[0.04307991079220373, 0.5036480377330645]"
4,3,"[0.07468862078339263, 0.6828548861633172]"
5,0,"[0.1128396248968351, 0.4779499995224941]"
5,1,"[-0.01237105661181557, -0.10287515785231385]"
5,2,"[0.08985695701464115, 0.1996300586927763]"
5,3,"[0.03791678959797136, 0.003118280431073414]"
6,0,"[0.022000564277393553, -0.2952743964829747]"
6,1,"[0.025842584523253595, -0.3086128454913508]"
6,2,"[-0.007517310051939889, -0.2984624381429182]"
6,3,"[-0.008982645435123386, -0.2971593995526228]"
7,0,"[-0.30790221631712567, 0.056783108463287796]"
7,1,"[-0.1973627303252975, 0.07870427230721243]"
7,2,"[-0.20195963434793252, 0.07798965106273184]"
7,3,"[-0.31746467890066504, 0.0489122042987826]"
8,0,"[0.513493340363466, -0.3583355415427766]"
8,1,"[0.03045294254229479, -0.00336105608472312]"
8,2,"[0.1796985197357902, -0.15845292678791162]"
8,3,"[0.3512811809266057, -0.2858427419617162]"
9,0,"[-0.4785495001841218, 0.10890449090709532]"
9,1,"[-0.3981215435366566, 0.05125186846428582]"
9,2,"[-0.42196007243794637, 0.08943321394393663]"
9,3,"[-0.4018089190115112, 0.06493755390914441]"
10,0,"[-0.0487026464387805, 0.1574472408130687]"
10,1,"[0.22651071800282727, -0.008355186089092331]"
10,2,"[0.17817517311565972, 0.020745935941821895]"
10,3,"[0.022597024101862085, 0.13101851917000137]"
11,0,"[-0.17944180588891737, 0.09483437025552895]"
11,1,"[-0.11863237280478475, 0.14725611476069028]"
11,2,"[-0.15494454620213072, 0.126970906608927]"
11,3,"[-0.13493570424655166, 0.14678298908162016]"
12,0,"[0.42243596570780173, 0.37075250747053146]"
12,1,"[0.409085197335187, 0.3342897221205906]"
12,2,"[0.42098965380977876, 0.37454826165808697]"
12,3,"[0.42404752432947834, 0.37898789009806705]"
13,0,"[0.1184839104011404, 0.3146229450784094]"
13,1,"[-0.045634878294731215, 0.17882446456793089]"
13,2,"[0.11949187243222653, 0.27528398399654]"
13,3,"[0.10139351837372733, 0.257857176496313]"
14,0,"[-0.010647434568715614, 0.035128146974938566]"
14,1,"[-0.016598776501672574, 0.008227090581467452]"
14,2,"[-0.015393590921245093, 0.03204087654859637]"
14,3,"[-0.004784435188868785, 0.010088964390186899]"
15,0,"[-0.03490566122873717, 0.13061900582784153]"
15,1,"[0.05352230339123584, 0.09085370165340967]"
15,2,"[-0.029698094180679438, 0.13258132031632025]"
15,3,"[-0.07474406379002446, 0.13960152270014078]"
16,0,"[-0.04031893866093166, 0.40186787773008487]"
16,1,"[0.015417445778746045, 0.2969960393479695]"
16,2,"[0.02308471468176622, 0.3376721620177885]"
16,3,"[-0.0066556144234655445, 0.38219317441758927]"
17,0,"[-0.33165531375282814, -0.1612101602489341]"
17,1,"[-0.23052605304309656, -0.029126783590335173]"
17,2,"[-0.24150945555661296, -0.058092252630037144]"
17,3,"[-0.3302616691351541, -0.15878670990604887]"
18,0,"[-0.1771307951222939, -0.16699532905884587]"
18,1,"[-0.12252181868579379, -0.15748537651927852]"
18,2,"[-0.17716158622286152, -0.14217062327462576]"
18,3,"[-0.1847515728734077, -0.15175835009789143]"
19,0,"[0.11584559132032374, -0.3828979508795982]"
19,1,"[0.19178572394107798, -0.36795175810649383]"
19,2,"[0.1327466512163054, -0.3811467575072223]"
19,3,"[0.1135441541386052, -0.3901261609542237]"
20,0,"[-0.02286947195904339, 0.029454021143954665]"
20,1,"[-0.02589762326351158, -0.26417300733684207]"
20,2,"[-0.06814896594641182, -0.09201034970320221]"
20,3,"[-0.05589179973792444, -0.2247876561479356]"
21,0,"[-0.057808509397815115, -0.29063627204386305]"
21,1,"[-0.03385727028361875, -0.257437306216069]"
21,2,"[-0.054083304718837225, -0.30855067575629813]"
21,3,"[-0.047099905006341605, -0.27720315871461476]"
22,0,"[-0.4047879139368698, -0.30134086558859563]"
22,1,"[-0.29527614969655447, -0.38421012312166525]"
22,2,"[-0.36926516024771633, -0.3509263442768296]"
22,3,"[-0.3950110273501455, -0.3259078431993099]"
23,0,"[-0.09452321242643207, 0.03852320660167424]"
23,1,"[-0.19996187538190047, 0.0695115088600527]"
23,2,"[-0.15263709903997302, 0.0404074664003867]"
23,3,"[-0.11863980213417828, 0.036874048304863044]"
24,0,"[0.17567581530369672, 0.21188853922450882]"
24,1,"[0.08156785738535423, -0.023714195511487464]"
24,2,"[0.1730834559438083, 0.0868371509040967]"
24,3,"[0.1968034639649227, 0.15267913552283274]"
25,0,"[0.019360255501624984, 0.03241783174402213]"
25,1,"[-0.05979357129990347, 0.0032238711541332093]"
25,2,"[-0.031421652848885276, 0.03359558243268962]"
25,3,"[-0.0359046821123882, 0.0339043131159914]"
26,0,"[-0.4367853598425707, 0.22317034489772591]"
26,1,"[-0.12508140458636022, 0.2085910294807472]"
26,2,"[-0.32593035285146665, 0.21226692955386015]"
26,3,"[-0.2918163658389773, 0.21052701753088196]"
27,0,"[-0.19498367430114477, -0.10979731025629194]"
27,1,"[-0.2423758364745951, -0.08396514113748464]"
27,2,"[-0.2397844475935659, -0.10677421658331597]"
27,3,"[-0.24871349785368085, -0.09682607735277585]"
28,0,"[0.0041231722105309065, -0.2261325453772749]"
28,1,"[-0.16654681527040774, 0.029104944228334175]"
28,2,"[-0.1420152283466224, 0.0013841862721729083]"
28,3,"[-0.08902356063595737, -0.13803935309580892]"
29,0,"[0.20837989867101328, 0.29509558942025993]"
29,1,"[0.22589729520143043, 0.27730706773965863]"
29,2,"[0.18365676339545495, 0.2976135660386592]"
29,3,"[0.17530662001933445, 0.29839973414816656]"
30,0,"[-0.3723494041286952, 0.3370481134835718]"
30,1,"[-0.06745056253397397, 0.14021860381388196]"
30,2,"[-0.3105583925614497, 0.2436109584966871]"
30,3,"[-0.37459635498555083, 0.28515912181651937]"
31,0,"[-0.07309215794066931, 0.29305994980818145]"
31,1,"[0.03083986112582183, 0.1807161940332283]"
31,2,"[-0.06219157316916837, 0.24813392409568588]"
31,3,"[-0.0694977565169046, 0.2601544035817081]"
32,0,"[-0.15111164693883417, 8.366321105447716e-05]"
32,1,"[-0.3621656469886378, -0.04653340671624591]"
32,2,"[-0.32623382478827634, -0.029458685062905943]"
32,3,"[-0.13424712242839545, 0.015890390964865164]"
33,0,"[-0.05172033752877204, 0.1518213671729678]"
33,1,"[0.007721106560625253, -0.024201632836373048]"
33,2,"[-0.025247609629442183, 0.0704375262966158]"
33,3,"[-0.01236270082357396, 0.044275816961109465]"
34,0,"[-0.393218508865963, 0.03955375097107955]"
34,1,"[-0.3287867394274066, -0.029695912800314812]"
34,2,"[-0.38962695833218414, 0.016644440377351605]"
34,3,"[-0.3835087355481087, 0.010516385870195974]"
35,0,"[-0.7405668797353341, -0.03431977326840011]"
35,1,"[-0.5465247829276364, 0.048238099797013115]"
35,2,"[-0.630434076089537, -0.026938135015037154]"
35,3,"[-0.6388086191367135, -0.029390157726893296]"
36,0,"[0.16486183195956877, 0.0713162989066744]"
36,1,"[0.051889589423929586, 0.128381929874]"
36,2,"[0.12197232402910999, 0.09910326074829923]"
36,3,"[0.15609545744632078, 0.09812264312409338]"
37,0,"[0.042089988891730004, 0.1971386746503789]"
37,1,"[0.028892482212018053, 0.15834532861190198]"
37,2,"[0.062226446109783125, 0.1774156431105639]"
37,3,"[0.062226446109783125, 0.1774156431105639]"
38,0,"[-0.21250947230759554, 0.11866688121551933]"
38,1,"[-0.17339638594083473, 0.11744369501044453]"
38,2,"[-0.17339756319104643, 0.11748098307805116]"
38,3,"[-0.22277030353524763, 0.11795209739659879]"
39,0,"[0.017318362414136923, -0.3613738153954521]"
39,1,"[-0.006025062725521321, -0.0929640578083564]"
39,2,"[-0.0013585690699749117, -0.10766772272582695]"
39,3,"[0.018267303081024592, -0.2602070202574926]"
40,0,"[0.4184871301025914, -0.18106592780267527]"
40,1,"[0.2538773930004961, -0.10504901411550166]"
40,2,"[0.3590570285169905, -0.12717473386105116]"
40,3,"[0.379181225398037, -0.13777453760342784]"
41,0,"[0.43213132157630546, -0.5124313779737297]"
41,1,"[0.030885996744788743, -0.520834889289579]"
41,2,"[0.11001756412676722, -0.5239752650531587]"
41,3,"[0.15329161703641625, -0.5229654377424685]"
42,0,"[-0.1228684235503209, 0.4851168911289997]"
42,1,"[-0.11235789051891357, 0.45113385468544775]"
42,2,"[-0.12211973811336901, 0.4855806759110455]"
42,3,"[-0.12372095284739237, 0.4897087532439051]"
43,0,"[0.08825013908104097, 0.21375480788447995]"
43,1,"[0.13074198831145042, -0.0581741105401072]"
43,2,"[0.09767869105544162, 0.056777028167411835]"
43,3,"[0.09924447668745709, 0.11345567782346243]"
44,0,"[0.22188683183409233, 0.1853514526939793]"
44,1,"[-0.10653173784875873, 0.20812308980861488]"
44,2,"[0.059169861126285195, 0.13709692354783665]"
44,3,"[0.11105029923268134, 0.1331059340611745]"
45,0,"[-0.39801981637324046, 0.09376019147282878]"
45,1,"[-0.15049143823027178, 0.14655206087018363]"
45,2,"[-0.15072026818636486, 0.14654333110143408]"
45,3,"[-0.26030378972496976, 0.11408600676090236]"
46,0,"[0.39776986247398255, 0.03133150311943018]"
46,1,"[0.24526898714984963, -0.02048623198680284]"
46,2,"[0.36036473280805514, 0.024060252861464092]"
46,3,"[0.4441284043305581, 0.05564551337800919]"
47,0,"[-0.1875162581155025, -0.23850585625234924]"
47,1,"[-0.24592006742943684, -0.1121487247438208]"
47,2,"[-0.22379608877068657, -0.13689318587914365]"
47,3,"[-0.18751625811550243, -0.19383141548082697]"
48,0,"[-0.004029750234590193, -0.293609868622756]"
48,1,"[-0.09499641770109432, -0.08290619427154855]"
48,2,"[-0.10303557006355767, -0.10972808259834967]"
48,3,"[-0.10391177011868209, -0.12231877289429682]"
49,0,"[-0.2665375988379691, 0.13592971414316352]"
49,1,"[-0.3659649069543528, -0.03741084162538285]"
49,2,"[-0.28070683894241477, 0.07820076867435692]"
49,3,"[-0.2477116228305919, 0.1294498723214645]"
50,0,"[-0.11433332730073514, 0.17079061102394377]"
50,1,"[-0.07796753265437861, 0.07405730322416201]"
50,2,"[-0.1049427831565968, 0.13537008893155342]"
50,3,"[-0.12402270228024226, 0.2134255563160651]"
51,0,"[0.3190339358621401, 0.05541623095684959]"
51,1,"[0.09658694573640182, 0.15918861170060722]"
51,2,"[0.18287924398860306, 0.10174787698118568]"
51,3,"[0.13669045388151216, 0.12418086335404557]"
52,0,"[0.34001033449618195, 0.11254473297537496]"
52,1,"[0.20870645979503813, 0.011535655770365402]"
52,2,"[0.28429092889139546, 0.05460909122764488]"
52,3,"[0.31732958379511145, 0.08049363857505018]"
53,0,"[0.17315618005380737, 0.03822810270725001]"
53,1,"[0.05606053982967492, 0.010198048248091465]"
53,2,"[0.1541477318881424, 0.03123659955799081]"
53,3,"[0.20526420143795196, 0.051903871467635]"
54,0,"[0.08400084227091259, -0.2257219210260931]"
54,1,"[0.10627863129415484, -0.1071138847009237]"
54,2,"[0.10664811276297646, -0.1152586979333008]"
54,3,"[0.10277418856630567, -0.13283379268626894]"
55,0,"[-0.19591616490221586, 0.15429963632800092]"
55,1,"[-0.0639981236309209, 0.1532088071538176]"
55,2,"[-0.08965042019170108, 0.15159771417081508]"
55,3,"[-0.1910839743509003, 0.15520723722223773]"
56,0,"[0.19404714788690128, 0.20726533801137734]"
56,1,"[0.17171906418000488, 0.18222658791746185]"
56,2,"[0.1830778123200707, 0.1990795778371594]"
56,3,"[0.20094570587112143, 0.21206139855303377]"
57,0,"[-0.23638890786819589, 0.2841416381508574]"
57,1,"[-0.10089594333021071, 0.041388408182361475]"
57,2,"[-0.13216319701303164, 0.12713312656051234]"
57,3,"[-0.1995564409625633, 0.23058487230039038]"
58,0,"[0.18688202257088193, -0.1744951760052931]"
58,1,"[0.07913709376013763, -0.13242880010080796]"
58,2,"[0.1108266903550241, -0.17479023700369398]"
58,3,"[0.13011421716191884, -0.18545420842960308]"
59,0,"[-0.27542895995740063, -0.34483343595710003]"
59,1,"[-0.2034690959713192, -0.3025248454424134]"
59,2,"[-0.2613649552077335, -0.35258294093685993]"
59,3,"[-0.2613649552077335, -0.35258294093685993]"
60,0,"[-0.437664450213084, 0.13065060634595754]"
60,1,"[-0.42615910573070603, -0.13671655358596102]"
60,2,"[-0.42341595232641926, -0.01957834933925872]"
60,3,"[-0.4332588459729114, 0.06841714142847644]"
61,0,"[0.4365820052176942, -0.03996175476442896]"
61,1,"[0.416443420837841, -0.1331360887860975]"
61,2,"[0.4250573256869382, -0.09312376267960498]"
61,3,"[0.44073608036847634, -0.07093322056671261]"
62,0,"[-0.0777468289628746, -0.16826033224623582]"
62,1,"[0.00021619587848039842, -0.1495354674459542]"
62,2,"[-0.003951922325218803, -0.14809332667706604]"
62,3,"[-0.07941807924471059, -0.16695626786586015]"
63,0,"[0.15091053192871592, 0.5207816537190182]"
63,1,"[0.17310020073983484, -0.06543563056882819]"
63,2,"[0.16938467759607767, 0.16088114341103832]"
63,3,"[0.16775616189158044, 0.02326099202729525]"
64,0,"[0.25318322027444373, -0.04765120323823409]"
64,1,"[0.11340454040087566, -0.08587680164401203]"
64,2,"[0.23855842935289207, -0.049654529511648]"
64,3,"[0.27487533845568335, -0.041952551533492935]"
65,0,"[-0.4386500230405529, -0.08136805240698032]"
65,1,"[-0.35930808667384406, -0.08990492975813565]"
65,2,"[-0.38670478528158825, -0.07967064566086171]"
65,3,"[-0.4150980294904809, -0.08247861724447897]"
66,0,"[0.22193629396528275, -0.1560117800768987]"
66,1,"[0.14722419177248486, -0.20537783185829508]"
66,2,"[0.17360531780444122, -0.18967439188638666]"
66,3,"[0.22611159193482605, -0.15262286077516415]"
67,0,"[-0.13694763576253485, 0.1801898087563461]"
67,1,"[-0.2216048120736127, 0.136520244129116]"
67,2,"[-0.20099999203307928, 0.16513908857158024]"
67,3,"[-0.14368386401401018, 0.1851323749686554]"
68,0,"[0.3448342368964348, -0.18450474476157105]"
68,1,"[0.29778701032773913, 0.04093991422302885]"
68,2,"[0.2945848370844996, 0.006673591483707227]"
68,3,"[0.2955661938625225, -0.04480730206516346]"
69,0,"[-0.0755348940003013, -0.11969514070874668]"
69,1,"[-0.1440725709413048, -0.12682034297803726]"
69,2,"[-0.055043655936288315, -0.1438638001594388]"
69,3,"[-0.11760010358356283, -0.14243554695153615]"
70,0,"[0.12886200631068695, -0.4286371397755702]"
70,1,"[-0.008256343832837638, -0.4164570222667062]"
70,2,"[0.1091577354985463, -0.4231474558135446]"
70,3,"[0.17042073966201687, -0.44299584003543313]"
71,0,"[0.22860644513196204, -0.19594609606061558]"
71,1,"[0.20584207524576204, 0.1668032631438745]"
71,2,"[0.21576989747250006, 0.02976940440462892]"
71,3,"[0.2289081759097997, -0.03187672427957343]"
72,0,"[-0.3957606192258365, -0.488402399217593]"
72,1,"[-0.14606477555665223, -0.09937321870500876]"
72,2,"[-0.28814331890604095, -0.26288469620129407]"
72,3,"[-0.3749328475021342, -0.3924577418587526]"
73,0,"[0.32258909372838707, 0.036710250710116854]"
73,1,"[0.17983170669686166, -0.05934779498764567]"
73,2,"[0.2737516884227331, 0.02232001895211186]"
73,3,"[0.35173174063831636, 0.06242745286467036]"
74,0,"[-0.4336947456534995, -0.32963268485525454]"
74,1,"[-0.5062610557943258, -0.26106972826130603]"
74,2,"[-0.44422778392623935, -0.2843379052924199]"
74,3,"[-0.4138119063247366, -0.31679783828433006]"
0,0,"[-0.118819785029919, -0.4577782986507426]"
0,1,"[-0.009232417102816873, -0.46558723675888203]"
0,2,"[-0.02600333305668634, -0.471141908237969]"
0,3,"[-0.026003334258245997, -0.4711419062062072]"
1,0,"[0.2532108900671721, -0.08998290375264958]"
1,1,"[0.06823288915473615, -0.08428555054400666]"
1,2,"[0.08639287196187309, -0.09390855512616535]"
1,3,"[0.16223108448459717, -0.08998290375264958]"
2,0,"[0.19106235345535566, 0.05402399113475707]"
2,1,"[0.10599818944490627, 0.17997982894165626]"
2,2,"[0.19154799657147173, 0.0792629763745222]"
2,3,"[0.2056446928793078, 0.0518107752993373]"
3,0,"[-0.11254591220620963, 0.3279309929738234]"
3,1,"[-0.18269527603449368, 0.23449057300526965]"
3,2,"[-0.18257024171609132, 0.2346454691010131]"
3,3,"[-0.09736718877983672, 0.3424753263703972]"
4,0,"[-0.250305352570729, 0.1622969568187796]"
4,1,"[-0.11173701823557837, 0.1615486018927569]"
4,2,"[-0.17785900750013628, 0.16680604385904182]"
4,3,"[-0.2172288051805821, 0.1639359317150219]"
5,0,"[0.22176452715607903, 0.23754263385814273]"
5,1,"[0.10230831153492165, 0.1892419294285444]"
5,2,"[0.14885548158697817, 0.2066567443742995]"
5,3,"[0.23984132383874102, 0.24556815656851347]"
6,0,"[-0.4485095110553683, -0.20703353811488479]"
6,1,"[-0.2373736720777359, -0.19080143624601809]"
6,2,"[-0.37163892581851454, -0.21378305075372034]"
6,3,"[-0.41807207430504995, -0.21489783969677176]"
7,0,"[0.18139761126534384, 0.2092785175120918]"
7,1,"[0.1898900252509289, -0.020218528145450852]"
7,2,"[0.18127799055874644, 0.08135370185857653]"
7,3,"[0.18146754611263016, 0.17410952064126703]"
8,0,"[-0.3451523313315806, -0.13693633867297392]"
8,1,"[-0.1405615027635011, -0.12063962141762996]"
8,2,"[-0.18051409474261854, -0.1234291983887997]"
8,3,"[-0.300532369376653, -0.13825527775640084]"
9,0,"[0.24635879838178432, 0.06785525622292465]"
9,1,"[0.16426108481198326, 0.1440915755475196]"
9,2,"[0.17138824690534432, 0.11503626505475847]"
9,3,"[0.1954939967616734, 0.06785525622292465]"
10,0,"[0.02711554200821321, -0.23585201934855765]"
10,1,"[-0.11165934653949168, -0.12517067554875333]"
10,2,"[-0.04384950663010633, -0.21224678022298693]"
10,3,"[0.015973282267501, -0.2370576068847724]"
11,0,"[0.08971317313624247, -0.06814577562483864]"
11,1,"[-0.00010811016547278285, 0.02904634957501342]"
11,2,"[0.08065365427098521, -0.06389408575424524]"
11,3,"[0.08065365427098521, -0.06389408575424524]"
12,0,"[-0.08142479625248089, -0.08183439607175977]"
12,1,"[0.17543947379382763, 0.14235703982539827]"
12,2,"[0.10018357280364061, 0.07466993315661129]"
12,3,"[-0.01910008083353138, -0.02784964259664957]"
13,0,"[0.14475140818848478, 0.22546385243264663]"
13,1,"[0.06169929666358802, 0.1912604786924913]"
13,2,"[0.12511652219445205, 0.2154308665949204]"
13,3,"[0.14493764154527206, 0.22413930920087732]"
14,0,"[0.10598591530562651, -0.06531044724572618]"
14,1,"[0.14531046137227138, -0.03709073595040001]"
14,2,"[0.13972448955754097, -0.037591129369646425]"
14,3,"[0.10123279398863236, -0.07236882116214836]"
15,0,"[-0.4136452788489219, -0.06444656562498753]"
15,1,"[-0.2793789359130021, -0.05076205814645315]"
15,2,"[-0.30033494265582916, -0.07098564371988066]"
15,3,"[-0.34572711946666485, -0.11112212558515142]"
16,0,"[-0.12467914512703726, -0.04800845672164317]"
16,1,"[0.04846582953652866, -0.11490740422186388]"
16,2,"[-0.02235814052914291, -0.10997636010191385]"
16,3,"[0.02429443073650661, -0.11119286401204713]"
17,0,"[-0.410912480648153, -0.3597148223425104]"
17,1,"[-0.3485035275085283, -0.2732908334676384]"
17,2,"[-0.40564149195507504, -0.34682397177945784]"
17,3,"[-0.36987187466190863, -0.28530937643993987]"
18,0,"[-0.08606120226492653, -0.254530345533349]"
18,1,"[-0.15650788693581927, -0.1911713617944016]"
18,2,"[-0.16139058776123352, -0.18841780330034613]"
18,3,"[-0.10836118859756126, -0.21150824167647803]"
19,0,"[0.596832141424168, -0.0348327174347267]"
19,1,"[0.6042594859492705, 0.1426989932978726]"
19,2,"[0.6049061489862811, 0.07381782674521227]"
19,3,"[0.6049696504784446, 0.07796481735071703]"
20,0,"[-0.11695740256549839, -0.007810590773558473]"
20,1,"[-0.1492322006226671, -0.09357449728872147]"
20,2,"[-0.12582742512756, -0.08821792705431182]"
20,3,"[-0.11361045859449687, -0.04714278432910296]"
21,0,"[0.19057203555701038, 0.17477497354032634]"
21,1,"[0.23890605280637078, 0.04579113380873824]"
21,2,"[0.2355840202505621, 0.08557950991277843]"
21,3,"[0.19575184015247635, 0.15952172090665098]"
22,0,"[0.44649253904338193, 0.2579446994098217]"
22,1,"[0.1059211977370007, 0.026875013708824724]"
22,2,"[0.1061890286820176, 0.027031683013575794]"
22,3,"[0.2894155511515538, 0.20841809130398567]"
23,0,"[-0.014107716034429597, -0.1084335491803865]"
23,1,"[-0.06032865016669468, 0.05370065133656601]"
23,2,"[-0.05672460143695664, 0.04027622714263611]"
23,3,"[-0.05133219640600285, 0.02846589904050503]"
24,0,"[-0.044246619402432845, 0.5839895722012993]"
24,1,"[0.057881676545095545, 0.42360367347197064]"
24,2,"[0.05109315320294998, 0.425445951173543]"
24,3,"[-0.057757392345258535, 0.5578010673133389]"
25,0,"[0.20103344212789542, -0.03632991129253669]"
25,1,"[-0.017489823685393858, -0.03997532717943261]"
25,2,"[0.07510098189195802, -0.036652810499494363]"
25,3,"[0.14398687857006687, -0.03580171458863441]"
26,0,"[0.032175585320292105, 0.14923619456620518]"
26,1,"[0.08377248431749894, 0.21318620107755415]"
26,2,"[0.08425871230128744, 0.1791460926894646]"
26,3,"[0.04941039380457851, 0.14193129784149455]"
27,0,"[0.2848471686416833, 0.12641012875817717]"
27,1,"[0.1632680319046485, 0.10434973097478939]"
27,2,"[0.2261851773808783, 0.11636332580599286]"
27,3,"[0.1680878684287497, 0.10576375158073335]"
28,0,"[0.00784567914778965, 0.14731318153636558]"
28,1,"[-0.015906060808324553, -0.04085719483300895]"
28,2,"[0.007845679147789664, 0.062074215262440086]"
28,3,"[0.009659424678231637, 0.07514336084996459]"
29,0,"[-0.12211595172958026, 0.09360244534165574]"
29,1,"[-0.12364014920103426, 0.1151990501387432]"
29,2,"[-0.1222562711303958, 0.09828748065042484]"
29,3,"[-0.12210227862539585, 0.09178638259750901]"
30,0,"[-0.07545986119828435, 0.14578221042185693]"
30,1,"[0.04987872111594661, 0.0037807108679776234]"
30,2,"[-0.03429311625105008, 0.09519352467270893]"
30,3,"[-0.09980517934726554, 0.17544293459653376]"
31,0,"[0.09100734382659534, -0.2674578006843364]"
31,1,"[-0.12652632026548322, -0.1938025510028427]"
31,2,"[-0.10152170811280953, -0.21019625828385566]"
31,3,"[-0.09377420291052743, -0.21461253828388457]"
32,0,"[-0.20227836499066168, -0.05205058202104177]"
32,1,"[-0.1941310161719124, -0.08634593932671096]"
32,2,"[-0.1934841191550586, -0.058177895904268195]"
32,3,"[-0.1918371753772542, -0.04942794822708313]"
33,0,"[-0.25750747732294343, 0.1064420194800049]"
33,1,"[-0.16129329980766235, 0.2756044145073854]"
33,2,"[-0.20143241924314947, 0.2614967522419829]"
33,3,"[-0.2497893223849376, 0.2030444967132345]"
34,0,"[0.4771059103174403, -0.1513746269092825]"
34,1,"[0.13748743301122626, -0.1655516783519841]"
34,2,"[0.1376927780708146, -0.16553344738523265]"
34,3,"[0.36350368814534556, -0.15121105710558205]"
35,0,"[-0.18376612493717998, -0.30443901338190776]"
35,1,"[-0.18222608746651858, -0.20850118805150736]"
35,2,"[-0.18942927514774954, -0.2724671841025598]"
35,3,"[-0.19216976089135523, -0.298835468540311]"
36,0,"[0.08505976661368192, -0.5906693164851455]"
36,1,"[-0.05079222499291428, -0.45319291483551444]"
36,2,"[-0.004003015296796968, -0.5033179333143908]"
36,3,"[0.06311495226770286, -0.5740190920406868]"
37,0,"[0.5471224954571221, -0.02663412808955329]"
37,1,"[0.3532221440965506, -0.010428710446438061]"
37,2,"[0.3759366987927176, 0.0008058800055871784]"
37,3,"[0.41426497003263946, -0.005250953771459704]"
38,0,"[-0.08938215196649979, -0.3739890610912774]"
38,1,"[-0.029181760151221176, -0.37776333896692693]"
38,2,"[-0.028703532212670864, -0.3876369745189844]"
38,3,"[-0.1039538812380528, -0.40136697569085156]"
39,0,"[-0.05786587389980091, 0.16449505042205845]"
39,1,"[-0.003640601777571646, 0.06645706607433018]"
39,2,"[-0.022040286009847858, 0.09232904347331194]"
39,3,"[-0.07046114673350301, 0.19430683963353543]"
40,0,"[-0.07757094560570549, 0.14721201383634924]"
40,1,"[0.03597282673573918, -0.03494272986468861]"
40,2,"[-0.0019876885344794204, 0.017317585551378932]"
40,3,"[-0.03192329524377584, 0.0617213881716736]"
41,0,"[-0.3143929355995101, -0.2259553934568077]"
41,1,"[-0.12265718514020241, -0.2376833276689866]"
41,2,"[-0.25231984543952074, -0.22845124872248457]"
41,3,"[-0.36191455359635377, -0.22387155319151983]"
42,0,"[-0.025108449985531536, 0.22505348940188946]"
42,1,"[-0.044509469168689086, 0.25746257843980574]"
42,2,"[-0.02588644485539389, 0.21794277770975434]"
42,3,"[-0.022976568691481153, 0.21503490440315848]"
43,0,"[0.13013345086323527, -0.012472625560015063]"
43,1,"[0.09394867566696219, -0.04838557150447819]"
43,2,"[0.12088394785680442, -0.030066038365542485]"
43,3,"[0.1291599499977324, -0.013056041634231401]"
44,0,"[-0.6115009114239721, -0.40574850482744707]"
44,1,"[-0.3603213785868198, 0.04836319654968122]"
44,2,"[-0.4505108348692139, -0.10986691162917492]"
44,3,"[-0.40580406057413726, -0.03291577063768465]"
45,0,"[-0.09418555016807859, -0.05748478065083851]"
45,1,"[-0.04869709440951027, -0.3128089337277678]"
45,2,"[-0.05417998540340124, -0.17774958097580434]"
45,3,"[-0.05880564539090197, -0.12437864902973661]"
46,0,"[0.05751386535760365, -0.04748890657511781]"
46,1,"[0.12885891399401195, -0.021476557645196084]"
46,2,"[0.09816165160738943, -0.04116667200155279]"
46,3,"[0.11105645400922173, -0.03676343577572508]"
47,0,"[0.016427281030741703, 0.29983049214894464]"
47,1,"[-0.0910086732105039, 0.16693151593105474]"
47,2,"[-0.05438019580324667, 0.23536960558602543]"
47,3,"[-0.05704154007581595, 0.2319396989167681]"
48,0,"[0.1370555782881871, 0.5309130625993839]"
48,1,"[-0.03191543825445845, 0.19120621736841753]"
48,2,"[0.017045516974447172, 0.35068778504578113]"
48,3,"[0.00814768845504013, 0.3254496581281173]"
49,0,"[-0.23797661136661674, -0.28918824514813274]"
49,1,"[-0.16982965963455068, -0.3322914477302303]"
49,2,"[-0.19017270085983748, -0.3281842485831967]"
49,3,"[-0.17233050294118984, -0.33075720966518085]"
50,0,"[-0.09992933708393281, 0.16223412683014873]"
50,1,"[-0.019580404091584097, 0.10550583665151864]"
50,2,"[-0.07193177119135123, 0.1592923795597135]"
50,3,"[-0.09434854660459505, 0.17425198947288903]"
51,0,"[-0.11665825631279624, -0.29639751458825925]"
51,1,"[-0.18860198070522133, -0.11037059545862005]"
51,2,"[-0.11835977672640632, -0.2963663051410342]"
51,3,"[-0.10377584490106209, -0.34452210460735777]"
52,0,"[-0.054158133403582456, 0.19476018976572923]"
52,1,"[-0.06577391187293564, 0.059917813239542025]"
52,2,"[-0.06227881082551746, 0.1310803337939931]"
52,3,"[-0.056105547043428294, 0.15628484686618205]"
53,0,"[-0.260345519588, -0.14820886127296645]"
53,1,"[-0.047326573972067715, -0.30917793453839]"
53,2,"[-0.14634074306683134, -0.21954702667421747]"
53,3,"[-0.20847920955814608, -0.1618170413431147]"
54,0,"[-0.10964973118869752, -0.059414565309047096]"
54,1,"[-0.09122705139187322, -0.10985000005833698]"
54,2,"[-0.10481095369040123, -0.07375154488406294]"
54,3,"[-0.11308539589584915, -0.0492002856512119]"
55,0,"[-0.07955884013800538, 0.4647655989091584]"
55,1,"[-0.17944976980151697, 0.4317211708989881]"
55,2,"[-0.13308311776687778, 0.4392890491047627]"
55,3,"[-0.06380688569454655, 0.47396843397997424]"
56,0,"[0.467675636075903, 0.14705640967180011]"
56,1,"[-0.15211433436739227, -0.0188796247467945]"
56,2,"[0.13282958111716145, 0.08299237499005843]"
56,3,"[0.2506906982848743, 0.12470140480009795]"
57,0,"[-0.05481470643892844, -0.07904412779127434]"
57,1,"[-0.15534709826981058, -0.11056748991395866]"
57,2,"[-0.13964955558996356, -0.09867804070842108]"
57,3,"[-0.1403092429427425, -0.09991109040372408]"
58,0,"[-0.09799354961415639, 0.11191299409145113]"
58,1,"[-0.036104105863555724, 0.02933253570170989]"
58,2,"[-0.07414810112767199, 0.0757546758849851]"
58,3,"[-0.11352563310688832, 0.13486346885177752]"
59,0,"[-0.06763586898278895, -0.5106383706280181]"
59,1,"[0.004400253381283277, 0.010954208394789562]"
59,2,"[-0.06019228196456526, -0.21813948099542727]"
59,3,"[-0.048376778218174, -0.14271326907582887]"
60,0,"[0.26958459164581783, -0.059557308555682933]"
60,1,"[0.09157182013911865, 0.03348231031295272]"
60,2,"[0.11290015221946005, -0.03254728423938952]"
60,3,"[0.2431200268089747, -0.07066100722421634]"
61,0,"[-0.08783873895326913, 0.43302212728272554]"
61,1,"[-0.06965808401119497, 0.299705700980367]"
61,2,"[-0.08440591163755219, 0.3520641648190713]"
61,3,"[-0.08722652526523163, 0.46236594661573316]"
62,0,"[0.25316961673298005, -0.10147337128138753]"
62,1,"[0.10732409217530457, -0.002534086017670273]"
62,2,"[0.22213213110430907, -0.05163110008819556]"
62,3,"[0.15789340741912672, -0.021661045297939815]"
63,0,"[0.108260238870726, 0.20892768534962267]"
63,1,"[0.07100473250744319, 0.13958625971861188]"
63,2,"[0.10158831678006526, 0.20298675233981114]"
63,3,"[0.1391269636477628, 0.23218253964419583]"
64,0,"[-0.10776224263665908, 0.33807504374400915]"
64,1,"[-0.13372434586556778, 0.27316890295197166]"
64,2,"[-0.12754056750130133, 0.2827264485008258]"
64,3,"[-0.09939079287929276, 0.32566682489974136]"
65,0,"[-0.043453243673386696, 0.022881734260410687]"
65,1,"[-0.16928064427676628, 0.050297231435895776]"
65,2,"[-0.06806140952998135, 0.0228817342604107]"
65,3,"[-0.0469610080882643, 0.018808536096579266]"
66,0,"[0.0389195647294044, -0.1886665181833505]"
66,1,"[-0.020189195376696504, -0.10093569253969456]"
66,2,"[-5.325499097728545e-05, -0.13276359456038722]"
66,3,"[0.04265155506056411, -0.17639040889834268]"
67,0,"[-0.0162223858032765, -0.045399503292701635]"
67,1,"[-0.012369505967149995, -0.12112335615192757]"
67,2,"[-0.017301973142641244, -0.05673453408245913]"
67,3,"[-0.017301973142663865, -0.05673453408239574]"
68,0,"[-0.19540082336887005, -0.20305631857233197]"
68,1,"[-0.19651552656302929, -0.3218812755412058]"
68,2,"[-0.19158918757282642, -0.22569491038467954]"
68,3,"[-0.19152537572158682, -0.20431944697667037]"
69,0,"[0.2543807487660907, 0.1764774552768689]"
69,1,"[0.22201979995437926, 0.13158546754430453]"
69,2,"[0.23695755531662155, 0.17444006802869266]"
69,3,"[0.24540496278246965, 0.18260753377237268]"
70,0,"[0.3516414447855125, 0.2949451536102993]"
70,1,"[0.04414909937506895, 0.15770457097640272]"
70,2,"[0.15292922489355967, 0.19648645220154548]"
70,3,"[0.09302501725854832, 0.1691045823082425]"
71,0,"[-0.37193433055844044, 0.4683586775975151]"
71,1,"[-0.14160193169200885, 0.0349585461229347]"
71,2,"[-0.30638324686408414, 0.26663904836348734]"
71,3,"[-0.37243991933806325, 0.3761675110130707]"
72,0,"[-0.12634975572340282, -0.10218578690750907]"
72,1,"[-0.08550676525704255, -0.019791304913240066]"
72,2,"[-0.10890986762387228, -0.05769051042812075]"
72,3,"[-0.09151974848588651, -0.036359579378762434]"
73,0,"[-0.027967594359155024, -0.08345088889128288]"
73,1,"[-0.04032456804945672, -0.17650260051308264]"
73,2,"[-0.026277512206783593, -0.13014796404702317]"
73,3,"[-0.02637356384617509, -0.11691440424280039]"
74,0,"[-0.15660670578123648, -0.11973281508200731]"
74,1,"[-0.05900450790281507, -0.056559379665725995]"
74,2,"[-0.10819624848653155, -0.1263386783649433]"
74,3,"[-0.1602524588770116, -0.15909626022763362]"
