0,0,55.0,0.49846446110607223
0,0,12.0,0.3423085021296112
0,0,52.0,0.2584866143629855
0,0,49.0,0.14276553811352238
0,1,55.0,0.46089710894124375
0,1,12.0,0.3798758542944397
0,1,52.0,0.296053966527814
0,1,49.0,0.1803328902783509
0,2,55.0,0.4857790319472805
0,2,12.0,0.35499393128840295
0,2,52.0,0.2711720435217772
0,2,49.0,0.1554509672723141
0,3,55.0,0.46834023696984584
0,3,12.0,0.3724327262658376
0,3,52.0,0.2886108384992119
0,3,49.0,0.17288976224974878
1,0,55.0,0.3904877743304229
1,0,12.0,0.03427974959438562
1,0,52.0,0.09725787754884242
1,0,49.0,0.24357658806207494
1,1,55.0,0.3274979354819382
1,1,12.0,0.028710089254099097
1,1,52.0,0.0342680387003577
1,1,49.0,0.18058674921359022
1,2,55.0,0.3518913327990329
1,2,12.0,0.004316691937004374
1,2,52.0,0.058661436017452426
1,2,49.0,0.20498014653068494
1,3,55.0,0.3991317242662393
1,3,12.0,0.042923699530202
1,3,52.0,0.1059018274846588
1,3,49.0,0.2522205379978913
2,0,55.0,0.11701669125805247
2,0,12.0,0.8647249835381441
2,0,52.0,0.2459299189335026
2,0,49.0,0.19435488670684642
2,1,55.0,0.013060935471303695
2,1,12.0,0.7346473568087879
2,1,52.0,0.11585229220414645
2,1,49.0,0.3244325134362026
2,2,55.0,0.0300556074776338
2,2,12.0,0.7777638997577254
2,2,52.0,0.15896883515308394
2,2,49.0,0.2813159704872651
2,3,55.0,0.0163647626789746
2,3,12.0,0.7640730549590662
2,3,52.0,0.14527799035442474
2,3,49.0,0.29500681528592426
3,0,57.0,0.44256971559176583
3,0,85.0,0.2365887886317113
3,0,53.0,0.4033307977766809
3,0,65.0,0.6583534885990396
3,1,57.0,0.11105289533070553
3,1,85.0,0.09492803162934899
3,1,53.0,0.0718139775156206
3,1,65.0,0.3268366683379793
3,2,57.0,0.17702412042324206
3,2,85.0,0.02895680653681244
3,2,53.0,0.13778520260815713
3,2,65.0,0.39280789343051586
3,3,57.0,0.35247164955717036
3,3,85.0,0.14649072259711585
3,3,53.0,0.31323273174208544
3,3,65.0,0.5682554225644442
4,0,57.0,0.2040369730141512
4,0,85.0,0.006406675426704936
4,0,53.0,0.017904438290429973
4,0,65.0,0.012243846874147115
4,1,57.0,0.11379803199500865
4,1,85.0,0.08383226559243762
4,1,53.0,0.07233450272871259
4,1,65.0,0.07799509414499543
4,2,57.0,0.1356255651232109
4,2,85.0,0.062004732464235365
4,2,53.0,0.05050696960051033
4,2,65.0,0.05616756101679319
4,3,57.0,0.18812475140821155
4,3,85.0,0.009505546179234714
4,3,53.0,0.001992216684490322
4,3,65.0,0.0036683747317925357
5,0,57.0,0.6063570934411311
5,0,85.0,0.34618302200057416
5,0,53.0,0.27052075011139143
5,0,65.0,0.2051018284578153
5,1,57.0,0.48751878707781904
5,1,85.0,0.46502132836388627
5,1,53.0,0.3893590564747035
5,1,65.0,0.3239401348211274
5,2,57.0,0.5658292858967939
5,2,85.0,0.3867108295449113
5,2,53.0,0.31104855765572853
5,2,65.0,0.24562963600215243
5,3,57.0,0.6120453371696188
5,3,85.0,0.3404947782720864
5,3,53.0,0.2648325063829037
5,3,65.0,0.19941358472932755
6,0,23.0,0.45071777889136166
6,0,15.0,0.6317581306623525
6,0,36.0,0.5342828252580457
6,0,41.0,0.2317894880920109
6,1,23.0,0.3308616797533228
6,1,15.0,0.7516142298003914
6,1,36.0,0.41442672612000686
6,1,41.0,0.35164558723004974
6,2,23.0,0.44454477895084626
6,2,15.0,0.6379311306028679
6,2,36.0,0.5281098253175303
6,2,41.0,0.2379624880325263
6,3,23.0,0.4398331569083196
6,3,15.0,0.6426427526453946
6,3,36.0,0.5233982032750036
6,3,41.0,0.24267411007505293
7,0,23.0,1.022000136512668
7,0,15.0,0.3999542743037919
7,0,36.0,0.09063338543260782
7,0,41.0,0.4816678507586718
7,1,23.0,0.9901941525294182
7,1,15.0,0.36814829032054214
7,1,36.0,0.12243936941585755
7,1,41.0,0.5134738347419215
7,2,23.0,1.0177969329925973
7,2,15.0,0.3957510707837213
7,2,36.0,0.09483658895267842
7,2,41.0,0.4858710542787424
7,3,23.0,1.0230665939623407
7,3,15.0,0.4010207317534645
7,3,36.0,0.08956692798293522
7,3,41.0,0.4806013933089992
8,0,23.0,0.17698725428080497
8,0,15.0,0.03403753007609039
8,0,36.0,0.05389305739944111
8,0,41.0,0.7335176546749609
8,1,23.0,0.12471596810697776
8,1,15.0,0.018233756097736815
8,1,36.0,0.10616434357326832
8,1,41.0,0.6812463685011337
8,2,23.0,0.15693151368688102
8,2,15.0,0.013981789482166433
8,2,36.0,0.07394879799336507
8,2,41.0,0.713461914081037
8,3,23.0,0.15693151483023976
8,3,15.0,0.013981790625525202
8,3,36.0,0.0739487968500063
8,3,41.0,0.7134619152243957
9,0,50.0,0.34964023005474015
9,0,43.0,0.5936958252258484
9,0,2.0,0.4645829080523092
9,0,26.0,0.6276571934185966
9,1,50.0,0.37326119107898104
9,1,43.0,0.6173167862500892
9,1,2.0,0.4409619470280683
9,1,26.0,0.6040362323943558
9,2,50.0,0.3575457991411714
9,2,43.0,0.6016013943122797
9,2,2.0,0.4566773389658779
9,2,26.0,0.6197516243321654
9,3,50.0,0.3471688008469302
9,3,43.0,0.5912243960180384
9,3,2.0,0.46705433726011913
9,3,26.0,0.6301286226264066
10,0,50.0,0.2873159553340763
10,0,43.0,0.2753726761274625
10,0,2.0,0.008648062434918974
10,0,26.0,0.1331854495744565
10,1,50.0,0.11743388421409987
10,1,43.0,0.10549060500748611
10,1,2.0,0.17853013355489541
10,1,26.0,0.03669662154551997
10,2,50.0,0.1400357171283449
10,2,43.0,0.12809243792173114
10,2,2.0,0.15592830064065039
10,2,26.0,0.014094788631274916
10,3,50.0,0.1920041251617476
10,3,43.0,0.18006084595513386
10,3,2.0,0.10395989260724767
10,3,26.0,0.03787361940212779
11,0,50.0,0.21814246982423235
11,0,43.0,0.22767685339711694
11,0,2.0,0.09571397919075204
11,0,26.0,0.25271677188874775
11,1,50.0,0.3152880744978471
11,1,43.0,0.1305312487235022
11,1,2.0,0.1928595838643668
11,1,26.0,0.3498623765623625
11,2,50.0,0.2623360029591154
11,2,43.0,0.18348332026223388
11,2,2.0,0.13990751232563509
11,2,26.0,0.2969103050236308
11,3,50.0,0.22646231227969865
11,3,43.0,0.21935701094165067
11,3,2.0,0.10403382164621831
11,3,26.0,0.26103661434421405
12,0,46.0,0.10644564580215865
12,0,42.0,0.044696565585725996
12,0,82.0,0.06198265562304442
12,0,24.0,0.33329539696502175
12,1,46.0,0.1192342539808336
12,1,42.0,0.05748517376440094
12,1,82.0,0.07477126380171936
12,1,24.0,0.3460840051436967
12,2,46.0,0.12055091291543983
12,2,42.0,0.05880183269900718
12,2,82.0,0.0760879227363256
12,2,24.0,0.34740066407830295
12,3,46.0,0.13118286051206268
12,3,42.0,0.06943378029563005
12,3,82.0,0.08671987033294846
12,3,24.0,0.3580326116749258
13,0,46.0,0.816387717182278
13,0,42.0,0.1062195967930491
13,0,82.0,0.31898412366006035
13,0,24.0,0.3518651405158432
13,1,46.0,0.5161233481033258
13,1,42.0,0.40648396587200125
13,1,82.0,0.018719754581108222
13,1,24.0,0.05160077143689106
13,2,46.0,0.6149789058499657
13,2,42.0,0.3076284081253613
13,2,82.0,0.11757531232774818
13,2,24.0,0.15045632918353102
13,3,46.0,0.5696797645922023
13,3,42.0,0.3529275493831248
13,3,82.0,0.07227617106998463
13,3,24.0,0.10515718792576748
14,0,46.0,0.3104148250420948
14,0,42.0,0.44967228900246103
14,0,82.0,0.3119132766535277
14,0,24.0,0.3301288214853314
14,1,46.0,0.32742119533803843
14,1,42.0,0.4666786592984047
14,1,82.0,0.32891964694947134
14,1,24.0,0.34713519178127505
14,2,46.0,0.3760520709055922
14,2,42.0,0.5153095348659584
14,2,82.0,0.3775505225170251
14,2,24.0,0.3957660673488288
14,3,46.0,0.3798932742768907
14,3,42.0,0.5191507382372569
14,3,82.0,0.3813917258883236
14,3,24.0,0.3996072707201273
15,0,25.0,0.17248417624431467
15,0,60.0,0.5694732025549378
15,0,48.0,0.0237006147336601
15,0,16.0,0.09715862364455725
15,1,25.0,0.1034791836056361
15,1,60.0,0.5004682099162593
15,1,48.0,0.04530437790501846
15,1,16.0,0.1661636162832358
15,2,25.0,0.1070751662074523
15,2,60.0,0.5040641925180754
15,2,48.0,0.04170839530320226
15,2,16.0,0.1625676336814196
15,3,25.0,0.166531265678205
15,3,60.0,0.5635202919888281
15,3,48.0,0.017747704167550435
15,3,16.0,0.10311153421066692
16,0,25.0,0.6354895605626002
16,0,60.0,0.9668896227966186
16,0,48.0,0.49788297979550483
16,0,16.0,0.6190452989009144
16,1,25.0,0.6252505659810746
16,1,60.0,0.9566506282150931
16,1,48.0,0.4876439852139793
16,1,16.0,0.6088063043193889
16,2,25.0,0.6342694856479928
16,2,60.0,0.9656695478820112
16,2,48.0,0.4966629048808974
16,2,16.0,0.617825223986307
16,3,25.0,0.6354895605626002
16,3,60.0,0.9668896227966186
16,3,48.0,0.49788297979550483
16,3,16.0,0.6190452989009144
17,0,25.0,0.1095673832386771
17,0,60.0,0.3676411754436796
17,0,48.0,0.3975266483596896
17,0,16.0,0.49593873662315735
17,1,25.0,0.06749491613008596
17,1,60.0,0.4097136425522707
17,1,48.0,0.43959911546828073
17,1,16.0,0.5380112037317485
17,2,25.0,0.08836982922165126
17,2,60.0,0.3888387294607054
17,2,48.0,0.4187242023767154
17,2,16.0,0.5171362906401832
17,3,25.0,0.11612891210333204
17,3,60.0,0.3610796465790246
17,3,48.0,0.39096511949503465
17,3,16.0,0.48937720775850246
18,0,62.0,0.11445726440107604
18,0,47.0,0.21411916521055235
18,0,10.0,0.5010924053919896
18,0,22.0,0.05962693866280239
18,1,62.0,0.13711406754951025
18,1,47.0,0.19146236206211814
18,1,10.0,0.4784356022435554
18,1,22.0,0.036970135514368174
18,2,62.0,0.13572260830259775
18,2,47.0,0.19285382130903064
18,2,10.0,0.47982706149046794
18,2,22.0,0.038361594761280676
18,3,62.0,0.11445726440107604
18,3,47.0,0.21411916521055235
18,3,10.0,0.5010924053919896
18,3,22.0,0.05962693866280239
19,0,62.0,0.7012910547246379
19,0,47.0,0.4807778226974733
19,0,10.0,0.8855426082257072
19,0,22.0,0.22661689561072834
19,1,62.0,0.5978071418753622
19,1,47.0,0.584261735546749
19,1,10.0,0.7820586953764315
19,1,22.0,0.12313298276145263
19,2,62.0,0.6877862627513445
19,2,47.0,0.4942826146707668
19,2,10.0,0.8720378162524138
19,2,22.0,0.21311210363743488
19,3,62.0,0.7083741635119931
19,3,47.0,0.47369471391011814
19,3,10.0,0.8926257170130625
19,3,22.0,0.23370000439808353
20,0,62.0,0.8185468739654974
20,0,47.0,0.10524820312271788
20,0,10.0,0.17285655527826504
20,0,22.0,0.12349283348150097
20,1,62.0,0.7581849054521413
20,1,47.0,0.04488623460936181
20,1,10.0,0.112494586764909
20,1,22.0,0.0631308649681449
20,2,62.0,0.8016144658185833
20,2,47.0,0.08831579497580376
20,2,10.0,0.15592414713135094
20,2,22.0,0.10656042533458686
20,3,62.0,0.8185468739654974
20,3,47.0,0.10524820312271788
20,3,10.0,0.17285655527826504
20,3,22.0,0.12349283348150097
21,0,40.0,0.6194007177196422
21,0,92.0,0.2525631235413711
21,0,59.0,0.11703479761114145
21,0,58.0,0.5782580939984509
21,1,40.0,0.5313170151890361
21,1,92.0,0.16447942101076496
21,1,59.0,0.20511850014174765
21,1,58.0,0.4901743914678447
21,2,40.0,0.560041307392779
21,2,92.0,0.19320371321450786
21,2,59.0,0.17639420793800475
21,2,58.0,0.5188986836715876
21,3,40.0,0.6034143535014757
21,3,92.0,0.23657675932320454
21,3,59.0,0.13302116182930807
21,3,58.0,0.5622717297802843
22,0,40.0,0.01912637768615607
22,0,92.0,0.10104118322412989
22,0,59.0,0.07475412354670828
22,0,58.0,0.156929678819752
22,1,40.0,0.04583770122204485
22,1,92.0,0.036077104315928976
22,1,59.0,0.009790044638507363
22,1,58.0,0.0919655999115511
22,2,40.0,0.01367636367802317
22,2,92.0,0.06823844185995065
22,2,59.0,0.04195138218252904
22,2,58.0,0.12412693745557277
22,3,40.0,0.0022175735152916397
22,3,92.0,0.08413237905326547
22,3,59.0,0.05784531937584385
22,3,58.0,0.14002087464888757
23,0,40.0,0.10606572505363414
23,0,92.0,0.02491336912364686
23,0,59.0,0.5592548778419474
23,0,58.0,0.6748811596798684
23,1,40.0,0.4126402017745861
23,1,92.0,0.3314878458445988
23,1,59.0,0.8658293545628993
23,1,58.0,0.36830668295891644
23,2,40.0,0.330464056259777
23,2,92.0,0.2493117003297897
23,2,59.0,0.7836532090480902
23,2,58.0,0.45048282847372556
23,3,40.0,0.17112576080638048
23,3,92.0,0.08997340487639319
23,3,59.0,0.6243149135946937
23,3,58.0,0.6098211239271221
24,0,96.0,0.4285005002702434
24,0,75.0,0.2671240126269823
24,0,84.0,0.21748961009677048
24,0,71.0,0.6203097267129202
24,1,96.0,0.385314039194457
24,1,75.0,0.22393755155119593
24,1,84.0,0.1743031490209841
24,1,71.0,0.5771232656371338
24,2,96.0,0.4024600577583743
24,2,75.0,0.24108357011511322
24,2,84.0,0.19144916758490138
24,2,71.0,0.5942692842010511
24,3,96.0,0.43080900342053424
24,3,75.0,0.2694325157772732
24,3,84.0,0.21979811324706133
24,3,71.0,0.622618229863211
25,0,96.0,0.2168112075518716
25,0,75.0,0.02047831134875236
25,0,84.0,0.501144409799451
25,0,71.0,0.006891578227509437
25,1,96.0,0.18232707891921052
25,1,75.0,0.014005817283908734
25,1,84.0,0.46666028116678987
25,1,71.0,0.04137570686017053
25,2,96.0,0.2061704237814383
25,2,75.0,0.009837527578319044
25,2,84.0,0.49050362602901765
25,2,71.0,0.017532361997942753
25,3,96.0,0.22095444451794274
25,3,75.0,0.024621548314823494
25,3,84.0,0.5052876467655221
25,3,71.0,0.002748341261438303
26,0,96.0,0.041310483403383946
26,0,75.0,0.31500384898449163
26,0,84.0,0.3861739109646718
26,0,71.0,0.28821716346891774
26,1,96.0,0.0955890711010107
26,1,75.0,0.17810429448009696
26,1,84.0,0.24927435646027712
26,1,71.0,0.15131760896452306
26,2,96.0,0.09545063199729664
26,2,75.0,0.17824273358381104
26,2,84.0,0.24941279556399118
26,2,71.0,0.15145604806823712
26,3,96.0,0.0162187212743852
26,3,75.0,0.25747464430672246
26,3,84.0,0.3286447062869026
26,3,71.0,0.23068795879114856
27,0,31.0,0.13474017856670784
27,0,6.0,0.28150483370037793
27,0,67.0,0.4871096346803579
27,0,51.0,0.46830248312334116
27,1,31.0,0.09843115136375274
27,1,6.0,0.048333503769917324
27,1,67.0,0.2539383047498973
27,1,51.0,0.23513115319288058
27,2,31.0,0.08210377226113183
27,2,6.0,0.06466088287253824
27,2,67.0,0.2702656838525182
27,2,51.0,0.2514585322955015
27,3,31.0,0.08341464241949054
27,3,6.0,0.2301792975531606
27,3,67.0,0.4357840985331406
27,3,51.0,0.41697694697612386
28,0,31.0,0.023999960921626873
28,0,6.0,0.11030210779888527
28,0,67.0,0.5215992130421672
28,0,51.0,1.1716193523764735
28,1,31.0,0.05488420485508966
28,1,6.0,0.14118635173234806
28,1,67.0,0.4907149691087043
28,1,51.0,1.1407351084430106
28,2,31.0,0.0244435944548701
28,2,6.0,0.1107457413321285
28,2,67.0,0.5211555795089239
28,2,51.0,1.1711757188432301
28,3,31.0,0.022286450831584648
28,3,6.0,0.10858859770884305
28,3,67.0,0.5233127231322093
28,3,51.0,1.1733328624665156
29,0,31.0,0.32772487438641507
29,0,6.0,0.061877784970756085
29,0,67.0,0.30013548566495113
29,0,51.0,0.24121516062431086
29,1,31.0,0.2752626260872746
29,1,6.0,0.00941553667161557
29,1,67.0,0.24767323736581062
29,1,51.0,0.2936774089234514
29,2,31.0,0.31408987932327426
29,2,6.0,0.048242789907615255
29,2,67.0,0.2865004906018103
29,2,51.0,0.2548501556874517
29,3,31.0,0.3356780941367292
29,3,6.0,0.06983100472107023
29,3,67.0,0.3080887054152653
29,3,51.0,0.2332619408739967
30,0,9.0,0.028010871898580706
30,0,3.0,0.015837293542176004
30,0,17.0,0.5073050501451963
30,0,69.0,0.01404655115890555
30,1,9.0,0.09738055321435746
30,1,3.0,0.053532387773600754
30,1,17.0,0.5766747314609731
30,1,69.0,0.05532313015687121
30,2,9.0,0.03276126225428289
30,2,3.0,0.011086903186473818
30,2,17.0,0.5120554405008986
30,2,69.0,0.009296160803203363
30,3,9.0,0.03632074030288471
30,3,3.0,0.007527425137871999
30,3,17.0,0.5156149185495004
30,3,69.0,0.005736682754601544
31,0,9.0,0.1147519958729584
31,0,3.0,0.6077224990610018
31,0,17.0,0.6521844529551547
31,0,69.0,0.38434638286106737
31,1,9.0,0.18979732759525625
31,1,3.0,0.6827678307832997
31,1,17.0,0.5771391212328568
31,1,69.0,0.3093010511387695
31,2,9.0,0.1225479935374092
31,2,3.0,0.6155184967254527
31,2,17.0,0.6443884552907039
31,2,69.0,0.37655038519661654
31,3,9.0,0.10702671684264203
31,3,3.0,0.5999972200306856
31,3,17.0,0.659909731985471
31,3,69.0,0.3920716618913837
32,0,9.0,0.6204305782696299
32,0,3.0,0.2716469972941178
32,0,17.0,0.13456544953698374
32,0,69.0,0.11860412164156513
32,1,9.0,0.5575183175286462
32,1,3.0,0.33455925803510145
32,1,17.0,0.0716531887960001
32,1,69.0,0.05569186090058149
32,2,9.0,0.578625826319426
32,2,3.0,0.3134517492443216
32,2,17.0,0.0927606975867799
32,2,69.0,0.07679936969136128
32,3,9.0,0.6358427162041026
32,3,3.0,0.2562348593596451
32,3,17.0,0.14997758747145645
32,3,69.0,0.13401625957603783
33,0,4.0,0.012707157743738762
33,0,0.0,0.15579141422792406
33,0,93.0,0.6082031987497063
33,0,45.0,0.2682991010290317
33,1,4.0,0.16031388482763959
33,1,0.0,0.01722962834345427
33,1,93.0,0.43518215617832795
33,1,45.0,0.09527805845765336
33,2,4.0,0.029029253843389738
33,2,0.0,0.11405500264079557
33,2,93.0,0.5664667871625778
33,2,45.0,0.22656268944190322
33,3,4.0,0.014143141848769164
33,3,0.0,0.12894111463541613
33,3,93.0,0.5813528991571983
33,3,45.0,0.24144880143652378
34,0,4.0,0.4093131789165618
34,0,0.0,0.007358742947772112
34,0,93.0,0.00422436088497892
34,0,45.0,0.4356181718216864
34,1,4.0,0.3412730575963863
34,1,0.0,0.07539886426794762
34,1,93.0,0.07226448220515443
34,1,45.0,0.5036582931418618
34,2,4.0,0.3685282382976879
34,2,0.0,0.048143683566646084
34,2,93.0,0.04500930150385289
34,2,45.0,0.47640311244056033
34,3,4.0,0.3898894175712177
34,3,0.0,0.026782504293116238
34,3,93.0,0.023648122230323046
34,3,45.0,0.4550419331670305
35,0,4.0,0.38757737890462407
35,0,0.0,0.33233746178623025
35,0,93.0,0.9281282084042689
35,0,45.0,0.9928852406868744
35,1,4.0,0.07917303077844451
35,1,0.0,0.02393311366005066
35,1,93.0,0.6197238602780893
35,1,45.0,0.6844808925606949
35,2,4.0,0.15623971083328542
35,2,0.0,0.10099979371489157
35,2,93.0,0.6967905403329302
35,2,45.0,0.7615475726155357
35,3,4.0,0.3061107626645618
35,3,0.0,0.2508708455461679
35,3,93.0,0.8466615921642067
35,3,45.0,0.9114186244468121
36,0,68.0,0.1922340799747475
36,0,5.0,0.20249012051773616
36,0,99.0,0.07857011983701444
36,0,80.0,0.37420721647746535
36,1,68.0,0.43944905583303895
36,1,5.0,0.04472485534055527
36,1,99.0,0.168644856021277
36,1,80.0,0.1269922406191739
36,2,68.0,0.31806495894821524
36,2,5.0,0.07665924154426842
36,2,99.0,0.04726075913645329
36,2,80.0,0.24837633750399762
36,3,68.0,0.27207449486914914
36,3,5.0,0.12264970562333449
36,3,99.0,0.0012702950573872246
36,3,80.0,0.2943668015830637
37,0,68.0,0.5018412285105217
37,0,5.0,0.05429825439012084
37,0,99.0,0.09058142061975019
37,0,80.0,0.1519016793527075
37,1,68.0,0.512297721301946
37,1,5.0,0.06475474718154509
37,1,99.0,0.08012492782832595
37,1,80.0,0.14144518656128327
37,2,68.0,0.5106879353104797
37,2,5.0,0.06314496119007894
37,2,99.0,0.0817347138197921
37,2,80.0,0.1430549725527494
37,3,68.0,0.5000005789845148
37,3,5.0,0.05245760486411391
37,3,99.0,0.09242207014575712
37,3,80.0,0.15374232887871445
38,0,68.0,0.2433217733635415
38,0,5.0,0.24076318825230036
38,0,99.0,0.38862759717693707
38,0,80.0,0.04633279893166184
38,1,68.0,0.09544650361610858
38,1,5.0,0.09288791850486745
38,1,99.0,0.24075232742950414
38,1,80.0,0.10154247081577106
38,2,68.0,0.18995000606027423
38,2,5.0,0.1873914209490331
38,2,99.0,0.33525582987366975
38,2,80.0,0.00703896837160542
38,3,68.0,0.24030017499307027
38,3,5.0,0.23774158988182914
38,3,99.0,0.38560599880646584
38,3,80.0,0.043311200561190616
39,0,14.0,0.5859091951614563
39,0,63.0,0.08723233218560464
39,0,77.0,0.3542841847403426
39,0,98.0,0.08026139961813661
39,1,14.0,0.35117715154545703
39,1,63.0,0.14749971143039464
39,1,77.0,0.11955214112434338
39,1,98.0,0.31499344323413586
39,2,14.0,0.4633783588881957
39,2,63.0,0.035298504087656
39,2,77.0,0.231753348467082
39,2,98.0,0.20279223589139725
39,3,14.0,0.4367077761367982
39,3,63.0,0.06196908683905347
39,3,77.0,0.20508276571568454
39,3,98.0,0.22946281864279472
40,0,14.0,0.3086336418470088
40,0,63.0,0.42635174635093465
40,0,77.0,0.3941657689925818
40,0,98.0,0.1333651559093932
40,1,14.0,0.27800858456383654
40,1,63.0,0.45697680363410687
40,1,77.0,0.42479082627575404
40,1,98.0,0.10274009862622095
40,2,14.0,0.32739766102235707
40,2,63.0,0.40758772717558633
40,2,77.0,0.3754017498172335
40,2,98.0,0.15212917508474152
40,3,14.0,0.32425342600253737
40,3,63.0,0.41073196219540603
40,3,77.0,0.3785459848370532
40,3,98.0,0.14898494006492177
41,0,14.0,0.5783339703224304
41,0,63.0,0.26584620364317846
41,0,77.0,0.4921198777202575
41,0,98.0,0.27142841543646934
41,1,14.0,0.5729195071700423
41,1,63.0,0.2604317404907903
41,1,77.0,0.49753434087264564
41,1,98.0,0.2660139522840812
41,2,14.0,0.5770616760781591
41,2,63.0,0.2645739093989071
41,2,77.0,0.4933921719645289
41,2,98.0,0.27015612119219795
41,3,14.0,0.5791050258152458
41,3,63.0,0.2666172591359939
41,3,77.0,0.4913488222274421
41,3,98.0,0.27219947092928476
42,0,61.0,0.3091709331270216
42,0,32.0,0.006784592788858363
42,0,28.0,0.17001003812273946
42,0,90.0,0.23640169524411098
42,1,61.0,0.3103117634917127
42,1,32.0,0.005643762424167226
42,1,28.0,0.1711508684874306
42,1,90.0,0.23754252560880212
42,2,61.0,0.30137727123898833
42,2,32.0,0.014578254676891621
42,2,28.0,0.1622163762347062
42,2,90.0,0.2286080333560777
42,3,61.0,0.303843806455653
42,3,32.0,0.012111719460226909
42,3,28.0,0.16468291145137093
42,3,90.0,0.23107456857274244
43,0,61.0,0.39211679658763493
43,0,32.0,0.22921296682588277
43,0,28.0,0.359598950753229
43,0,90.0,0.049590366263491906
43,1,61.0,0.3884655238463621
43,1,32.0,0.22556169408460996
43,1,28.0,0.3559476780119562
43,1,90.0,0.05324163900476471
43,2,61.0,0.3924249599074828
43,2,32.0,0.2295211301457306
43,2,28.0,0.35990711407307685
43,2,90.0,0.049282202943644035
43,3,61.0,0.3920396794576019
43,3,32.0,0.2291358496958497
43,3,28.0,0.35952183362319595
43,3,90.0,0.04966748339352496
44,0,61.0,0.29771251297649126
44,0,32.0,0.6967651141738492
44,0,28.0,0.001836741994756863
44,0,90.0,0.23304426028662012
44,1,61.0,0.3368727876736148
44,1,32.0,0.7359253888709727
44,1,28.0,0.03732353270236666
44,1,90.0,0.1938839855894966
44,2,61.0,0.3080265372874022
44,2,32.0,0.7070791384847601
44,2,28.0,0.008477282316154078
44,2,90.0,0.22273023597570918
44,3,61.0,0.29069150966226637
44,3,32.0,0.6897441108596243
44,3,28.0,0.008857745308981757
44,3,90.0,0.240065263600845
45,0,79.0,0.141110527860734
45,0,56.0,0.29716418056267924
45,0,7.0,0.3826308225445413
45,0,8.0,0.9011543003972855
45,1,79.0,0.21521366850032309
45,1,56.0,0.22306103992309018
45,1,7.0,0.3085276819049522
45,1,8.0,0.8270511597576964
45,2,79.0,0.16571065262833923
45,2,56.0,0.27256405579507403
45,2,7.0,0.3580306977769361
45,2,8.0,0.8765541756296803
45,3,79.0,0.17719526852837794
45,3,56.0,0.26107943989503535
45,3,7.0,0.3465460818768974
45,3,8.0,0.8650695597296416
46,0,79.0,0.27775828780514417
46,0,56.0,0.5022413976388054
46,0,7.0,0.44584074338693186
46,0,8.0,0.975575494885897
46,1,79.0,0.2755102407024776
46,1,56.0,0.4999933505361388
46,1,7.0,0.44808879048959843
46,1,8.0,0.9733274477832303
46,2,79.0,0.25805948658714606
46,2,56.0,0.48254259642080727
46,2,7.0,0.46553954460492997
46,2,8.0,0.9558766936678988
46,3,79.0,0.26703074225731377
46,3,56.0,0.491513852090975
46,3,7.0,0.45656828893476226
46,3,8.0,0.9648479493380666
47,0,79.0,0.14848433945417822
47,0,56.0,0.5095934596736275
47,0,7.0,0.44592940322218483
47,0,8.0,0.006306279126950363
47,1,79.0,0.20741409202187183
47,1,56.0,0.4506637071059338
47,1,7.0,0.3869996506544912
47,1,8.0,0.05262347344074325
47,2,79.0,0.1579424359952743
47,2,56.0,0.5001353631325313
47,2,7.0,0.43647130668108874
47,2,8.0,0.0031518174141457293
47,3,79.0,0.15102513543213544
47,3,56.0,0.5070526636956701
47,3,7.0,0.4433886072442276
47,3,8.0,0.0037654831489931286
48,0,72.0,0.24142300495287702
48,0,18.0,0.043378219046070185
48,0,21.0,0.07255862987399739
48,0,37.0,0.7380864792596273
48,1,72.0,0.36060465579014234
48,1,18.0,0.16255986988333548
48,1,21.0,0.1917402807112627
48,1,37.0,0.8572681300968927
48,2,72.0,0.2954629439887499
48,2,18.0,0.09741815808194305
48,2,21.0,0.12659856890987026
48,2,37.0,0.7921264182955002
48,3,72.0,0.3321420291140079
48,3,18.0,0.13409724320720107
48,3,21.0,0.16327765403512826
48,3,37.0,0.8288055034207582
49,0,72.0,0.26312388490922795
49,0,18.0,0.04707719315632729
49,0,21.0,0.10945693108902305
49,0,37.0,0.10250866955516365
49,1,72.0,0.10106327860728503
49,1,18.0,0.11498341314561561
49,1,21.0,0.27151753739096596
49,1,37.0,0.059551936746779256
49,2,72.0,0.1793758397935888
49,2,18.0,0.03667085195931188
49,2,21.0,0.1932049762046622
49,2,37.0,0.018760624439524483
49,3,72.0,0.28731199084190195
49,3,18.0,0.07126529908900127
49,3,21.0,0.08526882515634907
49,3,37.0,0.12669677548783764
50,0,72.0,0.348069266919186
50,0,18.0,0.02423410117710434
50,0,21.0,0.30860911207392466
50,0,37.0,0.3175034579585875
50,1,72.0,0.24469604330429406
50,1,18.0,0.12760732479199627
50,1,21.0,0.20523588845903276
50,1,37.0,0.21413023434369552
50,2,72.0,0.31773637054402926
50,2,18.0,0.054566997552261076
50,2,21.0,0.2782762156987679
50,2,37.0,0.2871705615834307
50,3,72.0,0.3447452939101406
50,3,18.0,0.02755807418614975
50,3,21.0,0.30528513906487925
50,3,37.0,0.31417948494954206
51,0,20.0,0.014664053692338114
51,0,91.0,0.22687653205105418
51,0,76.0,0.10949043152612882
51,0,19.0,0.24316887861277042
51,1,20.0,0.1970615636628964
51,1,91.0,0.40927404202161244
51,1,76.0,0.07290707844442945
51,1,19.0,0.060771368642212165
51,2,20.0,0.08117319789604359
51,2,91.0,0.29338567625475964
51,2,76.0,0.042981287322423345
51,2,19.0,0.17665973440906496
51,3,20.0,0.027998595380418725
51,3,91.0,0.2402110737391348
51,3,76.0,0.09615588983804821
51,3,19.0,0.22983433692468982
52,0,20.0,0.11856458685725343
52,0,91.0,0.0345812132441245
52,0,76.0,0.1601468738764502
52,0,19.0,0.22419085921736864
52,1,20.0,0.11116068769829388
52,1,91.0,0.02717731408516494
52,1,76.0,0.15274297471749065
52,1,19.0,0.21678696005840908
52,2,20.0,0.11837323408200788
52,2,91.0,0.034389860468878944
52,2,76.0,0.15995552110120465
52,2,19.0,0.22399950644212308
52,3,20.0,0.11927195902987076
52,3,91.0,0.035288585416741826
52,3,76.0,0.16085424604906753
52,3,19.0,0.22489823138998596
53,0,20.0,0.9364860682200498
53,0,91.0,1.31233588171788
53,0,76.0,0.6059034512513963
53,0,19.0,0.7705282814221341
53,1,20.0,0.5325720523423761
53,1,91.0,0.9084218658402065
53,1,76.0,0.20198943537372266
53,1,19.0,0.3666142655444606
53,2,20.0,0.6667760538410719
53,2,91.0,1.0426258673389022
53,2,76.0,0.3361934368724184
53,2,19.0,0.5008182670431564
53,3,20.0,0.8049111291759792
53,3,91.0,1.1807609426738095
53,3,76.0,0.47432851220732564
53,3,19.0,0.6389533423780636
54,0,70.0,0.24276344069053485
54,0,66.0,0.7307657144297761
54,0,87.0,0.6900068572934601
54,0,30.0,0.10345749111250047
54,1,70.0,0.03653832744577239
54,1,66.0,0.45146394629346887
54,1,87.0,0.41070508915715287
54,1,30.0,0.17584427702380676
54,2,70.0,0.054362426326466165
54,2,66.0,0.5423647000657074
54,2,87.0,0.5016058429293915
54,2,30.0,0.0849435232515682
54,3,70.0,0.25092739966993943
54,3,66.0,0.7389296734091806
54,3,87.0,0.6981708162728647
54,3,30.0,0.11162145009190505
55,0,70.0,0.16875115483540912
55,0,66.0,0.060183572505437335
55,0,87.0,0.03374021863745108
55,0,30.0,0.22482904909392196
55,1,70.0,0.25032355290727853
55,1,66.0,0.14175597057730677
55,1,87.0,0.1153126167093205
55,1,30.0,0.14325665102205254
55,2,70.0,0.2545841605710802
55,2,66.0,0.14601657824110842
55,2,87.0,0.11957322437312215
55,2,30.0,0.1389960433582509
55,3,70.0,0.18561152209886622
55,3,66.0,0.07704393976889444
55,3,87.0,0.050600585900908185
55,3,30.0,0.20796868183046485
56,0,70.0,0.0755357179791967
56,0,66.0,0.22240232860056253
56,0,87.0,0.13883058200400672
56,0,30.0,0.05448107398053048
56,1,70.0,0.07891199616607236
56,1,66.0,0.21902605041368686
56,1,87.0,0.1422068601908824
56,1,30.0,0.05110479579365482
56,2,70.0,0.07667083475919645
56,2,66.0,0.22126721182056278
56,2,87.0,0.1399656987840065
56,2,30.0,0.05334595720053073
56,3,70.0,0.0733559646231278
56,3,66.0,0.22458208195663143
56,3,87.0,0.13665082864793782
56,3,30.0,0.056660827336599384
57,0,1.0,0.4719395412026611
57,0,39.0,0.3425524603628141
57,0,88.0,0.8971668877698147
57,0,81.0,0.3055199430709985
57,1,1.0,0.4395165176406339
57,1,39.0,0.3749754839248413
57,1,88.0,0.8647438642077876
57,1,81.0,0.2730969195089713
57,2,1.0,0.4703529450717299
57,2,39.0,0.34413905649374527
57,2,88.0,0.8955802916388835
57,2,81.0,0.30393334694006735
57,3,1.0,0.47828136259816045
57,3,39.0,0.33621063896731473
57,3,88.0,0.9035087091653141
57,3,81.0,0.3118617644664979
58,0,1.0,0.6604261016974404
58,0,39.0,0.6964828392925284
58,0,88.0,0.06931526733107596
58,0,81.0,0.4872268655365144
58,1,1.0,0.23350656587845062
58,1,39.0,0.2695633034735386
58,1,88.0,0.3576042684879138
58,1,81.0,0.0603073297175246
58,2,1.0,0.34891517087729096
58,2,39.0,0.38497190847237894
58,2,88.0,0.24219566348907348
58,2,81.0,0.17571593471636496
58,3,1.0,0.5878071868612756
58,3,39.0,0.6238639244563636
58,3,88.0,0.0033036475050887693
58,3,81.0,0.41460795070034967
59,0,1.0,0.14553418246635008
59,0,39.0,0.08438378486500858
59,0,88.0,0.35109631939858765
59,0,81.0,0.017135966809060488
59,1,1.0,0.12158110522500953
59,1,39.0,0.060430707623668034
59,1,88.0,0.3750493966399282
59,1,81.0,0.00681711043228006
59,2,1.0,0.11828731831935752
59,2,39.0,0.057136920718016015
59,2,88.0,0.3783431835455802
59,2,81.0,0.010110897337932079
59,3,1.0,0.12987312742339208
59,3,39.0,0.06872272982205058
59,3,88.0,0.36675737444154566
59,3,81.0,0.0014749117661024824
60,0,64.0,0.23118915901874462
60,0,78.0,0.4905691594256489
60,0,33.0,0.2853542063787859
60,0,11.0,0.0881522166735482
60,1,64.0,0.3578291389001707
60,1,78.0,0.617209139307075
60,1,33.0,0.41199418626021195
60,1,11.0,0.038487763207877876
60,2,64.0,0.2244420247154408
60,2,78.0,0.48382202512234507
60,2,33.0,0.2786070720754821
60,2,11.0,0.09489935097685201
60,3,64.0,0.2846932646184413
60,3,78.0,0.5440732650253456
60,3,33.0,0.33885831197848254
60,3,11.0,0.03464811107385153
61,0,64.0,0.5703316821217699
61,0,78.0,0.1535949154986976
61,0,33.0,0.21332573917369765
61,0,11.0,0.07920233002507983
61,1,64.0,0.6288408896098265
61,1,78.0,0.2121041229867543
61,1,33.0,0.27183494666175434
61,1,11.0,0.1377115375131365
61,2,64.0,0.5811260529163709
61,2,78.0,0.16438928629329855
61,2,33.0,0.22412010996829856
61,2,11.0,0.08999670081968075
61,3,64.0,0.5490874645257597
61,3,78.0,0.13235069790268741
61,3,33.0,0.19208152157768743
61,3,11.0,0.05795811242906962
62,0,64.0,0.3655512014719228
62,0,78.0,1.00592866957324
62,0,33.0,0.5401446628993369
62,0,11.0,0.6764721309471895
62,1,64.0,0.362786971774958
62,1,78.0,1.0031644398762751
62,1,33.0,0.5373804332023722
62,1,11.0,0.6737079012502247
62,2,64.0,0.365259256805158
62,2,78.0,1.005636724906475
62,2,33.0,0.5398527182325721
62,2,11.0,0.6761801862804246
62,3,64.0,0.3655438367260307
62,3,78.0,1.0059213048273477
62,3,33.0,0.5401372981534448
62,3,11.0,0.6764647662012974
63,0,74.0,0.24097245107165688
63,0,54.0,0.2265644040392497
63,0,34.0,0.7710986480430004
63,0,13.0,0.6094477941780831
63,1,74.0,0.3167612292844636
63,1,54.0,0.15077562582644297
63,1,34.0,0.6953098698301937
63,1,13.0,0.6852365723908899
63,2,74.0,0.27508873553287544
63,2,54.0,0.19244811957803115
63,2,34.0,0.7369823635817819
63,2,13.0,0.6435640786393017
63,3,74.0,0.2506051354313124
63,3,54.0,0.21693171967959418
63,3,34.0,0.761465963683345
63,3,13.0,0.6190804785377386
64,0,74.0,0.7885936823912172
64,0,54.0,0.5257634279131888
64,0,34.0,1.2469005609120731
64,0,13.0,0.5623805933762
64,1,74.0,0.6717487772609088
64,1,54.0,0.4089185227828802
64,1,34.0,1.1300556557817645
64,1,13.0,0.4455356882458915
64,2,74.0,0.6779843687731827
64,2,54.0,0.41515411429515414
64,2,34.0,1.1362912472940385
64,2,13.0,0.45177127975816556
64,3,74.0,0.740135432673592
64,3,54.0,0.4773051781955636
64,3,34.0,1.198442311194448
64,3,13.0,0.5139223436585749
65,0,74.0,0.2344581379373361
65,0,54.0,0.22136047998154557
65,0,34.0,0.3502513325846255
65,0,13.0,0.13787678212441137
65,1,74.0,0.2905018285082779
65,1,54.0,0.27740417055248734
65,1,34.0,0.4062950231555672
65,1,13.0,0.08183309155346961
65,2,74.0,0.24932289562251325
65,2,54.0,0.2362252376667227
65,2,34.0,0.36511609026980263
65,2,13.0,0.12301202443923422
65,3,74.0,0.22873134216217295
65,3,54.0,0.2156336842063824
65,3,34.0,0.3445245368094623
65,3,13.0,0.14360357789957454
66,0,86.0,0.24974647093102828
66,0,83.0,0.4598293920169393
66,0,38.0,0.611094434925805
66,0,94.0,0.36553179033337857
66,1,86.0,0.19376348635220492
66,1,83.0,0.5158123765957627
66,1,38.0,0.6670774195046283
66,1,94.0,0.30954880575455523
66,2,86.0,0.22377224664312606
66,2,83.0,0.48580361630484153
66,2,38.0,0.6370686592137071
66,2,94.0,0.3395575660454764
66,3,86.0,0.26522001951191865
66,3,83.0,0.44435584343604895
66,3,38.0,0.5956208863449146
66,3,94.0,0.381005338914269
67,0,86.0,0.17865904224651014
67,0,83.0,0.3718623100880942
67,0,38.0,0.24818588769631847
67,0,94.0,0.15047717782747252
67,1,86.0,0.03744224992927109
67,1,83.0,0.5130791024053333
67,1,38.0,0.1069690953790794
67,1,94.0,0.009260385510233459
67,2,86.0,0.10748933388197326
67,2,83.0,0.44303201845263107
67,2,38.0,0.1770161793317816
67,2,94.0,0.07930746946293564
67,3,86.0,0.14472479742992728
67,3,83.0,0.40579655490467703
67,3,38.0,0.21425164287973558
67,3,94.0,0.11654293301088964
68,0,86.0,0.32226089199540014
68,0,83.0,0.329482863592516
68,0,38.0,0.02813074909929323
68,0,94.0,0.18908091951298608
68,1,86.0,0.4649234674944912
68,1,83.0,0.472145439091607
68,1,38.0,0.11453182639979782
68,1,94.0,0.046418344013895024
68,2,86.0,0.381770099797631
68,2,83.0,0.38899207139474684
68,2,38.0,0.031378458702937616
68,2,94.0,0.12957171171075524
68,3,86.0,0.32912942773488285
68,3,83.0,0.3363513993319987
68,3,38.0,0.021262213359810503
68,3,94.0,0.18221238377350335
69,0,27.0,0.11234921923006014
69,0,97.0,0.47706220595195936
69,0,35.0,0.07580095830871034
69,0,95.0,0.3473380220476565
69,1,27.0,0.0566649856605295
69,1,97.0,0.4213779723824287
69,1,35.0,0.13148519187824098
69,1,95.0,0.40302225561718713
69,2,27.0,0.08222831432074723
69,2,97.0,0.4469413010426464
69,2,35.0,0.10592186321802324
69,2,95.0,0.37745892695696937
69,3,27.0,0.06955171634163873
69,3,97.0,0.4342647030635379
69,3,35.0,0.11859846119713174
69,3,95.0,0.3901355249360779
70,0,27.0,0.2638044262533635
70,0,97.0,0.14868968009956327
70,0,35.0,0.05072955467301668
70,0,95.0,0.29111980166761164
70,1,27.0,0.20331867768465678
70,1,97.0,0.08820393153085654
70,1,35.0,0.009756193895690032
70,1,95.0,0.35160555023631834
70,2,27.0,0.2361083141989839
70,2,97.0,0.12099356804518367
70,2,35.0,0.0230334426186371
70,2,95.0,0.3188159137219912
70,3,27.0,0.2638044262533635
70,3,97.0,0.14868968009956327
70,3,35.0,0.05072955467301668
70,3,95.0,0.29111980166761164
71,0,27.0,0.12544860894751295
71,0,97.0,0.03989983796178495
71,0,35.0,0.7685345090338462
71,0,95.0,0.48889676238977314
71,1,27.0,0.2050562304290902
71,1,97.0,0.03970778351979232
71,1,35.0,0.8481421305154235
71,1,95.0,0.5685043838713504
71,2,27.0,0.13275274733024664
71,2,97.0,0.03259569957905126
71,2,35.0,0.7758386474165799
71,2,95.0,0.49620090077250684
71,3,27.0,0.17809690097225853
71,3,97.0,0.012748454062960629
71,3,35.0,0.8211828010585918
71,3,95.0,0.5415450544145187
72,0,29.0,0.922181839495976
72,0,44.0,0.028123317539640175
72,0,89.0,0.29757171145740535
72,0,73.0,0.18518975211514074
72,1,29.0,0.8771202078703848
72,1,44.0,0.016938314085951006
72,1,89.0,0.25251007983181417
72,1,73.0,0.14012812048954956
72,2,29.0,0.8754969633856784
72,2,44.0,0.018561558570657416
72,2,89.0,0.25088683534710776
72,2,73.0,0.13850487600484315
72,3,29.0,0.9025874044308279
72,3,44.0,0.008528882474492017
72,3,89.0,0.27797727639225717
72,3,73.0,0.16559531704999259
73,0,29.0,0.8397072460771104
73,0,44.0,0.044535812076250625
73,0,89.0,0.39790277172887345
73,0,73.0,0.28437022334437656
73,1,29.0,0.9501981085304209
73,1,44.0,0.06595505037705979
73,1,89.0,0.28741190927556304
73,1,73.0,0.17387936089106618
73,2,29.0,0.9183277105981895
73,2,44.0,0.03408465244482853
73,2,89.0,0.31928230720779427
73,2,73.0,0.20574975882329744
73,3,29.0,0.8537213742863742
73,3,44.0,0.030521683866986865
73,3,89.0,0.38388864351960966
73,3,73.0,0.27035609513511283
74,0,29.0,0.019880014262809227
74,0,44.0,0.1669725887276367
74,0,89.0,0.6924557935852127
74,0,73.0,0.7637444112185461
74,1,29.0,0.051116187078841774
74,1,44.0,0.13573641591160415
74,1,89.0,0.7236919664012452
74,1,73.0,0.7949805840345786
74,2,29.0,0.045974306698367
74,2,44.0,0.14087829629207893
74,2,89.0,0.7185500860207704
74,2,73.0,0.7898387036541038
74,3,29.0,0.004892543644287949
74,3,44.0,0.19174514663473385
74,3,89.0,0.6676832356781155
74,3,73.0,0.7389718533114489
0,0,83.0,0.2755881931045425
0,0,14.0,0.1750955732906716
0,0,46.0,0.11297688962026314
0,0,17.0,0.7000559089920407
0,1,83.0,0.3049466452702266
0,1,14.0,0.20445402545635566
0,1,46.0,0.08361843745457909
0,1,17.0,0.6706974568263566
0,2,83.0,0.2870161197086891
0,2,14.0,0.1865234998948182
0,2,46.0,0.10154896301611654
0,2,17.0,0.6886279823878941
0,3,83.0,0.28701612142370314
0,3,14.0,0.18652350160983222
0,3,46.0,0.10154896130110252
0,3,17.0,0.6886279806728801
1,0,83.0,0.9334798681837779
1,0,14.0,0.7362133461495797
1,0,46.0,0.11415292286151058
1,0,17.0,0.9326647273839879
1,1,83.0,0.6400114099716877
1,1,14.0,0.44274488793748956
1,1,46.0,0.40762138107360074
1,1,17.0,0.6391962691718976
1,2,83.0,0.7406335826621575
1,2,14.0,0.5433670606279593
1,2,46.0,0.306999208383131
1,2,17.0,0.7398184418623674
1,3,83.0,0.7078562526375547
1,3,14.0,0.5105897306033566
1,3,46.0,0.33977653840773375
1,3,17.0,0.7070411118377646
2,0,83.0,0.0363181425505274
2,0,14.0,0.7467585261625433
2,0,46.0,0.32132495828358487
2,0,17.0,0.3904839747320726
2,1,83.0,0.032369016347177926
2,1,14.0,0.8154456850602487
2,1,46.0,0.3900121171812902
2,1,17.0,0.4591711336297779
2,2,83.0,0.002626516567970416
2,2,14.0,0.7857031852810412
2,2,46.0,0.3602696174020827
2,2,17.0,0.4294286338505704
2,3,83.0,0.019272816304590434
2,3,14.0,0.8023494850176612
2,3,46.0,0.3769159171387027
2,3,17.0,0.4460749335871904
3,0,81.0,0.1762260498403161
3,0,29.0,0.7012163015751119
3,0,21.0,0.01666069393639564
3,0,95.0,0.43216083317150666
3,1,81.0,0.10796007833128736
3,1,29.0,0.7694822730841406
3,1,21.0,0.08492666544542438
3,1,95.0,0.3638948616624779
3,2,81.0,0.11613241932183864
3,2,29.0,0.7613099320935893
3,2,21.0,0.0767543244548731
3,2,95.0,0.37206720265302917
3,3,81.0,0.1172810990850397
3,3,29.0,0.7601612523303883
3,3,21.0,0.07560564469167202
3,3,95.0,0.37321588241623027
4,0,81.0,0.2875583290000677
4,0,29.0,1.2233292875553388
4,0,21.0,0.5006633058128235
4,0,95.0,0.16425041053115147
4,1,81.0,0.25375379529944064
4,1,29.0,1.1895247538547118
4,1,21.0,0.4668587721121964
4,1,95.0,0.19805494423177855
4,2,81.0,0.2624953454619704
4,2,29.0,1.1982663040172417
4,2,21.0,0.47560032227472615
4,2,95.0,0.18931339406924877
4,3,81.0,0.26605586239438356
4,3,29.0,1.2018268209496548
4,3,21.0,0.47916083920713926
4,3,95.0,0.18575287713683564
5,0,81.0,0.6712196543202587
5,0,29.0,0.40762697803743564
5,0,21.0,0.39000331924452947
5,0,95.0,0.01800576766758838
5,1,81.0,0.5564599487550033
5,1,29.0,0.29286727247218025
5,1,21.0,0.27524361367927414
5,1,95.0,0.09675393789766698
5,2,81.0,0.6527424643942489
5,2,29.0,0.3891497881114259
5,2,21.0,0.37152612931851975
5,2,95.0,0.000471422258421339
5,3,81.0,0.6943331145121227
5,3,29.0,0.4307404382292997
5,3,21.0,0.4131167794363935
5,3,95.0,0.041119227859452434
6,0,61.0,0.07135779884904075
6,0,39.0,0.8546916428633713
6,0,24.0,0.08250438484417383
6,0,52.0,0.12786804697741658
6,1,61.0,0.049788060623449704
6,1,39.0,0.8331219046377802
6,1,24.0,0.06093464661858278
6,1,52.0,0.10629830875182553
6,2,61.0,0.032867338109152655
6,2,39.0,0.8162011821234831
6,2,24.0,0.04401392410428573
6,2,52.0,0.08937758623752848
6,3,61.0,0.03780043036992148
6,3,39.0,0.821134274384252
6,3,24.0,0.04894701636505455
6,3,52.0,0.0943106784982973
7,0,61.0,0.5036517833202121
7,0,39.0,0.15685626418242493
7,0,24.0,0.15068611731301396
7,0,52.0,0.04085570214135985
7,1,61.0,0.39707299235541654
7,1,39.0,0.26343505514722054
7,1,24.0,0.044107326348218345
7,1,52.0,0.14743449310615545
7,2,61.0,0.42200869966174237
7,2,39.0,0.2384993478408947
7,2,24.0,0.06904303365454419
7,2,52.0,0.1224987857998296
7,3,61.0,0.45479535264936366
7,3,39.0,0.2057126948532734
7,3,24.0,0.10182968664216548
7,3,52.0,0.08971213281220831
8,0,61.0,0.292611593141672
8,0,39.0,0.07284387786312307
8,0,24.0,0.32711710413029976
8,0,52.0,0.4424136784750694
8,1,61.0,0.17473165386241832
8,1,39.0,0.19072381714237677
8,1,24.0,0.20923716485104604
8,1,52.0,0.3245337391958157
8,2,61.0,0.2705560786902
8,2,39.0,0.0948993923145951
8,2,24.0,0.30506158967882774
8,2,52.0,0.4203581640235974
8,3,61.0,0.295644278049442
8,3,39.0,0.0698111929553531
8,3,24.0,0.33014978903806974
8,3,52.0,0.4454463633828394
9,0,60.0,0.7728776361706905
9,0,1.0,0.4837148261131511
9,0,40.0,0.5015609868117888
9,0,27.0,0.11354277003496249
9,1,60.0,0.6570268013171211
9,1,1.0,0.3678639912595817
9,1,40.0,0.6174118216653582
9,1,27.0,0.0023080648186069516
9,2,60.0,0.7426684791481812
9,2,1.0,0.45350566909064177
9,2,40.0,0.5317701438342981
9,2,27.0,0.08333361301245315
9,3,60.0,0.7426684791481812
9,3,1.0,0.45350566909064177
9,3,40.0,0.5317701438342981
9,3,27.0,0.08333361301245315
10,0,60.0,0.6541138487965258
10,0,1.0,0.010472412927205771
10,0,40.0,0.2109874376527498
10,0,27.0,0.05961133484396433
10,1,60.0,0.6173938507856039
10,1,1.0,0.04719241093812762
10,1,40.0,0.17426743964182795
10,1,27.0,0.02289133683304248
10,2,60.0,0.6431679791667416
10,2,1.0,0.021418282556989965
10,2,40.0,0.2000415680229656
10,2,27.0,0.04866546521418014
10,3,60.0,0.647596581063729
10,3,1.0,0.016989680660002532
10,3,40.0,0.20447016991995304
10,3,27.0,0.05309406711116757
11,0,60.0,0.03200460230214704
11,0,1.0,0.3400841905318137
11,0,40.0,0.028439114557400585
11,0,27.0,0.0780797583358859
11,1,60.0,0.04548090860253666
11,1,1.0,0.3535604968322033
11,1,40.0,0.014962808257010962
11,1,27.0,0.06460345203549628
11,2,60.0,0.03868972025972181
11,2,1.0,0.3467693084893885
11,2,40.0,0.02175399659982581
11,2,27.0,0.07139464037831114
11,3,60.0,0.027431763531387265
11,3,1.0,0.33551135176105396
11,3,40.0,0.03301195332816036
11,3,27.0,0.08265259710664569
12,0,4.0,0.3898360221330113
12,0,94.0,0.9110869799771528
12,0,57.0,0.3358659780500346
12,0,68.0,0.13946413813508357
12,1,4.0,0.11725218267644746
12,1,94.0,0.638503140520589
12,1,57.0,0.06328213859347073
12,1,68.0,0.13311970132148027
12,2,4.0,0.2599947482514009
12,2,94.0,0.7812457060955424
12,2,57.0,0.2060247041684242
12,2,68.0,0.009622864253473196
12,3,4.0,0.214349323519499
12,3,94.0,0.7356002813636406
12,3,57.0,0.16037927943652228
12,3,68.0,0.03602256047842872
13,0,4.0,0.3800939911597663
13,0,94.0,0.04970030122267239
13,0,57.0,0.15446954603380653
13,0,68.0,0.4239431826695212
13,1,4.0,0.2764331125761012
13,1,94.0,0.05396057736099267
13,1,57.0,0.2581304246174716
13,1,68.0,0.5276040612531863
13,2,4.0,0.3479551838166956
13,2,94.0,0.017561493879601747
13,2,57.0,0.1866083533768772
13,2,68.0,0.45608199001259186
13,3,4.0,0.40137416290606553
13,3,94.0,0.0709804729689717
13,3,57.0,0.13318937428750724
13,3,68.0,0.4026630109232219
14,0,4.0,0.028421032027572665
14,0,94.0,0.25385951774202914
14,0,57.0,0.9229660380436862
14,0,68.0,0.16613571166371466
14,1,4.0,0.21143547099862067
14,1,94.0,0.07084507877098115
14,1,57.0,0.7399515990726381
14,1,68.0,0.01687872730733335
14,2,4.0,0.17692762804654505
14,2,94.0,0.10535292172305677
14,2,57.0,0.7744594420247137
14,2,68.0,0.017629115644742274
14,3,4.0,0.1915146197123186
14,3,94.0,0.09076593005728324
14,3,57.0,0.7598724503589402
14,3,68.0,0.003042123978968747
15,0,62.0,0.02414898772745397
15,0,48.0,0.06391444240116903
15,0,0.0,0.1350885576121275
15,0,64.0,0.3596877121736334
15,1,62.0,0.09471322107137689
15,1,48.0,0.1827766511999999
15,1,0.0,0.2539507664109584
15,1,64.0,0.4785499209724642
15,2,62.0,0.08735292342291304
15,2,48.0,0.17541635355153604
15,2,0.0,0.24659046876249452
15,2,64.0,0.4711896233240004
15,3,62.0,0.009566737829981992
15,3,48.0,0.09763016795860499
15,3,0.0,0.16880428316956347
15,3,64.0,0.39340343773106934
16,0,62.0,0.9394429948153402
16,0,48.0,0.5498864280580462
16,0,0.0,0.4787434948452523
16,0,64.0,0.09158540755034822
16,1,62.0,0.9610535380965288
16,1,48.0,0.5714969713392348
16,1,0.0,0.5003540381264409
16,1,64.0,0.11319595083153683
16,2,62.0,0.9471718418513202
16,2,48.0,0.5576152750940263
16,2,0.0,0.4864723418812324
16,2,64.0,0.09931425458632831
16,3,62.0,0.9380693412575574
16,3,48.0,0.5485127745002635
16,3,0.0,0.47736984128746957
16,3,64.0,0.09021175399256548
17,0,62.0,1.2764464686620438
17,0,48.0,0.3958626172416176
17,0,0.0,0.32269515463086273
17,0,64.0,0.4896932789846575
17,1,62.0,1.0541615181512385
17,1,48.0,0.17357766673081226
17,1,0.0,0.10041020412005738
17,1,64.0,0.26740832847385215
17,2,62.0,1.061333216484845
17,2,48.0,0.18074936506441874
17,2,0.0,0.10758190245366386
17,2,64.0,0.27458002680745863
17,3,62.0,1.2324272372214105
17,3,48.0,0.35184338580098423
17,3,0.0,0.2786759231902294
17,3,64.0,0.4456740475440241
18,0,59.0,0.05682726428187333
18,0,11.0,0.041028638531626915
18,0,45.0,0.24827854646352154
18,0,23.0,0.17991955479063856
18,1,59.0,0.05651202293915143
18,1,11.0,0.040713397188905015
18,1,45.0,0.24796330512079964
18,1,23.0,0.18023479613336046
18,2,59.0,0.058169396227579426
18,2,11.0,0.04237077047733301
18,2,45.0,0.24962067840922764
18,2,23.0,0.17857742284493247
18,3,59.0,0.05624316003957487
18,3,11.0,0.040444534289328454
18,3,45.0,0.24769444222122308
18,3,23.0,0.18050365903293702
19,0,59.0,0.055522426851957296
19,0,11.0,0.007053418740249163
19,0,45.0,0.5251772749354511
19,0,23.0,0.9668635590507846
19,1,59.0,0.14868410027892298
19,1,11.0,0.08610825468671653
19,1,45.0,0.6183389483624168
19,1,23.0,1.0600252324777504
19,2,59.0,0.1392094659310809
19,2,11.0,0.07663362033887446
19,2,45.0,0.6088643140145747
19,2,23.0,1.0505505981299081
19,3,59.0,0.05123452581726675
19,3,11.0,0.011341319774939709
19,3,45.0,0.5208893739007605
19,3,23.0,0.962575658016094
20,0,59.0,0.47139495168519485
20,0,11.0,0.3559875483778874
20,0,45.0,0.5386162734494702
20,0,23.0,0.15862293476425787
20,1,59.0,0.4526232728232571
20,1,11.0,0.37475922723982513
20,1,45.0,0.5573879523114078
20,1,23.0,0.17739461362619563
20,2,59.0,0.4688691944333432
20,2,11.0,0.35851330562973904
20,2,45.0,0.5411420307013218
20,2,23.0,0.16114869201610954
20,3,59.0,0.4780922772553093
20,3,11.0,0.34929022280777294
20,3,45.0,0.5319189478793557
20,3,23.0,0.1519256091941434
21,0,30.0,0.170125038175848
21,0,74.0,0.49912397934536207
21,0,89.0,0.45165498566486145
21,0,72.0,0.22284513098583622
21,1,30.0,0.06383148913259343
21,1,74.0,0.2651674520369206
21,1,89.0,0.21769845835642002
21,1,72.0,0.011111396322605216
21,2,30.0,0.08547116418540279
21,2,74.0,0.41447010535491685
21,2,89.0,0.36700111167441624
21,2,72.0,0.138191256995391
21,3,30.0,0.006636586665179189
21,3,74.0,0.32236235450433487
21,3,89.0,0.27489336082383425
21,3,72.0,0.04608350614480902
22,0,30.0,0.32092901207628244
22,0,74.0,0.3402710856579365
22,0,89.0,0.3427386592450954
22,0,72.0,0.200375439179878
22,1,30.0,0.4472367426403844
22,1,74.0,0.46657881622203845
22,1,89.0,0.21643092868099348
22,1,72.0,0.07406770861577605
22,2,30.0,0.3633274379138175
22,2,74.0,0.38266951149547157
22,2,89.0,0.30034023340756033
22,2,72.0,0.15797701334234293
22,3,30.0,0.387465084153731
22,3,74.0,0.40680715773538506
22,3,89.0,0.27620258716764684
22,3,72.0,0.1338393671024294
23,0,30.0,0.0241035316002301
23,0,74.0,0.2129579150564735
23,0,89.0,0.5811009722273389
23,0,72.0,0.06963831104270936
23,1,30.0,0.06194358621947905
23,1,74.0,0.29900503287618263
23,1,89.0,0.6671480900470481
23,1,72.0,0.01640880677699979
23,2,30.0,0.023866157514566333
23,2,74.0,0.21319528914213726
23,2,89.0,0.5813383463130026
23,2,72.0,0.06940093695704559
23,3,30.0,0.00716470016440246
23,3,74.0,0.22989674649230113
23,3,89.0,0.5980398036631666
23,3,72.0,0.05269947960688172
24,0,82.0,0.5014000881742122
24,0,76.0,0.6588748547243062
24,0,50.0,0.8424413165555757
24,0,67.0,0.5334847750037885
24,1,82.0,0.39812309728971734
24,1,76.0,0.5555978638398112
24,1,50.0,0.7391643256710809
24,1,67.0,0.43020778411929367
24,2,82.0,0.41451471005737883
24,2,76.0,0.5719894766074727
24,2,50.0,0.7555559384387425
24,2,67.0,0.44659939688695516
24,3,82.0,0.5014000881742122
24,3,76.0,0.6588748547243062
24,3,50.0,0.8424413165555757
24,3,67.0,0.5334847750037885
25,0,82.0,0.1944425020727345
25,0,76.0,0.0327710520649257
25,0,50.0,0.30425281418853456
25,0,67.0,0.22397677866450863
25,1,82.0,0.10925572151363586
25,1,76.0,0.05241572849417295
25,1,50.0,0.2190660336294359
25,1,67.0,0.13878999810540998
25,2,82.0,0.17373548327677643
25,2,76.0,0.012064033268967628
25,2,50.0,0.2835457953925765
25,2,67.0,0.20326975986855056
25,3,82.0,0.16804597385289113
25,3,76.0,0.0063745238450823305
25,3,50.0,0.27785628596869116
25,3,67.0,0.19758025044466526
26,0,82.0,0.43102622053962036
26,0,76.0,0.23450027415272673
26,0,50.0,0.46956933564721026
26,0,67.0,0.11750382713524749
26,1,82.0,0.19614789901181087
26,1,76.0,0.0003780473750827351
26,1,50.0,0.2346910141194008
26,1,67.0,0.11737449439256198
26,2,82.0,0.31897591167625516
26,2,76.0,0.12244996528936153
26,2,50.0,0.35751902678384506
26,2,67.0,0.005453518271882285
26,3,82.0,0.3425808106117151
26,3,76.0,0.14605486422482145
26,3,50.0,0.381123925719305
26,3,67.0,0.029058417207342202
27,0,43.0,0.9276724633623363
27,0,75.0,0.03527620585096802
27,0,71.0,0.3884619199369058
27,0,33.0,0.6355062498178534
27,1,43.0,0.8903010717231647
27,1,75.0,0.0020951857882036684
27,1,71.0,0.35109052829773413
27,1,33.0,0.5981348581786817
27,2,43.0,0.9347238029024176
27,2,75.0,0.04232754539104927
27,2,71.0,0.39551325947698707
27,2,33.0,0.6425575893579347
27,3,43.0,0.924667036616964
27,3,75.0,0.03227077910559567
27,3,71.0,0.38545649319153347
27,3,33.0,0.6325008230724811
28,0,43.0,0.23070423456691594
28,0,75.0,0.17356253772552274
28,0,71.0,0.14619264814926095
28,0,33.0,0.47289135335767835
28,1,43.0,0.17587705869031375
28,1,75.0,0.11873536184892056
28,1,71.0,0.09136547227265876
28,1,33.0,0.41806417748107616
28,2,43.0,0.17651300201537864
28,2,75.0,0.11937130517398545
28,2,71.0,0.09200141559772365
28,2,33.0,0.41870012080614105
28,3,43.0,0.24205707954894054
28,3,75.0,0.18491538270754734
28,3,71.0,0.15754549313128555
28,3,33.0,0.48424419833970295
29,0,43.0,0.08219431927324516
29,0,75.0,0.5595107619455784
29,0,71.0,0.5327240764300044
29,0,33.0,0.6529638769401747
29,1,43.0,0.09080497009775612
29,1,75.0,0.5681214127700893
29,1,71.0,0.5413347272545154
29,1,33.0,0.6615745277646856
29,2,43.0,0.09079545544859935
29,2,75.0,0.5681118981209325
29,2,71.0,0.5413252126053586
29,2,33.0,0.6615650131155288
29,3,43.0,0.08113461857740922
29,3,75.0,0.5584510612497424
29,3,71.0,0.5316643757341685
29,3,33.0,0.6519041762443387
30,0,25.0,0.3068825700960733
30,0,28.0,0.24438973379373027
30,0,32.0,0.06759510288213244
30,0,38.0,0.6853844172736876
30,1,25.0,0.1862718480372903
30,1,28.0,0.1237790117349473
30,1,32.0,0.05301561917665053
30,1,38.0,0.5647736952149046
30,2,25.0,0.26804226119843466
30,2,28.0,0.20554942489609165
30,2,32.0,0.02875479398449383
30,2,38.0,0.6465441083760489
30,3,25.0,0.2909260112947085
30,3,28.0,0.22843317499236554
30,3,32.0,0.05163854408076769
30,3,38.0,0.6694278584723228
31,0,25.0,0.49338878108915973
31,0,28.0,0.7521360456725898
31,0,32.0,0.6217500617452436
31,0,38.0,0.46862620890535645
31,1,25.0,0.21160592029171538
31,1,28.0,0.47035318487514544
31,1,32.0,0.3399672009477992
31,1,38.0,0.18684334810791206
31,2,25.0,0.3209256176664871
31,2,28.0,0.5796728822499171
31,2,32.0,0.44928689832257085
31,2,38.0,0.29616304548268374
31,3,25.0,0.3763891469490949
31,3,28.0,0.635136411532525
31,3,32.0,0.5047504276051787
31,3,38.0,0.3516265747652916
32,0,25.0,0.5830247591273234
32,0,28.0,0.31225933490275126
32,0,32.0,0.38634252126585483
32,0,38.0,0.02747210633459119
32,1,25.0,0.8025089865079295
32,1,28.0,0.09277510752214527
32,1,32.0,0.6058267486464608
32,1,38.0,0.1920121210460148
32,2,25.0,0.7545255033952222
32,2,28.0,0.14075859063485255
32,2,32.0,0.5578432655337535
32,2,38.0,0.14402863793330753
32,3,25.0,0.719979653336795
32,3,28.0,0.1753044406932796
32,3,32.0,0.5232974154753265
32,3,38.0,0.10948278787488046
33,0,20.0,0.47704371123253225
33,0,65.0,0.9090356580521533
33,0,18.0,0.4354947247161128
33,0,56.0,0.634930766019329
33,1,20.0,0.24070747910267487
33,1,65.0,0.6726994259222958
33,1,18.0,0.1991584925862554
33,1,56.0,0.3985945338894716
33,2,20.0,0.31275146142004456
33,2,65.0,0.7447434082396656
33,2,18.0,0.2712024749036251
33,2,56.0,0.4706385162068413
33,3,20.0,0.46417316115853535
33,3,65.0,0.8961651079781563
33,3,18.0,0.4226241746421159
33,3,56.0,0.6220602159453321
34,0,20.0,0.33387906634453607
34,0,65.0,0.41370179860916906
34,0,18.0,0.3319919858821006
34,0,56.0,0.5413498648425147
34,1,20.0,0.4140274854651482
34,1,65.0,0.4938502177297812
34,1,18.0,0.41214040500271276
34,1,56.0,0.6214982839631268
34,2,20.0,0.36057952301186397
34,2,65.0,0.44040225527649696
34,2,18.0,0.3586924425494285
34,2,56.0,0.5680503215098426
34,3,20.0,0.33995320580187977
34,3,65.0,0.41977593806651275
34,3,18.0,0.3380661253394443
34,3,56.0,0.5474240042998584
35,0,20.0,0.8125741839552998
35,0,65.0,0.26839579153708526
35,0,18.0,0.01409630862133443
35,0,56.0,0.22917119704862632
35,1,20.0,0.7644835002139917
35,1,65.0,0.22030510779577714
35,1,18.0,0.06218699236264255
35,1,56.0,0.2772618807899344
35,2,20.0,0.7831087536708661
35,2,65.0,0.23893036125265155
35,2,18.0,0.043561738905768144
35,2,56.0,0.25863662733306003
35,3,20.0,0.773269276982071
35,3,65.0,0.2290908845638565
35,3,18.0,0.05340121559456318
35,3,56.0,0.26847610402185507
36,0,69.0,0.2883018681406069
36,0,44.0,0.10322338295454508
36,0,66.0,0.7184500527005724
36,0,34.0,0.5919303285618465
36,1,69.0,0.07647368931836546
36,1,44.0,0.10860479586769631
36,1,66.0,0.506621873878331
36,1,34.0,0.8037585073840879
36,2,69.0,0.2099164722948615
36,2,44.0,0.024837987108799725
36,2,66.0,0.640064656854827
36,2,34.0,0.6703157244075919
36,3,69.0,0.296215113161845
36,3,44.0,0.11113662797578328
36,3,66.0,0.7263632977218106
36,3,34.0,0.5840170835406083
37,0,69.0,0.16033222203212133
37,0,44.0,0.0043104733115199995
37,0,66.0,0.02097761675787574
37,0,34.0,0.783639190459745
37,1,69.0,0.21622204719578902
37,1,44.0,0.0515793518521477
37,1,66.0,0.07686744192154343
37,1,34.0,0.8395290156234126
37,2,69.0,0.17605975548615882
37,2,44.0,0.011417060142517504
37,2,66.0,0.03670515021191324
37,2,34.0,0.7993667239137825
37,3,69.0,0.13827968281424619
37,3,44.0,0.02636301252939513
37,3,66.0,0.0010749224599993917
37,3,34.0,0.7615866512418699
38,0,69.0,0.25308254088905374
38,0,44.0,0.3373309641150154
38,0,66.0,0.08481416899029698
38,0,34.0,0.2697475556742579
38,1,69.0,0.020046225975118334
38,1,44.0,0.10429464920108
38,1,66.0,0.3178504839042324
38,1,34.0,0.5027838705881933
38,2,69.0,0.06492198554041385
38,2,44.0,0.14917040876637552
38,2,66.0,0.2729747243389369
38,2,34.0,0.45790811102289775
38,3,69.0,0.13894507118222355
38,3,44.0,0.2231934944081852
38,3,66.0,0.19895163869712718
38,3,34.0,0.3838850253810881
39,0,9.0,0.22292367497381999
39,0,15.0,0.9405537272148758
39,0,47.0,0.34310711638626096
39,0,87.0,0.5702555793399833
39,1,9.0,0.07086663528717574
39,1,15.0,0.7884966875282315
39,1,47.0,0.1910500766996167
39,1,87.0,0.4181985396533391
39,2,9.0,0.16780122750613047
39,2,15.0,0.8854312797471863
39,2,47.0,0.28798466891857144
39,2,87.0,0.5151331318722938
39,3,9.0,0.16146231928605193
39,3,15.0,0.8790923715271077
39,3,47.0,0.2816457606984929
39,3,87.0,0.5087942236522153
40,0,9.0,0.5224996359837908
40,0,15.0,0.05709054843615741
40,0,47.0,0.5305600751078091
40,0,87.0,0.13631250865602437
40,1,9.0,0.3903392797209332
40,1,15.0,0.18925090469901498
40,1,47.0,0.6627204313706667
40,1,87.0,0.004152152393166797
40,2,9.0,0.5222110994713498
40,2,15.0,0.05737908494859839
40,2,47.0,0.5308486116202501
40,2,87.0,0.1360239721435834
40,3,9.0,0.546904560184015
40,3,15.0,0.03268562423593313
40,3,47.0,0.5061551509075848
40,3,87.0,0.16071743285624865
41,0,9.0,0.8668078390537152
41,0,15.0,0.2727886252666928
41,0,47.0,0.375636552444377
41,0,87.0,0.38831758315086895
41,1,9.0,0.6494150483301298
41,1,15.0,0.05539583454310742
41,1,47.0,0.1582437617207916
41,1,87.0,0.1709247924272836
41,2,9.0,0.7538015400823916
41,2,15.0,0.15978232629536926
41,2,47.0,0.26263025347305347
41,2,87.0,0.2753112841795454
41,3,9.0,0.7538015455142578
41,3,15.0,0.1597823317272354
41,3,47.0,0.2626302589049196
41,3,87.0,0.2753112896114116
42,0,97.0,0.224297962735464
42,0,78.0,0.3011759678784831
42,0,90.0,0.40665968463056856
42,0,16.0,0.13311806392266815
42,1,97.0,0.35221316586515994
42,1,78.0,0.429091171008179
42,1,90.0,0.2787444815008726
42,1,16.0,0.0052028607929721984
42,2,97.0,0.2668862080330424
42,2,78.0,0.3437642131760615
42,2,90.0,0.36407143933299013
42,2,16.0,0.09052981862508974
42,3,97.0,0.19531375487223182
42,3,78.0,0.2721917600152509
42,3,90.0,0.43564389249380076
42,3,16.0,0.16210227178590034
43,0,97.0,0.04590347009731416
43,0,78.0,0.07708659918429245
43,0,90.0,0.04835781696586218
43,0,16.0,0.08563997380574287
43,1,97.0,0.045413011309675566
43,1,78.0,0.07659614039665386
43,1,90.0,0.04786735817822359
43,1,16.0,0.08613043259338146
43,2,97.0,0.07976769936247909
43,2,78.0,0.11095082844945739
43,2,90.0,0.08222204623102711
43,2,16.0,0.05177574454057793
43,3,97.0,0.07762475464621946
43,3,78.0,0.10880788373319775
43,3,90.0,0.08007910151476748
43,3,16.0,0.05391868925683756
44,0,97.0,0.16523789258332902
44,0,78.0,0.984595581614961
44,0,90.0,0.8697850324941753
44,0,16.0,0.34879954003407176
44,1,97.0,0.27237930793499565
44,1,78.0,1.0917369969666275
44,1,90.0,0.9769264478458419
44,1,16.0,0.4559409553857384
44,2,97.0,0.21290858007336402
44,2,78.0,1.032266269104996
44,2,90.0,0.9174557199842103
44,2,16.0,0.39647022752410677
44,3,97.0,0.1943977352682628
44,3,78.0,1.0137554242998947
44,3,90.0,0.898944875179109
44,3,16.0,0.37795938271900553
45,0,58.0,0.4077620997752461
45,0,93.0,0.24382458806797652
45,0,8.0,0.9513104978300235
45,0,54.0,0.5371871293503886
45,1,58.0,0.4812362847411288
45,1,93.0,0.3172987730338592
45,1,8.0,0.8778363128641408
45,1,54.0,0.46371294438450594
45,2,58.0,0.4179655735048049
45,2,93.0,0.25402806179753534
45,2,8.0,0.9411070241004647
45,2,54.0,0.5269836556208298
45,3,58.0,0.40174166586783056
45,3,93.0,0.237804154160561
45,3,8.0,0.957330931737439
45,3,54.0,0.5432075632578042
46,0,58.0,0.23062998604664492
46,0,93.0,0.1867154679203875
46,0,8.0,0.48503382430802167
46,0,54.0,0.25942773050636925
46,1,58.0,0.16911402050631916
46,1,93.0,0.12519950238006178
46,1,8.0,0.5465497898483475
46,1,54.0,0.19791176496604346
46,2,58.0,0.16560503099640278
46,2,93.0,0.12169051287014539
46,2,8.0,0.5500587793582639
46,2,54.0,0.19440277545612708
46,3,58.0,0.19622025821145533
46,3,93.0,0.15230574008519793
46,3,8.0,0.5194435521432113
46,3,54.0,0.22501800267117963
47,0,58.0,0.7669222570569452
47,0,93.0,0.47804041238718886
47,0,8.0,0.07169753909889093
47,0,54.0,0.28189210502140655
47,1,58.0,0.6763033271542251
47,1,93.0,0.38742148248446884
47,1,8.0,0.018921390803829118
47,1,54.0,0.37251103492412657
47,2,58.0,0.7046431757865793
47,2,93.0,0.415761331116823
47,2,8.0,0.00941845782852505
47,2,54.0,0.3441711862917724
47,3,58.0,0.6963289946339715
47,3,93.0,0.40744714996421516
47,3,8.0,0.0011042766759172245
47,3,54.0,0.35248536744438025
48,0,19.0,0.09018127584445451
48,0,3.0,0.18149825228699001
48,0,70.0,0.23756159908299523
48,0,63.0,0.03483052790647831
48,1,19.0,0.15676463466722967
48,1,3.0,0.11491489346421485
48,1,70.0,0.17097824026022007
48,1,63.0,0.031752830916296854
48,2,19.0,0.12029575548278298
48,2,3.0,0.15138377264866154
48,2,70.0,0.20744711944466676
48,2,63.0,0.004716048268149836
48,3,19.0,0.08712265710339936
48,3,3.0,0.18455687102804516
48,3,70.0,0.2406202178240504
48,3,63.0,0.037889146647533456
49,0,19.0,0.7480880008429607
49,0,3.0,0.18812032979864224
49,0,70.0,0.5560263645192096
49,0,63.0,0.14034985278516277
49,1,19.0,0.6624216277305293
49,1,3.0,0.27378670291107365
49,1,70.0,0.4703599914067782
49,1,63.0,0.05468347967273135
49,2,19.0,0.6982217562685898
49,2,3.0,0.23798657437301307
49,2,70.0,0.5061601199448388
49,2,63.0,0.09048360821079193
49,3,19.0,0.7330062251801046
49,3,3.0,0.2032021054614983
49,3,70.0,0.5409445888563535
49,3,63.0,0.1252680771223067
50,0,19.0,0.8173727117237193
50,0,3.0,0.7947738171601344
50,0,70.0,0.44448136152404294
50,0,63.0,0.34477458557781393
50,1,19.0,0.6212275076169675
50,1,3.0,0.5986286130533828
50,1,70.0,0.24833615741729134
50,1,63.0,0.14862938147106233
50,2,19.0,0.6226975739333298
50,2,3.0,0.6000986793697449
50,2,70.0,0.24980622373365355
50,2,63.0,0.15009944778742454
50,3,19.0,0.7927716085607841
50,3,3.0,0.7701727139971992
50,3,70.0,0.41988025836110776
50,3,63.0,0.32017348241487875
51,0,99.0,0.320594042678779
51,0,41.0,0.16887475052189216
51,0,51.0,0.1988309748223101
51,0,55.0,0.3188934861654535
51,1,99.0,0.33383466918420457
51,1,41.0,0.15563412401646662
51,1,51.0,0.21207160132773564
51,1,55.0,0.305652859660028
51,2,99.0,0.3234262977455269
51,2,41.0,0.1660424954551443
51,2,51.0,0.20166322988905797
51,2,55.0,0.31606123109870565
51,3,99.0,0.3292164349418722
51,3,41.0,0.16025235825879897
51,3,51.0,0.2074533670854033
51,3,55.0,0.3102710939023603
52,0,99.0,0.4587221462300698
52,0,41.0,0.8873870233468435
52,0,51.0,1.0473871065255762
52,0,55.0,0.5024017847824852
52,1,99.0,0.18642813912063055
52,1,41.0,0.6150930162374042
52,1,51.0,0.7750930994161369
52,1,55.0,0.230107777673046
52,2,99.0,0.1999768362143763
52,2,41.0,0.6286417133311499
52,2,51.0,0.7886417965098826
52,2,55.0,0.24365647476679175
52,3,99.0,0.3691381923966598
52,3,41.0,0.7978030695134334
52,3,51.0,0.9578031526921661
52,3,55.0,0.4128178309490752
53,0,99.0,0.28652103580161603
53,0,41.0,0.7285033917881272
53,0,51.0,0.2973450402914672
53,0,55.0,0.07411567890770127
53,1,99.0,0.3122142852442352
53,1,41.0,0.7541966412307464
53,1,51.0,0.32303828973408644
53,1,55.0,0.09980892835032051
53,2,99.0,0.2806046571692901
53,2,41.0,0.7225870131558013
53,2,51.0,0.29142866165914133
53,2,55.0,0.0681993002753754
53,3,99.0,0.3016114400864266
53,3,41.0,0.7435937960729377
53,3,51.0,0.3124354445762778
53,3,55.0,0.08920608319251186
54,0,37.0,0.554140844780001
54,0,13.0,0.5872768209927014
54,0,22.0,0.09471121339624848
54,0,77.0,0.035212295083425535
54,1,37.0,0.47961472577998576
54,1,13.0,0.6618029399927167
54,1,22.0,0.16923733239626373
54,1,77.0,0.03931382391658972
54,2,37.0,0.4887352626723702
54,2,13.0,0.6526824031003322
54,2,22.0,0.16011679550387922
54,2,77.0,0.030193287024205206
54,3,37.0,0.566731015571766
54,3,13.0,0.5746866502009365
54,3,22.0,0.08212104260448351
54,3,77.0,0.047802465875190506
55,0,37.0,0.1302608011848797
55,0,13.0,0.2840790216536127
55,0,22.0,0.1918586348112346
55,0,77.0,0.2861207012180493
55,1,37.0,0.21198908117384657
55,1,13.0,0.3658073016425796
55,1,22.0,0.2735869148002015
55,1,77.0,0.2043924212290824
55,2,37.0,0.16609103934959385
55,2,13.0,0.31990925981832685
55,2,22.0,0.22768887297594873
55,2,77.0,0.25029046305333513
55,3,37.0,0.1426906696909992
55,3,13.0,0.29650889015973225
55,3,22.0,0.2042885033173541
55,3,77.0,0.2736908327119298
56,0,37.0,0.09366492643716512
56,0,13.0,0.034492041435199024
56,0,22.0,0.029109740796585418
56,0,77.0,0.6980080282977227
56,1,37.0,0.029141017664698503
56,1,13.0,0.030031867337267593
56,1,22.0,0.09363364956905204
56,1,77.0,0.6334841195252561
56,2,37.0,0.07982877822357658
56,2,13.0,0.02065589322161048
56,2,22.0,0.04294588901017396
56,2,77.0,0.6841718800841342
56,3,37.0,0.09162764046734931
56,3,13.0,0.032454755465383206
56,3,22.0,0.031147026766401235
56,3,77.0,0.6959707423279069
57,0,10.0,0.36738701801030993
57,0,42.0,0.08580542449229758
57,0,7.0,0.3131249299666478
57,0,84.0,0.4600253510187244
57,1,10.0,0.40775905803928897
57,1,42.0,0.04543338446331853
57,1,7.0,0.2727528899376688
57,1,84.0,0.41965331098974534
57,2,10.0,0.3718347236948076
57,2,42.0,0.08135771880779993
57,2,7.0,0.30867722428215016
57,2,84.0,0.45557764533422673
57,3,10.0,0.36409011962853793
57,3,42.0,0.08910232287406955
57,3,7.0,0.3164218283484198
57,3,84.0,0.4633222494004964
58,0,10.0,0.5561060547739046
58,0,42.0,0.39988077761561774
58,0,7.0,0.835377562678879
58,0,84.0,0.3003344258626274
58,1,10.0,0.39406240539368487
58,1,42.0,0.5619244269958374
58,1,7.0,0.9974212120590987
58,1,84.0,0.46237807524284713
58,2,10.0,0.48318226762958427
58,2,42.0,0.47280456475993815
58,2,7.0,0.9083013498231993
58,2,84.0,0.3732582130069477
58,3,10.0,0.5499122153837115
58,3,42.0,0.40607461700581093
58,3,7.0,0.8415714020690721
58,3,84.0,0.30652826525282056
59,0,10.0,0.4353601921445483
59,0,42.0,0.4431564453775717
59,0,7.0,0.7563701942255747
59,0,84.0,0.44660772956739225
59,1,10.0,0.15951286092529846
59,1,42.0,0.16730911415832184
59,1,7.0,0.48052286300632496
59,1,84.0,0.17076039834814244
59,2,10.0,0.21883816039861206
59,2,42.0,0.22663441363163545
59,2,7.0,0.5398481624796385
59,2,84.0,0.23008569782145605
59,3,10.0,0.3008605064947204
59,3,42.0,0.30865675972774376
59,3,7.0,0.6218705085757469
59,3,84.0,0.31210804391756436
60,0,6.0,0.46509513729856555
60,0,26.0,0.927831218240135
60,0,98.0,0.042060118541382085
60,0,91.0,0.470467220175251
60,1,6.0,0.37641835923346645
60,1,26.0,0.8391544401750359
60,1,98.0,0.13073689660648116
60,1,91.0,0.3817904421101519
60,2,6.0,0.42311777071572587
60,2,26.0,0.8858538516572954
60,2,98.0,0.08403748512422171
60,2,91.0,0.4284898535924113
60,3,6.0,0.4231177705229368
60,3,26.0,0.8858538514645063
60,3,98.0,0.0840374853170108
60,3,91.0,0.42848985339962226
61,0,6.0,0.21381896856122706
61,0,26.0,0.34422788204423144
61,0,98.0,0.21085388613679407
61,0,91.0,0.3524422863125681
61,1,6.0,0.5108665772040211
61,1,26.0,0.047180273401437434
61,1,98.0,0.08619372250599992
61,1,91.0,0.055394677669774114
61,2,6.0,0.331528927157758
61,2,26.0,0.2265179234477005
61,2,98.0,0.09314392754026313
61,2,91.0,0.23473232771603716
61,3,6.0,0.18803840447831788
61,3,26.0,0.3700084461271406
61,3,98.0,0.23663445021970325
61,3,91.0,0.37822285039547726
62,0,6.0,0.26396518795625923
62,0,26.0,0.41234729783854235
62,0,98.0,0.4562594420480016
62,0,91.0,0.5637284961869404
62,1,6.0,0.0928565741734666
62,1,26.0,0.24123868405574972
62,1,98.0,0.285150828265209
62,1,91.0,0.7348371099697331
62,2,6.0,0.1458575078949232
62,2,26.0,0.2942396177772063
62,2,98.0,0.3381517619866656
62,2,91.0,0.6818361762482764
62,3,6.0,0.23916881158787373
62,3,26.0,0.38755092147015685
62,3,98.0,0.4314630656796161
62,3,91.0,0.5885248725553258
63,0,5.0,0.008189464193185317
63,0,96.0,0.16954687860563317
63,0,12.0,0.333394899265358
63,0,79.0,0.2900840026782458
63,1,5.0,0.003892806805891892
63,1,96.0,0.16525022121833977
63,1,12.0,0.3290982418780646
63,1,79.0,0.2943806600655392
63,2,5.0,0.007975889805186086
63,2,96.0,0.16933330421763396
63,2,12.0,0.33318132487735874
63,2,79.0,0.29029757706624504
63,3,5.0,0.008444331618104707
63,3,96.0,0.16980174603055256
63,3,12.0,0.3336497666902774
63,3,79.0,0.2898291352533264
64,0,5.0,0.0004570286642431448
64,0,96.0,0.012209024262514068
64,0,12.0,0.16810573983799393
64,0,79.0,0.08356828360924086
64,1,5.0,0.05039052506507018
64,1,96.0,0.03772447213831297
64,1,12.0,0.218039236238821
64,1,79.0,0.1335017800100679
64,2,5.0,0.03053648639852019
64,2,96.0,0.017870433471762977
64,2,12.0,0.198185197572271
64,2,79.0,0.1136477413435179
64,3,5.0,0.006060497179994254
64,3,96.0,0.018726550106751467
64,3,12.0,0.16158821399375656
64,3,79.0,0.07705075776500346
65,0,5.0,0.1668880974564108
65,0,96.0,0.10590487303652435
65,0,12.0,0.8500554417672244
65,0,79.0,0.045692723493417076
65,1,5.0,0.05734258769229909
65,1,96.0,0.21545038280063605
65,1,12.0,0.7405099320031125
65,1,79.0,0.15523823325752878
65,2,5.0,0.07353537582260457
65,2,96.0,0.19925759467033058
65,2,12.0,0.7567027201334181
65,2,79.0,0.1390454451272233
65,3,5.0,0.07663287020674643
65,3,96.0,0.19616010028618872
65,3,12.0,0.75980021451756
65,3,79.0,0.13594795074308144
66,0,80.0,0.47311837131834666
66,0,35.0,0.1543712009129682
66,0,92.0,0.5907875411202188
66,0,31.0,0.03431796202226867
66,1,80.0,0.37751140353983875
66,1,35.0,0.058764233134460275
66,1,92.0,0.49518057334171095
66,1,31.0,0.12992492980077658
66,2,80.0,0.44540560632116877
66,2,35.0,0.1266584359157903
66,2,92.0,0.563074776123041
66,2,31.0,0.06203072701944656
66,3,80.0,0.48885263341201635
66,3,35.0,0.17010546300663787
66,3,92.0,0.6065218032138886
66,3,31.0,0.018583699928598985
67,0,80.0,0.2877201674246398
67,0,35.0,0.18006444536805719
67,0,92.0,0.03645087105852203
67,0,31.0,0.38055444431091145
67,1,80.0,0.10092322960301836
67,1,35.0,0.0067324924535642205
67,1,92.0,0.15034606676309936
67,1,31.0,0.5673513821325329
67,2,80.0,0.11806630363550115
67,2,35.0,0.010410581578918568
67,2,92.0,0.1332029927306166
67,2,31.0,0.5502083081000501
67,3,80.0,0.2021178173652908
67,3,35.0,0.09446209530870822
67,3,92.0,0.049151479000826934
67,3,31.0,0.4661567943702605
68,0,80.0,0.023147427981785734
68,0,35.0,0.7204971360595238
68,0,92.0,0.10892294812469247
68,0,31.0,0.23896866025738528
68,1,80.0,0.1403262894072574
68,1,35.0,0.6033182746340522
68,1,92.0,0.008255913300779185
68,1,31.0,0.35614752168285696
68,2,80.0,0.11912225469876683
68,2,35.0,0.6245223093425427
68,2,92.0,0.01294812140771137
68,2,31.0,0.3349434869743664
68,3,80.0,0.003063465360971518
68,3,35.0,0.7405810986803381
68,3,92.0,0.1290069107455067
68,3,31.0,0.21888469763657106
69,0,85.0,0.007883946677867435
69,0,49.0,0.14120498411647314
69,0,2.0,0.5041588908828875
69,0,86.0,0.24557080888684604
69,1,85.0,0.13253453945846963
69,1,49.0,0.0007864979801360805
69,1,2.0,0.36374040474655034
69,1,86.0,0.38598929502318313
69,2,85.0,0.02138523515958393
69,2,49.0,0.11193580227902178
69,2,2.0,0.47488970904543604
69,2,86.0,0.27483999072429743
69,3,85.0,0.005928265082893531
69,3,49.0,0.13924930252149925
69,3,2.0,0.5022032092879135
69,3,86.0,0.24752649048181996
70,0,85.0,0.5009990987002898
70,0,49.0,0.5230862658914682
70,0,2.0,0.3492746523236314
70,0,86.0,0.5357205127883601
70,1,85.0,0.3439159492596585
70,1,49.0,0.36600311645083694
70,1,2.0,0.19219150288300016
70,1,86.0,0.3786373633477288
70,2,85.0,0.43612930776647724
70,2,49.0,0.45821647495765566
70,2,2.0,0.2844048613898189
70,2,86.0,0.4708507218545475
70,3,85.0,0.4622559886184611
70,3,49.0,0.48434315580963955
70,3,2.0,0.3105315422418028
70,3,86.0,0.4969774027065314
71,0,85.0,0.07482045842141866
71,0,49.0,0.10794086356226557
71,0,2.0,0.1149464473756197
71,0,86.0,0.1530877579469192
71,1,85.0,0.12190644958612121
71,1,49.0,0.060854872397563015
71,1,2.0,0.16203243854032223
71,1,86.0,0.10600176678221665
71,2,85.0,0.08842910824683983
71,2,49.0,0.09433221373684439
71,2,2.0,0.12855509720104086
71,2,86.0,0.13947910812149802
71,3,85.0,0.061455745096214404
71,3,49.0,0.12130557688746982
71,3,2.0,0.10158173405041544
71,3,86.0,0.16645247127212345
72,0,36.0,0.16011618081739434
72,0,73.0,0.21822524919390066
72,0,88.0,0.5138719595395083
72,0,53.0,0.08132389725026506
72,1,36.0,0.6143487119307084
72,1,73.0,0.23600728191941342
72,1,88.0,0.9681044906528223
72,1,53.0,0.372908633863049
72,2,36.0,0.4229327836445929
72,2,73.0,0.044591353633297914
72,2,88.0,0.7766885623667068
72,2,53.0,0.1814927055769335
72,3,36.0,0.31105536433888464
72,3,73.0,0.06728606567241036
72,3,88.0,0.6648111430609986
72,3,53.0,0.06961528627122524
73,0,36.0,0.20058218862039873
73,0,73.0,0.1949634411816888
73,0,88.0,0.42456852852091137
73,0,53.0,0.026135299058853097
73,1,36.0,0.27628535902442247
73,1,73.0,0.2706666115857125
73,1,88.0,0.5002716989249351
73,1,53.0,0.10183846946287682
73,2,36.0,0.18771473544677728
73,2,73.0,0.1820959880080673
73,2,88.0,0.4117010753472899
73,2,53.0,0.013267845885231633
73,3,36.0,0.17975731927885097
73,3,73.0,0.17413857184014103
73,3,88.0,0.4037436591793636
73,3,53.0,0.00531042971730534
74,0,36.0,0.09802137506554642
74,0,73.0,0.7643666071512784
74,0,88.0,0.08413739972928366
74,0,53.0,0.01794635996360218
74,1,36.0,0.16044913903613997
74,1,73.0,0.8267943711218719
74,1,88.0,0.021709635758690102
74,1,53.0,0.08037412393419574
74,2,36.0,0.09802137506554642
74,2,73.0,0.7643666071512784
74,2,88.0,0.08413739972928366
74,2,53.0,0.01794635996360218
74,3,36.0,0.0849340446921383
74,3,73.0,0.7512792767778702
74,3,88.0,0.09722473010269178
74,3,53.0,0.004859029590194054
