0,0,[0.     0.5154 0.4846 0.    ]
0,1,"[0.0, 0.4954421317347558, 0.5045578682652442, 0.0]"
0,2,"[0.0, 0.5052386920721111, 0.49476130792788886, 0.0]"
0,3,[0.     0.5093 0.4907 0.    ]
1,0,[-0.      0.5006  0.4994 -0.    ]
1,1,"[0.0, 0.46743390138555135, 0.5325660986144486, 0.0]"
1,2,"[0.0, 0.48360638653774274, 0.5163936134622573, 0.0]"
1,3,[0.     0.4941 0.5059 0.    ]
2,0,[-0.      0.4505  0.5495 -0.    ]
2,1,"[0.0, 0.4064851983058339, 0.593514801694166, 0.0]"
2,2,"[0.0, 0.4279646128616314, 0.5720353871383687, 0.0]"
2,3,[0.     0.4335 0.5665 0.    ]
3,0,[-0.     0.475  0.525 -0.   ]
3,1,"[0.0, 0.3881921196689941, 0.6118078803310059, 0.0]"
3,2,"[0.0, 0.428754730300982, 0.571245269699018, 0.0]"
3,3,[0.     0.4485 0.5515 0.    ]
4,0,[0.     0.5198 0.4802 0.    ]
4,1,"[0.0, 0.5050639499511991, 0.49493605004880087, 0.0]"
4,2,"[0.0, 0.5125167149937118, 0.48748328500628824, 0.0]"
4,3,[0.     0.5155 0.4845 0.    ]
5,0,[-0.      0.4715  0.5285 -0.    ]
5,1,"[0.0, 0.4622544741658975, 0.5377455258341025, 0.0]"
5,2,"[0.0, 0.4667511184897584, 0.5332488815102415, 0.0]"
5,3,[0.     0.4688 0.5312 0.    ]
6,0,[0.     0.5357 0.4643 0.    ]
6,1,"[0.0, 0.5357639854134708, 0.46423601458652913, 0.0]"
6,2,"[0.0, 0.5357167394640165, 0.46428326053598346, 0.0]"
6,3,[0.     0.5357 0.4643 0.    ]
7,0,[0.     0.4964 0.5036 0.    ]
7,1,"[0.0, 0.46568842696995694, 0.5343115730300431, 0.0]"
7,2,"[0.0, 0.48156468472067904, 0.518435315279321, 0.0]"
7,3,[0.     0.4895 0.5105 0.    ]
8,0,[0.    0.434 0.566 0.   ]
8,1,"[0.0, 0.4276628024774205, 0.5723371975225795, 0.0]"
8,2,"[0.0, 0.4307493799043199, 0.5692506200956801, 0.0]"
8,3,[0.     0.4319 0.5681 0.    ]
9,0,[0.    0.519 0.481 0.   ]
9,1,"[0.0, 0.536466099116266, 0.463533900883734, 0.0]"
9,2,"[0.0, 0.5277428719786974, 0.4722571280213026, 0.0]"
9,3,[0.     0.5235 0.4765 0.    ]
10,0,[-0.      0.6075  0.3925 -0.    ]
10,1,"[0.0, 0.6138311424923154, 0.38616885750768454, 0.0]"
10,2,"[0.0, 0.6107531532669616, 0.38924684673303844, 0.0]"
10,3,[0.     0.6092 0.3908 0.    ]
11,0,[0.     0.4746 0.5254 0.    ]
11,1,"[0.0, 0.462549979571799, 0.537450020428201, 0.0]"
11,2,"[0.0, 0.46837764297756634, 0.5316223570224337, 0.0]"
11,3,[0.     0.4717 0.5283 0.    ]
12,0,[0.     0.6292 0.3708 0.    ]
12,1,"[0.0, 0.6274811895463994, 0.3725188104536005, 0.0]"
12,2,"[0.0, 0.6283336986016435, 0.37166630139835655, 0.0]"
12,3,[0.     0.6285 0.3715 0.    ]
13,0,[-0.    0.52  0.48 -0.  ]
13,1,"[0.0, 0.5257513118590269, 0.47424868814097304, 0.0]"
13,2,"[0.0, 0.5228152872851167, 0.4771847127148832, 0.0]"
13,3,[0.     0.5216 0.4784 0.    ]
14,0,[-0.      0.5999  0.4001 -0.    ]
14,1,"[0.0, 0.6075056577644549, 0.3924943422355452, 0.0]"
14,2,"[0.0, 0.6037766649673202, 0.3962233350326798, 0.0]"
14,3,[0.     0.6021 0.3979 0.    ]
15,0,[0.     0.5077 0.4923 0.    ]
15,1,"[0.0, 0.5087851788394712, 0.4912148211605287, 0.0]"
15,2,"[0.0, 0.5082750231345889, 0.491724976865411, 0.0]"
15,3,[0.     0.5081 0.4919 0.    ]
16,0,[0.     0.5617 0.4383 0.    ]
16,1,"[0.0, 0.5664647635190837, 0.4335352364809163, 0.0]"
16,2,"[0.0, 0.5641687168688899, 0.4358312831311101, 0.0]"
16,3,[0.     0.5617 0.4383 0.    ]
17,0,[-0.      0.4924  0.5076 -0.    ]
17,1,"[0.0, 0.5073598889219467, 0.4926401110780533, 0.0]"
17,2,"[0.0, 0.5003525163945733, 0.49964748360542666, 0.0]"
17,3,[0.     0.4967 0.5033 0.    ]
18,0,[0.     0.4303 0.5697 0.    ]
18,1,"[0.0, 0.4555930235059569, 0.5444069764940431, 0.0]"
18,2,"[0.0, 0.44502656903659243, 0.5549734309634076, 0.0]"
18,3,[0.     0.4357 0.5643 0.    ]
19,0,[0.     0.4624 0.5376 0.    ]
19,1,"[0.0, 0.4858783406596749, 0.514121659340325, 0.0]"
19,2,"[0.0, 0.4745449190163223, 0.5254550809836777, 0.0]"
19,3,"[0.0, 0.4821797448049206, 0.5178202551950793, 0.0]"
20,0,[0.     0.5206 0.4794 0.    ]
20,1,"[0.0, 0.48432273798419867, 0.5156772620158013, 0.0]"
20,2,"[0.0, 0.5024484204027939, 0.49755157959720614, 0.0]"
20,3,[0.     0.5105 0.4895 0.    ]
21,0,[-0.      0.4163  0.5837 -0.    ]
21,1,"[0.0, 0.416723069360956, 0.5832769306390441, 0.0]"
21,2,"[0.0, 0.41653212982732196, 0.583467870172678, 0.0]"
21,3,[0.     0.4164 0.5836 0.    ]
22,0,[0.     0.4581 0.5419 0.    ]
22,1,"[0.0, 0.5396381344077306, 0.46036186559226944, 0.0]"
22,2,"[0.0, 0.4980169625893987, 0.5019830374106014, 0.0]"
22,3,"[0.0, 0.5058885041256064, 0.49411149587439357, 0.0]"
23,0,[0.    0.506 0.494 0.   ]
23,1,"[0.0, 0.5067272777301893, 0.49327272226981067, 0.0]"
23,2,"[0.0, 0.5066189641531864, 0.49338103584681364, 0.0]"
23,3,[0.     0.5061 0.4939 0.    ]
24,0,[0.     0.5021 0.4979 0.    ]
24,1,"[0.0, 0.5248172142583963, 0.47518278574160366, 0.0]"
24,2,"[0.0, 0.5142186664687957, 0.4857813335312043, 0.0]"
24,3,[0.     0.5077 0.4923 0.    ]
25,0,[0.    0.528 0.472 0.   ]
25,1,"[0.0, 0.4571677776933186, 0.5428322223066814, 0.0]"
25,2,"[0.0, 0.4907802058582504, 0.5092197941417496, 0.0]"
25,3,[0.     0.5134 0.4866 0.    ]
26,0,[-0.      0.5519  0.4481 -0.    ]
26,1,"[0.0, 0.5170494683447502, 0.4829505316552498, 0.0]"
26,2,"[0.0, 0.5338881608255539, 0.46611183917444604, 0.0]"
26,3,[0.     0.5488 0.4512 0.    ]
27,0,[0.     0.4736 0.5264 0.    ]
27,1,"[0.0, 0.49941074930500495, 0.500589250694995, 0.0]"
27,2,"[0.0, 0.4868248966147623, 0.5131751033852376, 0.0]"
27,3,"[0.0, 0.4850404163818467, 0.5149595836181533, 0.0]"
28,0,[-0.      0.4479  0.5521 -0.    ]
28,1,"[0.0, 0.438845010239871, 0.561154989760129, 0.0]"
28,2,"[0.0, 0.4433415620437835, 0.5566584379562165, 0.0]"
28,3,[0.     0.4484 0.5516 0.    ]
29,0,[-0.      0.4617  0.5383 -0.    ]
29,1,"[0.0, 0.4721698935005401, 0.5278301064994598, 0.0]"
29,2,"[0.0, 0.46709904746254866, 0.5329009525374513, 0.0]"
29,3,"[0.0, 0.4653835193349736, 0.5346164806650263, 0.0]"
30,0,[0.     0.5287 0.4713 0.    ]
30,1,"[0.0, 0.5691412787893921, 0.4308587212106079, 0.0]"
30,2,"[0.0, 0.549900499979343, 0.45009950002065696, 0.0]"
30,3,[0.     0.5377 0.4623 0.    ]
31,0,[0.     0.5256 0.4744 0.    ]
31,1,"[0.0, 0.5245263344752326, 0.47547366552476744, 0.0]"
31,2,"[0.0, 0.5245263344752326, 0.47547366552476744, 0.0]"
31,3,[0.     0.5219 0.4781 0.    ]
32,0,[-0.      0.4442  0.5558 -0.    ]
32,1,"[0.0, 0.4946777003664609, 0.5053222996335391, 0.0]"
32,2,[0.     0.4662 0.5338 0.    ]
32,3,[0.     0.4462 0.5538 0.    ]
33,0,[-0.      0.4555  0.5445 -0.    ]
33,1,"[0.0, 0.48130807200000364, 0.5186919279999963, 0.0]"
33,2,[0.     0.4664 0.5336 0.    ]
33,3,"[0.0, 0.4920832308536038, 0.5079167691463962, 0.0]"
34,0,[-0.      0.4648  0.5352 -0.    ]
34,1,"[0.0, 0.48131025399160415, 0.5186897460083958, 0.0]"
34,2,"[0.0, 0.4730961012816468, 0.5269038987183532, 0.0]"
34,3,"[0.0, 0.4740978757476679, 0.5259021242523321, 0.0]"
35,0,[0.     0.5268 0.4732 0.    ]
35,1,"[0.0, 0.5168399052661299, 0.4831600947338701, 0.0]"
35,2,"[0.0, 0.5168399052661299, 0.4831600947338701, 0.0]"
35,3,"[0.0, 0.5052966632658152, 0.49470333673418476, 0.0]"
36,0,[-0.      0.5247  0.4753 -0.    ]
36,1,"[0.0, 0.5495911375665254, 0.4504088624334744, 0.0]"
36,2,"[0.0, 0.5364496785822489, 0.4635503214177511, 0.0]"
36,3,"[0.0, 0.5341636468668947, 0.46583635313310534, 0.0]"
37,0,[-0.      0.5101  0.4899 -0.    ]
37,1,"[0.0, 0.4886705510697729, 0.5113294489302271, 0.0]"
37,2,[0.  0.5 0.5 0. ]
37,3,[0.     0.4959 0.5041 0.    ]
38,0,[0.     0.4723 0.5277 0.    ]
38,1,"[0.0, 0.5469302067320237, 0.45306979326797625, 0.0]"
38,2,"[0.0, 0.512816321354109, 0.48718367864589096, 0.0]"
38,3,"[0.0, 0.49544984540431813, 0.5045501545956819, 0.0]"
0,0,[0.     0.3821 0.6179 0.    ]
0,1,"[0.0, 0.37941438616111406, 0.620585613838886, 0.0]"
0,2,"[0.0, 0.380766146705098, 0.619233853294902, 0.0]"
0,3,[0.     0.3809 0.6191 0.    ]
1,0,[0.     0.5059 0.4941 0.    ]
1,1,"[0.0, 0.43114485670002634, 0.5688551432999737, 0.0]"
1,2,"[0.0, 0.4667440676379277, 0.5332559323620722, 0.0]"
1,3,[0.     0.4898 0.5102 0.    ]
2,0,[0.     0.5228 0.4772 0.    ]
2,1,"[0.0, 0.47578977054203536, 0.5242102294579646, 0.0]"
2,2,"[0.0, 0.498505559023519, 0.5014944409764809, 0.0]"
2,3,[0.     0.5088 0.4912 0.    ]
3,0,[0.     0.4722 0.5278 0.    ]
3,1,"[0.0, 0.444568581997901, 0.555431418002099, 0.0]"
3,2,"[0.0, 0.4584471280989254, 0.5415528719010746, 0.0]"
3,3,[0.     0.4627 0.5373 0.    ]
4,0,[-0.      0.5776  0.4224 -0.    ]
4,1,"[0.0, 0.5426300486458783, 0.4573699513541217, 0.0]"
4,2,"[0.0, 0.5598373975791192, 0.4401626024208808, 0.0]"
4,3,[0.     0.5671 0.4329 0.    ]
5,0,[-0.     0.423  0.577 -0.   ]
5,1,"[0.0, 0.4240458272954514, 0.5759541727045486, 0.0]"
5,2,"[0.0, 0.4235516410761562, 0.5764483589238438, 0.0]"
5,3,[0.     0.4234 0.5766 0.    ]
6,0,[-0.      0.4604  0.5396 -0.    ]
6,1,"[0.0, 0.45607884606930366, 0.5439211539306963, 0.0]"
6,2,"[0.0, 0.45768374166836634, 0.5423162583316337, 0.0]"
6,3,[0.     0.4594 0.5406 0.    ]
7,0,[0.     0.5143 0.4857 0.    ]
7,1,"[0.0, 0.4773942251355686, 0.5226057748644314, 0.0]"
7,2,"[0.0, 0.4958258065978658, 0.5041741934021342, 0.0]"
7,3,[0.    0.513 0.487 0.   ]
8,0,[-0.      0.4534  0.5466 -0.    ]
8,1,"[0.0, 0.4522924224774419, 0.5477075775225582, 0.0]"
8,2,"[0.0, 0.45259349754468137, 0.5474065024553186, 0.0]"
8,3,[0.     0.4532 0.5468 0.    ]
9,0,[-0.      0.4827  0.5173 -0.    ]
9,1,"[0.0, 0.47682615311741255, 0.5231738468825874, 0.0]"
9,2,"[0.0, 0.4797045823013904, 0.5202954176986095, 0.0]"
9,3,[0.     0.4803 0.5197 0.    ]
10,0,[0.     0.5581 0.4419 0.    ]
10,1,"[0.0, 0.576095752545987, 0.42390424745401295, 0.0]"
10,2,"[0.0, 0.5669619510614092, 0.4330380489385907, 0.0]"
10,3,[0.     0.5634 0.4366 0.    ]
11,0,[-0.      0.5071  0.4929 -0.    ]
11,1,"[0.0, 0.4885778662946436, 0.5114221337053563, 0.0]"
11,2,"[0.0, 0.49772050323479494, 0.502279496765205, 0.0]"
11,3,[0.     0.5019 0.4981 0.    ]
12,0,[0.     0.5547 0.4453 0.    ]
12,1,"[0.0, 0.5208721955800558, 0.4791278044199442, 0.0]"
12,2,"[0.0, 0.5372231999647369, 0.4627768000352631, 0.0]"
12,3,[0.     0.5547 0.4453 0.    ]
13,0,[-0.      0.5118  0.4882 -0.    ]
13,1,"[0.0, 0.49561692812730895, 0.504383071872691, 0.0]"
13,2,"[0.0, 0.5035603705814474, 0.4964396294185526, 0.0]"
13,3,[-0.      0.5118  0.4882 -0.    ]
14,0,[-0.      0.5641  0.4359 -0.    ]
14,1,"[0.0, 0.4992655387761855, 0.5007344612238144, 0.0]"
14,2,"[0.0, 0.5310436424077349, 0.46895635759226506, 0.0]"
14,3,[0.     0.5487 0.4513 0.    ]
15,0,[0.     0.4812 0.5188 0.    ]
15,1,"[0.0, 0.4625879303701374, 0.5374120696298625, 0.0]"
15,2,"[0.0, 0.4713433750286417, 0.5286566249713582, 0.0]"
15,3,[0.     0.4756 0.5244 0.    ]
16,0,[0.     0.4913 0.5087 0.    ]
16,1,"[0.0, 0.5130775813392263, 0.4869224186607737, 0.0]"
16,2,"[0.0, 0.502712972816485, 0.497287027183515, 0.0]"
16,3,[0.     0.4972 0.5028 0.    ]
17,0,[-0.     0.442  0.558 -0.   ]
17,1,"[0.0, 0.4278773940113164, 0.5721226059886836, 0.0]"
17,2,"[0.0, 0.4351018125362717, 0.5648981874637283, 0.0]"
17,3,[0.     0.4373 0.5627 0.    ]
18,0,[0.     0.4911 0.5089 0.    ]
18,1,"[0.0, 0.5223982362635408, 0.4776017637364592, 0.0]"
18,2,"[0.0, 0.5063737575714206, 0.49362624242857944, 0.0]"
18,3,[0.     0.5016 0.4984 0.    ]
19,0,[0.     0.5708 0.4292 0.    ]
19,1,"[0.0, 0.4819926495719196, 0.5180073504280803, 0.0]"
19,2,"[0.0, 0.523955053215232, 0.4760449467847681, 0.0]"
19,3,[0.     0.5608 0.4392 0.    ]
20,0,[0.     0.5616 0.4384 0.    ]
20,1,"[0.0, 0.5613170845784099, 0.43868291542159016, 0.0]"
20,2,"[0.0, 0.5614494071681569, 0.438550592831843, 0.0]"
20,3,[0.     0.5615 0.4385 0.    ]
21,0,[0.     0.5297 0.4703 0.    ]
21,1,"[0.0, 0.5614223034282206, 0.43857769657177936, 0.0]"
21,2,"[0.0, 0.546605144100914, 0.453394855899086, 0.0]"
21,3,[0.     0.5388 0.4612 0.    ]
22,0,[-0.      0.5415  0.4585 -0.    ]
22,1,"[0.0, 0.5449459644839812, 0.45505403551601875, 0.0]"
22,2,"[0.0, 0.5438560570502582, 0.45614394294974175, 0.0]"
22,3,[0.     0.5422 0.4578 0.    ]
23,0,[0.     0.4755 0.5245 0.    ]
23,1,"[0.0, 0.4956973223932548, 0.5043026776067452, 0.0]"
23,2,"[0.0, 0.48578841343756785, 0.5142115865624322, 0.0]"
23,3,[0.     0.4808 0.5192 0.    ]
24,0,[-0.      0.4461  0.5539 -0.    ]
24,1,"[0.0, 0.4451435005038032, 0.5548564994961969, 0.0]"
24,2,"[0.0, 0.4456124037089875, 0.5543875962910124, 0.0]"
24,3,[0.     0.4458 0.5542 0.    ]
25,0,[0.     0.5501 0.4499 0.    ]
25,1,"[0.0, 0.5414405424904781, 0.4585594575095219, 0.0]"
25,2,"[0.0, 0.546956218991581, 0.45304378100841897, 0.0]"
25,3,[0.     0.5503 0.4497 0.    ]
26,0,[0.     0.5336 0.4664 0.    ]
26,1,"[0.0, 0.535802135575742, 0.464197864424258, 0.0]"
26,2,"[0.0, 0.535802135575742, 0.464197864424258, 0.0]"
26,3,[0.     0.5351 0.4649 0.    ]
27,0,[0.     0.5182 0.4818 0.    ]
27,1,"[0.0, 0.5058363008625529, 0.49416369913744707, 0.0]"
27,2,"[0.0, 0.5118434002528021, 0.48815659974719794, 0.0]"
27,3,"[0.0, 0.5118434002528021, 0.48815659974719794, 0.0]"
28,0,[0.    0.541 0.459 0.   ]
28,1,"[0.0, 0.5376664412430671, 0.46233355875693294, 0.0]"
28,2,"[0.0, 0.5377711206443447, 0.46222887935565526, 0.0]"
28,3,"[0.0, 0.5401740459654474, 0.4598259540345527, 0.0]"
29,0,[-0.      0.5535  0.4465 -0.    ]
29,1,"[0.0, 0.45772742104338077, 0.5422725789566192, 0.0]"
29,2,"[0.0, 0.5027440894788483, 0.49725591052115165, 0.0]"
29,3,"[0.0, 0.532457191297701, 0.4675428087022991, 0.0]"
30,0,[-0.      0.5278  0.4722 -0.    ]
30,1,"[0.0, 0.46366531224853647, 0.5363346877514635, 0.0]"
30,2,"[0.0, 0.4945278829283456, 0.5054721170716544, 0.0]"
30,3,[0.     0.5268 0.4732 0.    ]
31,0,[-0.      0.5449  0.4551 -0.    ]
31,1,"[0.0, 0.4745168934166307, 0.5254831065833693, 0.0]"
31,2,"[0.0, 0.5041754678615259, 0.4958245321384741, 0.0]"
31,3,"[0.0, 0.5297205981038432, 0.4702794018961568, 0.0]"
32,0,[-0.      0.4472  0.5528 -0.    ]
32,1,"[0.0, 0.4814681813621857, 0.5185318186378143, 0.0]"
32,2,[0.     0.4649 0.5351 0.    ]
32,3,"[0.0, 0.4814614830038666, 0.5185385169961334, 0.0]"
33,0,[-0.      0.4687  0.5313 -0.    ]
33,1,"[0.0, 0.49539932883140847, 0.5046006711685915, 0.0]"
33,2,"[0.0, 0.4820602845447232, 0.5179397154552767, 0.0]"
33,3,"[0.0, 0.48496133926189633, 0.5150386607381037, 0.0]"
34,0,[0.     0.5147 0.4853 0.    ]
34,1,"[0.0, 0.4882774934944191, 0.5117225065055809, 0.0]"
34,2,"[0.0, 0.5017813993508785, 0.49821860064912155, 0.0]"
34,3,[0.     0.5063 0.4937 0.    ]
35,0,[-0.      0.4555  0.5445 -0.    ]
35,1,"[0.0, 0.4851469270351854, 0.5148530729648145, 0.0]"
35,2,[0.     0.4718 0.5282 0.    ]
35,3,"[0.0, 0.4814817456036963, 0.5185182543963037, 0.0]"
36,0,[-0.     0.493  0.507 -0.   ]
36,1,"[0.0, 0.4750804691058487, 0.5249195308941512, 0.0]"
36,2,"[0.0, 0.4819798998476334, 0.5180201001523667, 0.0]"
36,3,[0.    0.496 0.504 0.   ]
37,0,[0.     0.5274 0.4726 0.    ]
37,1,"[0.0, 0.5420789813290446, 0.4579210186709553, 0.0]"
37,2,[0.     0.5342 0.4658 0.    ]
37,3,"[0.0, 0.5356583693171016, 0.46434163068289835, 0.0]"
38,0,[0.     0.5325 0.4675 0.    ]
38,1,"[0.0, 0.5302746100615738, 0.4697253899384261, 0.0]"
38,2,"[0.0, 0.5292582757536848, 0.4707417242463152, 0.0]"
38,3,[0.     0.5296 0.4704 0.    ]
0,0,[0.     0.5763 0.4237 0.    ]
0,1,"[0.0, 0.5180258837281951, 0.481974116271805, 0.0]"
0,2,"[0.0, 0.5484215375412055, 0.4515784624587945, 0.0]"
0,3,[0.    0.562 0.438 0.   ]
1,0,[-0.     0.502  0.498 -0.   ]
1,1,"[0.0, 0.4602681918283278, 0.5397318081716722, 0.0]"
1,2,"[0.0, 0.4811843296197191, 0.518815670380281, 0.0]"
1,3,[0.     0.4999 0.5001 0.    ]
2,0,[0.     0.5295 0.4705 0.    ]
2,1,"[0.0, 0.5326372459556561, 0.46736275404434396, 0.0]"
2,2,"[0.0, 0.5311108246029775, 0.46888917539702246, 0.0]"
2,3,[0.     0.5304 0.4696 0.    ]
3,0,[-0.      0.5237  0.4763 -0.    ]
3,1,"[0.0, 0.5468541224791684, 0.45314587752083163, 0.0]"
3,2,"[0.0, 0.5352873079358982, 0.4647126920641018, 0.0]"
3,3,[-0.      0.5237  0.4763 -0.    ]
4,0,[-0.      0.4324  0.5676 -0.    ]
4,1,"[0.0, 0.41280516703556314, 0.5871948329644369, 0.0]"
4,2,"[0.0, 0.4221993765865553, 0.5778006234134446, 0.0]"
4,3,[0.     0.4273 0.5727 0.    ]
5,0,[0.     0.4537 0.5463 0.    ]
5,1,"[0.0, 0.44954001238982344, 0.5504599876101766, 0.0]"
5,2,"[0.0, 0.4511079962920985, 0.5488920037079015, 0.0]"
5,3,"[0.0, 0.4526850005985908, 0.5473149994014092, 0.0]"
6,0,[0.     0.4822 0.5178 0.    ]
6,1,"[0.0, 0.4804802116727383, 0.5195197883272616, 0.0]"
6,2,"[0.0, 0.48076215701883035, 0.5192378429811696, 0.0]"
6,3,[0.     0.4819 0.5181 0.    ]
7,0,[-0.      0.4068  0.5932 -0.    ]
7,1,"[0.0, 0.41396647046197105, 0.5860335295380289, 0.0]"
7,2,"[0.0, 0.41043319760970925, 0.5895668023902907, 0.0]"
7,3,[0.     0.4094 0.5906 0.    ]
8,0,[-0.      0.5208  0.4792 -0.    ]
8,1,"[0.0, 0.5532656459031049, 0.4467343540968951, 0.0]"
8,2,"[0.0, 0.5376051249608408, 0.4623948750391591, 0.0]"
8,3,[0.    0.531 0.469 0.   ]
9,0,[0.    0.459 0.541 0.   ]
9,1,"[0.0, 0.4286441682793851, 0.5713558317206149, 0.0]"
9,2,"[0.0, 0.44466031459365635, 0.5553396854063436, 0.0]"
9,3,"[0.0, 0.44289748856554795, 0.557102511434452, 0.0]"
10,0,[0.     0.5171 0.4829 0.    ]
10,1,"[0.0, 0.45398294426713487, 0.5460170557328651, 0.0]"
10,2,"[0.0, 0.4855933675423478, 0.5144066324576522, 0.0]"
10,3,[0.     0.4994 0.5006 0.    ]
11,0,[-0.      0.5787  0.4213 -0.    ]
11,1,"[0.0, 0.5933993364529153, 0.40660066354708463, 0.0]"
11,2,"[0.0, 0.5859845060021648, 0.4140154939978352, 0.0]"
11,3,[0.     0.5843 0.4157 0.    ]
12,0,[-0.      0.4588  0.5412 -0.    ]
12,1,"[0.0, 0.5201418427122947, 0.4798581572877053, 0.0]"
12,2,"[0.0, 0.489992233499444, 0.510007766500556, 0.0]"
12,3,[0.    0.476 0.524 0.   ]
13,0,[0.     0.5528 0.4472 0.    ]
13,1,"[0.0, 0.557315357173445, 0.442684642826555, 0.0]"
13,2,"[0.0, 0.5557227633289971, 0.444277236671003, 0.0]"
13,3,[0.     0.5537 0.4463 0.    ]
14,0,[0.     0.5198 0.4802 0.    ]
14,1,"[0.0, 0.5166438352077487, 0.4833561647922513, 0.0]"
14,2,"[0.0, 0.518275147227201, 0.48172485277279903, 0.0]"
14,3,[0.     0.5186 0.4814 0.    ]
15,0,[0.     0.4893 0.5107 0.    ]
15,1,"[0.0, 0.4580785961205652, 0.5419214038794348, 0.0]"
15,2,"[0.0, 0.4737247519495787, 0.5262752480504213, 0.0]"
15,3,[0.     0.4809 0.5191 0.    ]
16,0,[-0.      0.4277  0.5723 -0.    ]
16,1,"[0.0, 0.3884374576757552, 0.6115625423242448, 0.0]"
16,2,"[0.0, 0.4081034085097417, 0.5918965914902583, 0.0]"
16,3,[0.     0.4163 0.5837 0.    ]
17,0,[-0.      0.6124  0.3876 -0.    ]
17,1,"[0.0, 0.6142658016364041, 0.3857341983635959, 0.0]"
17,2,"[0.0, 0.6133721821451779, 0.38662781785482214, 0.0]"
17,3,[0.    0.613 0.387 0.   ]
18,0,[-0.      0.4639  0.5361 -0.    ]
18,1,"[0.0, 0.4901615022142474, 0.5098384977857525, 0.0]"
18,2,"[0.0, 0.47708188705047216, 0.5229181129495278, 0.0]"
18,3,[0.    0.466 0.534 0.   ]
19,0,[-0.      0.4966  0.5034 -0.    ]
19,1,"[0.0, 0.5283373335275853, 0.47166266647241467, 0.0]"
19,2,"[0.0, 0.5117376237128961, 0.48826237628710384, 0.0]"
19,3,[0.     0.5039 0.4961 0.    ]
20,0,[0.     0.4413 0.5587 0.    ]
20,1,"[0.0, 0.4314520124243045, 0.5685479875756956, 0.0]"
20,2,"[0.0, 0.43626270375506593, 0.5637372962449341, 0.0]"
20,3,[0.     0.4383 0.5617 0.    ]
21,0,[-0.      0.5795  0.4205 -0.    ]
21,1,"[0.0, 0.5596024022407013, 0.4403975977592986, 0.0]"
21,2,"[0.0, 0.5700800572318516, 0.4299199427681484, 0.0]"
21,3,[0.     0.5732 0.4268 0.    ]
22,0,[-0.      0.4913  0.5087 -0.    ]
22,1,"[0.0, 0.48231582250573385, 0.5176841774942661, 0.0]"
22,2,"[0.0, 0.48675578504217615, 0.5132442149578238, 0.0]"
22,3,[0.     0.4885 0.5115 0.    ]
23,0,[0.     0.4139 0.5861 0.    ]
23,1,"[0.0, 0.44692472558658236, 0.5530752744134178, 0.0]"
23,2,"[0.0, 0.4302073048333012, 0.5697926951666988, 0.0]"
23,3,"[0.0, 0.43335674748388514, 0.5666432525161149, 0.0]"
24,0,[-0.      0.4348  0.5652 -0.    ]
24,1,"[0.0, 0.48971680159811365, 0.5102831984018863, 0.0]"
24,2,"[0.0, 0.46237569438077436, 0.5376243056192256, 0.0]"
24,3,[-0.      0.4348  0.5652 -0.    ]
25,0,[0.    0.525 0.475 0.   ]
25,1,"[0.0, 0.4826813159632662, 0.5173186840367338, 0.0]"
25,2,"[0.0, 0.5025913838519165, 0.4974086161480835, 0.0]"
25,3,[0.     0.5221 0.4779 0.    ]
26,0,[0.     0.5112 0.4888 0.    ]
26,1,"[0.0, 0.5398195535242614, 0.46018044647573864, 0.0]"
26,2,"[0.0, 0.5286228747521118, 0.4713771252478882, 0.0]"
26,3,[0.     0.5149 0.4851 0.    ]
27,0,[-0.      0.4843  0.5157 -0.    ]
27,1,"[0.0, 0.49781183477633056, 0.5021881652236694, 0.0]"
27,2,[0.   0.49 0.51 0.  ]
27,3,"[0.0, 0.5011995445743967, 0.4988004554256032, 0.0]"
28,0,[-0.      0.5226  0.4774 -0.    ]
28,1,"[0.0, 0.5021732043020565, 0.4978267956979435, 0.0]"
28,2,"[0.0, 0.5123252293912874, 0.4876747706087125, 0.0]"
28,3,[0.     0.5176 0.4824 0.    ]
29,0,[-0.      0.4789  0.5211 -0.    ]
29,1,"[0.0, 0.4971051937750663, 0.5028948062249337, 0.0]"
29,2,"[0.0, 0.48827887729041713, 0.5117211227095828, 0.0]"
29,3,"[0.0, 0.48393486117394957, 0.5160651388260504, 0.0]"
30,0,[-0.      0.5267  0.4733 -0.    ]
30,1,"[0.0, 0.5584988348327424, 0.4415011651672576, 0.0]"
30,2,"[0.0, 0.5455395993637093, 0.4544604006362907, 0.0]"
30,3,"[0.0, 0.5562792175204696, 0.4437207824795304, 0.0]"
31,0,[0.     0.5717 0.4283 0.    ]
31,1,"[0.0, 0.5742258653323875, 0.4257741346676125, 0.0]"
31,2,"[0.0, 0.5729519100830691, 0.42704808991693083, 0.0]"
31,3,"[0.0, 0.5667558907191812, 0.4332441092808188, 0.0]"
32,0,[0.     0.5401 0.4599 0.    ]
32,1,"[0.0, 0.5583840184268521, 0.4416159815731478, 0.0]"
32,2,"[0.0, 0.5481654593111357, 0.45183454068886425, 0.0]"
32,3,"[0.0, 0.5494822188626398, 0.4505177811373602, 0.0]"
33,0,[0.     0.5455 0.4545 0.    ]
33,1,"[0.0, 0.5172049250520219, 0.4827950749479782, 0.0]"
33,2,[0.     0.5316 0.4684 0.    ]
33,3,[0.     0.5358 0.4642 0.    ]
34,0,[-0.      0.4873  0.5127 -0.    ]
34,1,"[0.0, 0.4097303448988977, 0.5902696551011023, 0.0]"
34,2,"[0.0, 0.44408379780046725, 0.5559162021995327, 0.0]"
34,3,"[0.0, 0.45110632789308963, 0.5488936721069104, 0.0]"
35,0,[-0.      0.5214  0.4786 -0.    ]
35,1,"[0.0, 0.4854067598967817, 0.5145932401032183, 0.0]"
35,2,"[0.0, 0.5018338152377402, 0.4981661847622599, 0.0]"
35,3,[0.     0.5111 0.4889 0.    ]
36,0,[0.     0.4514 0.5486 0.    ]
36,1,"[0.0, 0.4768966923752148, 0.5231033076247852, 0.0]"
36,2,[0.     0.4654 0.5346 0.    ]
36,3,"[0.0, 0.47688820755982936, 0.5231117924401707, 0.0]"
37,0,[-0.      0.5515  0.4485 -0.    ]
37,1,"[0.0, 0.5510482314889447, 0.4489517685110553, 0.0]"
37,2,"[0.0, 0.5502316564771853, 0.4497683435228147, 0.0]"
37,3,"[0.0, 0.5393435292514103, 0.4606564707485897, 0.0]"
38,0,[0.     0.5196 0.4804 0.    ]
38,1,"[0.0, 0.5236885446446011, 0.47631145535539887, 0.0]"
38,2,"[0.0, 0.5236885446446011, 0.47631145535539887, 0.0]"
38,3,"[0.0, 0.5212031799432991, 0.4787968200567008, 0.0]"
0,0,[-0.      0.5359  0.4641 -0.    ]
0,1,"[0.0, 0.5168750019622363, 0.4831249980377636, 0.0]"
0,2,"[0.0, 0.5263897497987636, 0.47361025020123637, 0.0]"
0,3,[0.     0.5274 0.4726 0.    ]
1,0,[-0.      0.4797  0.5203 -0.    ]
1,1,"[0.0, 0.4989422816169606, 0.5010577183830394, 0.0]"
1,2,"[0.0, 0.49019519015650576, 0.5098048098434942, 0.0]"
1,3,[0.     0.4843 0.5157 0.    ]
2,0,[-0.      0.4993  0.5007 -0.    ]
2,1,"[0.0, 0.4934732968412583, 0.5065267031587416, 0.0]"
2,2,"[0.0, 0.49634678731130055, 0.5036532126886994, 0.0]"
2,3,[0.     0.4972 0.5028 0.    ]
3,0,[-0.      0.4905  0.5095 -0.    ]
3,1,"[0.0, 0.4996520236071682, 0.5003479763928318, 0.0]"
3,2,"[0.0, 0.49516333497976145, 0.5048366650202385, 0.0]"
3,3,"[0.0, 0.4992040724369314, 0.5007959275630686, 0.0]"
4,0,[-0.      0.4896  0.5104 -0.    ]
4,1,"[0.0, 0.48164289653060494, 0.518357103469395, 0.0]"
4,2,"[0.0, 0.4855604722791026, 0.5144395277208974, 0.0]"
4,3,[-0.      0.4896  0.5104 -0.    ]
5,0,[0.     0.5991 0.4009 0.    ]
5,1,"[0.0, 0.6312842115001513, 0.3687157884998487, 0.0]"
5,2,"[0.0, 0.615240620880775, 0.3847593791192251, 0.0]"
5,3,[0.     0.6049 0.3951 0.    ]
6,0,[-0.      0.5126  0.4874 -0.    ]
6,1,"[0.0, 0.5372630374918217, 0.4627369625081783, 0.0]"
6,2,"[0.0, 0.5255232197028208, 0.47447678029717927, 0.0]"
6,3,[0.     0.5178 0.4822 0.    ]
7,0,[0.     0.4423 0.5577 0.    ]
7,1,"[0.0, 0.4181076741256201, 0.5818923258743799, 0.0]"
7,2,"[0.0, 0.4297715556258328, 0.5702284443741672, 0.0]"
7,3,[0.     0.4423 0.5577 0.    ]
8,0,[0.     0.4465 0.5535 0.    ]
8,1,"[0.0, 0.4396038703065638, 0.5603961296934362, 0.0]"
8,2,"[0.0, 0.44302021406612374, 0.5569797859338763, 0.0]"
8,3,[0.    0.444 0.556 0.   ]
9,0,[-0.      0.5437  0.4563 -0.    ]
9,1,"[0.0, 0.5719512311122434, 0.42804876888775656, 0.0]"
9,2,"[0.0, 0.5584874699033467, 0.44151253009665326, 0.0]"
9,3,[0.     0.5524 0.4476 0.    ]
10,0,[0.     0.4917 0.5083 0.    ]
10,1,"[0.0, 0.5084030955379397, 0.4915969044620603, 0.0]"
10,2,"[0.0, 0.5000526927945412, 0.4999473072054588, 0.0]"
10,3,[0.     0.4959 0.5041 0.    ]
11,0,[0.     0.4477 0.5523 0.    ]
11,1,"[0.0, 0.421759097462126, 0.5782409025378741, 0.0]"
11,2,"[0.0, 0.4346950471056431, 0.5653049528943569, 0.0]"
11,3,[0.     0.4393 0.5607 0.    ]
12,0,[-0.      0.4801  0.5199 -0.    ]
12,1,"[0.0, 0.48275018170248724, 0.5172498182975127, 0.0]"
12,2,"[0.0, 0.4814059877232682, 0.5185940122767317, 0.0]"
12,3,[0.     0.4811 0.5189 0.    ]
13,0,[-0.      0.4118  0.5882 -0.    ]
13,1,"[0.0, 0.4305661081555778, 0.5694338918444222, 0.0]"
13,2,"[0.0, 0.4211273041062363, 0.5788726958937637, 0.0]"
13,3,"[0.0, 0.41921117708190736, 0.5807888229180926, 0.0]"
14,0,[-0.      0.5142  0.4858 -0.    ]
14,1,"[0.0, 0.5057145671152078, 0.4942854328847922, 0.0]"
14,2,"[0.0, 0.5099926101588307, 0.4900073898411692, 0.0]"
14,3,[0.     0.5118 0.4882 0.    ]
15,0,[-0.      0.6217  0.3783 -0.    ]
15,1,"[0.0, 0.5147573257831344, 0.4852426742168656, 0.0]"
15,2,"[0.0, 0.5680104656983538, 0.43198953430164627, 0.0]"
15,3,[0.     0.5893 0.4107 0.    ]
16,0,[0.     0.5153 0.4847 0.    ]
16,1,"[0.0, 0.4983308134467493, 0.5016691865532507, 0.0]"
16,2,"[0.0, 0.5070670253783467, 0.49293297462165336, 0.0]"
16,3,[0.     0.5105 0.4895 0.    ]
17,0,[0.     0.4632 0.5368 0.    ]
17,1,"[0.0, 0.4731973286262435, 0.5268026713737566, 0.0]"
17,2,"[0.0, 0.4683150064292372, 0.5316849935707628, 0.0]"
17,3,[0.     0.4666 0.5334 0.    ]
18,0,[-0.      0.6003  0.3997 -0.    ]
18,1,"[0.0, 0.5090809964325838, 0.4909190035674162, 0.0]"
18,2,"[0.0, 0.5518884743455778, 0.44811152565442225, 0.0]"
18,3,[0.     0.5931 0.4069 0.    ]
19,0,[0.     0.4295 0.5705 0.    ]
19,1,"[0.0, 0.4281789842517076, 0.5718210157482924, 0.0]"
19,2,"[0.0, 0.4288458135053349, 0.571154186494665, 0.0]"
19,3,[0.     0.4291 0.5709 0.    ]
20,0,[0.     0.4634 0.5366 0.    ]
20,1,"[0.0, 0.47449897107440536, 0.5255010289255946, 0.0]"
20,2,"[0.0, 0.4696618484760239, 0.5303381515239761, 0.0]"
20,3,[0.     0.4663 0.5337 0.    ]
21,0,[0.     0.5147 0.4853 0.    ]
21,1,"[0.0, 0.5056470348482263, 0.49435296515177374, 0.0]"
21,2,"[0.0, 0.510000541767847, 0.4899994582321529, 0.0]"
21,3,[0.     0.5114 0.4886 0.    ]
22,0,[-0.      0.5297  0.4703 -0.    ]
22,1,"[0.0, 0.47431925465688507, 0.5256807453431148, 0.0]"
22,2,"[0.0, 0.501609779678849, 0.498390220321151, 0.0]"
22,3,[0.     0.5177 0.4823 0.    ]
23,0,[0.     0.4272 0.5728 0.    ]
23,1,"[0.0, 0.4282557788671105, 0.5717442211328894, 0.0]"
23,2,"[0.0, 0.42776253561552585, 0.5722374643844741, 0.0]"
23,3,[0.     0.4275 0.5725 0.    ]
24,0,[0.     0.5345 0.4655 0.    ]
24,1,"[0.0, 0.47923317795952725, 0.5207668220404728, 0.0]"
24,2,"[0.0, 0.5072382085477454, 0.4927617914522546, 0.0]"
24,3,[0.     0.5194 0.4806 0.    ]
25,0,[0.     0.5072 0.4928 0.    ]
25,1,"[0.0, 0.5407785472549866, 0.4592214527450134, 0.0]"
25,2,"[0.0, 0.5260998908575534, 0.4739001091424466, 0.0]"
25,3,"[0.0, 0.5284066836956327, 0.47159331630436735, 0.0]"
26,0,[0.     0.5573 0.4427 0.    ]
26,1,"[0.0, 0.5594871645534758, 0.44051283544652414, 0.0]"
26,2,"[0.0, 0.5594871645534758, 0.44051283544652414, 0.0]"
26,3,"[0.0, 0.5606130003743144, 0.4393869996256856, 0.0]"
27,0,[-0.      0.4849  0.5151 -0.    ]
27,1,"[0.0, 0.5006693913433171, 0.4993306086566829, 0.0]"
27,2,"[0.0, 0.49348073327951425, 0.5065192667204858, 0.0]"
27,3,[0.     0.4856 0.5144 0.    ]
28,0,[0.     0.5564 0.4436 0.    ]
28,1,"[0.0, 0.5654691672005139, 0.4345308327994861, 0.0]"
28,2,"[0.0, 0.5608787543328739, 0.43912124566712607, 0.0]"
28,3,[0.     0.5518 0.4482 0.    ]
29,0,[-0.      0.5219  0.4781 -0.    ]
29,1,"[0.0, 0.44867155388304425, 0.5513284461169558, 0.0]"
29,2,"[0.0, 0.4858526414187896, 0.5141473585812104, 0.0]"
29,3,[0.     0.5188 0.4812 0.    ]
30,0,[0.     0.5172 0.4828 0.    ]
30,1,"[0.0, 0.5719427709453521, 0.4280572290546479, 0.0]"
30,2,"[0.0, 0.5445886507437459, 0.45541134925625415, 0.0]"
30,3,"[0.0, 0.5520745876807001, 0.44792541231929994, 0.0]"
31,0,[-0.      0.5143  0.4857 -0.    ]
31,1,"[0.0, 0.5153307524959276, 0.48466924750407225, 0.0]"
31,2,"[0.0, 0.5153307524959276, 0.48466924750407225, 0.0]"
31,3,[0.     0.5164 0.4836 0.    ]
32,0,[-0.      0.5122  0.4878 -0.    ]
32,1,"[0.0, 0.4603033711369801, 0.5396966288630198, 0.0]"
32,2,"[0.0, 0.4846394557776008, 0.5153605442223992, 0.0]"
32,3,[0.     0.5047 0.4953 0.    ]
33,0,[0.     0.5073 0.4927 0.    ]
33,1,"[0.0, 0.47868072625021274, 0.5213192737497873, 0.0]"
33,2,"[0.0, 0.4930416632437264, 0.5069583367562737, 0.0]"
33,3,[0.     0.4953 0.5047 0.    ]
34,0,[-0.      0.5299  0.4701 -0.    ]
34,1,"[0.0, 0.5156861557624479, 0.48431384423755197, 0.0]"
34,2,[0.     0.5253 0.4747 0.    ]
34,3,"[0.0, 0.5111088149033459, 0.488891185096654, 0.0]"
35,0,[-0.      0.4883  0.5117 -0.    ]
35,1,"[0.0, 0.5166901182059185, 0.4833098817940815, 0.0]"
35,2,"[0.0, 0.500160511715156, 0.49983948828484404, 0.0]"
35,3,"[0.0, 0.5115052100391164, 0.4884947899608836, 0.0]"
36,0,[0.     0.4615 0.5385 0.    ]
36,1,"[0.0, 0.519618618656739, 0.480381381343261, 0.0]"
36,2,"[0.0, 0.49070384098162556, 0.5092961590183744, 0.0]"
36,3,[0.     0.4786 0.5214 0.    ]
37,0,[0.   0.57 0.43 0.  ]
37,1,"[0.0, 0.5077115901551925, 0.4922884098448075, 0.0]"
37,2,"[0.0, 0.5354886231195806, 0.46451137688041944, 0.0]"
37,3,[0.     0.5578 0.4422 0.    ]
38,0,[0.     0.5121 0.4879 0.    ]
38,1,"[0.0, 0.4765243710470433, 0.5234756289529566, 0.0]"
38,2,"[0.0, 0.49235716476174657, 0.5076428352382534, 0.0]"
38,3,"[0.0, 0.5059000257164884, 0.49409997428351154, 0.0]"
0,0,[-0.      0.5316  0.4684 -0.    ]
0,1,"[0.0, 0.4902775439020886, 0.5097224560979113, 0.0]"
0,2,"[0.0, 0.5087797887712586, 0.4912202112287414, 0.0]"
0,3,[0.     0.5219 0.4781 0.    ]
1,0,[0.     0.5768 0.4232 0.    ]
1,1,"[0.0, 0.5241190688705397, 0.4758809311294603, 0.0]"
1,2,"[0.0, 0.5500219100153564, 0.4499780899846436, 0.0]"
1,3,[0.     0.5628 0.4372 0.    ]
2,0,[0.     0.5174 0.4826 0.    ]
2,1,"[0.0, 0.4531426679441888, 0.5468573320558112, 0.0]"
2,2,"[0.0, 0.4851825919413083, 0.5148174080586917, 0.0]"
2,3,[0.     0.4992 0.5008 0.    ]
3,0,[-0.      0.4734  0.5266 -0.    ]
3,1,"[0.0, 0.5284957798911938, 0.4715042201088062, 0.0]"
3,2,"[0.0, 0.5010023875836722, 0.4989976124163278, 0.0]"
3,3,[0.   0.49 0.51 0.  ]
4,0,[-0.      0.4345  0.5655 -0.    ]
4,1,"[0.0, 0.45954482996170615, 0.5404551700382939, 0.0]"
4,2,"[0.0, 0.4471823652613207, 0.5528176347386793, 0.0]"
4,3,[0.     0.4405 0.5595 0.    ]
5,0,[0.    0.499 0.501 0.   ]
5,1,"[0.0, 0.504336615714478, 0.49566338428552204, 0.0]"
5,2,"[0.0, 0.5018874513181606, 0.4981125486818394, 0.0]"
5,3,[0.     0.5001 0.4999 0.    ]
6,0,[-0.      0.5119  0.4881 -0.    ]
6,1,"[0.0, 0.5095051087180194, 0.4904948912819806, 0.0]"
6,2,"[0.0, 0.5106794490805996, 0.48932055091940035, 0.0]"
6,3,[0.     0.5113 0.4887 0.    ]
7,0,[-0.      0.5635  0.4365 -0.    ]
7,1,"[0.0, 0.5281763878871866, 0.4718236121128135, 0.0]"
7,2,"[0.0, 0.5455050577160022, 0.4544949422839977, 0.0]"
7,3,"[0.0, 0.5455050577160022, 0.4544949422839977, 0.0]"
8,0,[-0.      0.5442  0.4558 -0.    ]
8,1,"[0.0, 0.518000968510686, 0.48199903148931394, 0.0]"
8,2,"[0.0, 0.5314570295199047, 0.4685429704800953, 0.0]"
8,3,[0.     0.5361 0.4639 0.    ]
9,0,[0.     0.5099 0.4901 0.    ]
9,1,"[0.0, 0.49134503683395, 0.50865496316605, 0.0]"
9,2,"[0.0, 0.5007556963711505, 0.49924430362884953, 0.0]"
9,3,[0.     0.5008 0.4992 0.    ]
10,0,[-0.      0.4531  0.5469 -0.    ]
10,1,"[0.0, 0.42817713358513, 0.57182286641487, 0.0]"
10,2,"[0.0, 0.4392906134365793, 0.5607093865634207, 0.0]"
10,3,[0.     0.4472 0.5528 0.    ]
11,0,[-0.      0.4634  0.5366 -0.    ]
11,1,"[0.0, 0.5121142314537834, 0.48788576854621657, 0.0]"
11,2,"[0.0, 0.48906611335281125, 0.5109338866471888, 0.0]"
11,3,[0.     0.4763 0.5237 0.    ]
12,0,[0.     0.4596 0.5404 0.    ]
12,1,"[0.0, 0.4541008304095492, 0.5458991695904508, 0.0]"
12,2,"[0.0, 0.4568767387480514, 0.5431232612519485, 0.0]"
12,3,[0.     0.4583 0.5417 0.    ]
13,0,[-0.      0.5348  0.4652 -0.    ]
13,1,"[0.0, 0.5152190700801988, 0.48478092991980115, 0.0]"
13,2,"[0.0, 0.525267281809024, 0.47473271819097596, 0.0]"
13,3,[0.     0.5292 0.4708 0.    ]
14,0,[-0.      0.5184  0.4816 -0.    ]
14,1,"[0.0, 0.5255963870581375, 0.47440361294186256, 0.0]"
14,2,"[0.0, 0.5220504554025042, 0.47794954459749583, 0.0]"
14,3,[0.     0.5208 0.4792 0.    ]
15,0,[-0.     0.435  0.565 -0.   ]
15,1,"[0.0, 0.43596116103338944, 0.5640388389666106, 0.0]"
15,2,"[0.0, 0.43596116103338944, 0.5640388389666106, 0.0]"
15,3,[0.     0.4351 0.5649 0.    ]
16,0,[0.    0.521 0.479 0.   ]
16,1,"[0.0, 0.5526016559893379, 0.4473983440106622, 0.0]"
16,2,"[0.0, 0.537064228091705, 0.46293577190829494, 0.0]"
16,3,[0.     0.5276 0.4724 0.    ]
17,0,[-0.      0.3924  0.6076 -0.    ]
17,1,"[0.0, 0.3843731557857342, 0.6156268442142658, 0.0]"
17,2,"[0.0, 0.38840493477393206, 0.611595065226068, 0.0]"
17,3,[0.     0.3922 0.6078 0.    ]
18,0,[0.     0.5218 0.4782 0.    ]
18,1,"[0.0, 0.495130718647469, 0.504869281352531, 0.0]"
18,2,"[0.0, 0.5077538220900734, 0.4922461779099266, 0.0]"
18,3,[0.     0.5149 0.4851 0.    ]
19,0,[0.     0.5012 0.4988 0.    ]
19,1,"[0.0, 0.47586066926661186, 0.5241393307333881, 0.0]"
19,2,"[0.0, 0.48921946228262425, 0.5107805377173757, 0.0]"
19,3,[0.     0.4952 0.5048 0.    ]
20,0,[0.     0.4923 0.5077 0.    ]
20,1,"[0.0, 0.5072586029741073, 0.4927413970258926, 0.0]"
20,2,"[0.0, 0.49961701415206056, 0.5003829858479394, 0.0]"
20,3,[0.     0.4967 0.5033 0.    ]
21,0,[0.     0.5299 0.4701 0.    ]
21,1,"[0.0, 0.578209175270656, 0.421790824729344, 0.0]"
21,2,"[0.0, 0.5543124945877141, 0.44568750541228597, 0.0]"
21,3,"[0.0, 0.5566791201619793, 0.44332087983802065, 0.0]"
22,0,[-0.      0.5265  0.4735 -0.    ]
22,1,"[0.0, 0.5298901935501307, 0.4701098064498694, 0.0]"
22,2,"[0.0, 0.5282179427340246, 0.47178205726597544, 0.0]"
22,3,[0.     0.5278 0.4722 0.    ]
23,0,[0.     0.4229 0.5771 0.    ]
23,1,"[0.0, 0.370128136103365, 0.629871863896635, 0.0]"
23,2,"[0.0, 0.3957085604684824, 0.6042914395315175, 0.0]"
23,3,[0.     0.4084 0.5916 0.    ]
24,0,[0.     0.4926 0.5074 0.    ]
24,1,"[0.0, 0.4799467376547118, 0.5200532623452881, 0.0]"
24,2,"[0.0, 0.4857705834746821, 0.5142294165253178, 0.0]"
24,3,[0.     0.4894 0.5106 0.    ]
25,0,[0.     0.5233 0.4767 0.    ]
25,1,"[0.0, 0.5036380241430573, 0.49636197585694275, 0.0]"
25,2,[0.     0.5155 0.4845 0.    ]
25,3,"[0.0, 0.5104070526451645, 0.48959294735483544, 0.0]"
26,0,[-0.      0.5262  0.4738 -0.    ]
26,1,"[0.0, 0.43248260664781984, 0.5675173933521801, 0.0]"
26,2,"[0.0, 0.4797684716882375, 0.5202315283117626, 0.0]"
26,3,"[0.0, 0.4464172209779299, 0.5535827790220701, 0.0]"
27,0,[-0.      0.5429  0.4571 -0.    ]
27,1,"[0.0, 0.558602105119374, 0.441397894880626, 0.0]"
27,2,"[0.0, 0.5527207488128459, 0.44727925118715406, 0.0]"
27,3,[0.     0.5423 0.4577 0.    ]
28,0,[0.     0.5106 0.4894 0.    ]
28,1,"[0.0, 0.5311297687890292, 0.46887023121097077, 0.0]"
28,2,"[0.0, 0.5210666969110913, 0.47893330308890864, 0.0]"
28,3,"[0.0, 0.5153746032752262, 0.4846253967247737, 0.0]"
29,0,[-0.      0.4743  0.5257 -0.    ]
29,1,"[0.0, 0.4483644672689002, 0.5516355327310998, 0.0]"
29,2,"[0.0, 0.4583325403037644, 0.5416674596962355, 0.0]"
29,3,"[0.0, 0.4734644478708655, 0.5265355521291344, 0.0]"
30,0,[0.     0.5242 0.4758 0.    ]
30,1,"[0.0, 0.5370291112325268, 0.4629708887674732, 0.0]"
30,2,[0.     0.5302 0.4698 0.    ]
30,3,[0.     0.5242 0.4758 0.    ]
31,0,[0.     0.5188 0.4812 0.    ]
31,1,"[0.0, 0.5626336878583748, 0.43736631214162514, 0.0]"
31,2,"[0.0, 0.5433788804832099, 0.4566211195167901, 0.0]"
31,3,[0.     0.5277 0.4723 0.    ]
32,0,[-0.      0.4741  0.5259 -0.    ]
32,1,"[0.0, 0.45836709809624415, 0.5416329019037558, 0.0]"
32,2,"[0.0, 0.4659590064806486, 0.5340409935193513, 0.0]"
32,3,[0.     0.4722 0.5278 0.    ]
33,0,[0.     0.5683 0.4317 0.    ]
33,1,"[0.0, 0.538293742108344, 0.4617062578916559, 0.0]"
33,2,"[0.0, 0.5510189660172405, 0.44898103398275946, 0.0]"
33,3,"[0.0, 0.553836523101182, 0.44616347689881797, 0.0]"
34,0,[-0.      0.5364  0.4636 -0.    ]
34,1,"[0.0, 0.49940756162960237, 0.5005924383703977, 0.0]"
34,2,"[0.0, 0.5172280519690389, 0.48277194803096113, 0.0]"
34,3,[0.     0.5393 0.4607 0.    ]
35,0,[0.     0.5423 0.4577 0.    ]
35,1,"[0.0, 0.5441531936012479, 0.455846806398752, 0.0]"
35,2,"[0.0, 0.5438995250302637, 0.45610047496973627, 0.0]"
35,3,"[0.0, 0.543322792501542, 0.4566772074984579, 0.0]"
36,0,[-0.     0.523  0.477 -0.   ]
36,1,"[0.0, 0.5318360707201709, 0.4681639292798291, 0.0]"
36,2,"[0.0, 0.5295562851987639, 0.4704437148012361, 0.0]"
36,3,[0.     0.5204 0.4796 0.    ]
37,0,[-0.      0.5016  0.4984 -0.    ]
37,1,"[0.0, 0.4833153328429649, 0.5166846671570351, 0.0]"
37,2,"[0.0, 0.49313365247926766, 0.5068663475207323, 0.0]"
37,3,[0.     0.5009 0.4991 0.    ]
38,0,[-0.     0.466  0.534 -0.   ]
38,1,"[0.0, 0.5116386380120534, 0.48836136198794655, 0.0]"
38,2,"[0.0, 0.49297199958241644, 0.5070280004175836, 0.0]"
38,3,"[0.0, 0.48613051854313954, 0.5138694814568605, 0.0]"
0,0,[-0.      0.4429  0.5571 -0.    ]
0,1,"[0.0, 0.44908962148136927, 0.5509103785186307, 0.0]"
0,2,"[0.0, 0.44604737233752134, 0.5539526276624787, 0.0]"
0,3,[0.     0.4449 0.5551 0.    ]
1,0,[0.     0.5598 0.4402 0.    ]
1,1,"[0.0, 0.5586099195127621, 0.441390080487238, 0.0]"
1,2,"[0.0, 0.5591958850731361, 0.44080411492686383, 0.0]"
1,3,[0.     0.5594 0.4406 0.    ]
2,0,[0.     0.5028 0.4972 0.    ]
2,1,"[0.0, 0.5920513414881268, 0.40794865851187323, 0.0]"
2,2,"[0.0, 0.5497849188759001, 0.4502150811240999, 0.0]"
2,3,[0.     0.5352 0.4648 0.    ]
3,0,[0.     0.3893 0.6107 0.    ]
3,1,"[0.0, 0.43990055131687605, 0.5600994486831239, 0.0]"
3,2,"[0.0, 0.41467361227064536, 0.5853263877293545, 0.0]"
3,3,[0.     0.4092 0.5908 0.    ]
4,0,[-0.     0.507  0.493 -0.   ]
4,1,"[0.0, 0.5022013714268762, 0.4977986285731238, 0.0]"
4,2,"[0.0, 0.5045323467636099, 0.49546765323639, 0.0]"
4,3,[0.     0.5057 0.4943 0.    ]
5,0,[-0.      0.4616  0.5384 -0.    ]
5,1,"[0.0, 0.4738612873773339, 0.5261387126226661, 0.0]"
5,2,"[0.0, 0.4677561935392242, 0.5322438064607757, 0.0]"
5,3,[0.     0.4658 0.5342 0.    ]
6,0,[0.     0.5947 0.4053 0.    ]
6,1,"[0.0, 0.5434500045444052, 0.45654999545559477, 0.0]"
6,2,"[0.0, 0.5694588301052322, 0.43054116989476776, 0.0]"
6,3,"[0.0, 0.5525566848306036, 0.4474433151693965, 0.0]"
7,0,[-0.      0.4947  0.5053 -0.    ]
7,1,"[0.0, 0.5122110283887629, 0.4877889716112371, 0.0]"
7,2,"[0.0, 0.5038574664272362, 0.4961425335727637, 0.0]"
7,3,[-0.      0.4947  0.5053 -0.    ]
8,0,[0.     0.4039 0.5961 0.    ]
8,1,"[0.0, 0.46531094028604536, 0.5346890597139546, 0.0]"
8,2,"[0.0, 0.4357857668327856, 0.5642142331672144, 0.0]"
8,3,[0.     0.4255 0.5745 0.    ]
9,0,[0.     0.5308 0.4692 0.    ]
9,1,"[0.0, 0.5371633687561684, 0.4628366312438316, 0.0]"
9,2,"[0.0, 0.5343035822631325, 0.46569641773686754, 0.0]"
9,3,"[0.0, 0.5336735599633147, 0.46632644003668533, 0.0]"
10,0,[0.     0.5009 0.4991 0.    ]
10,1,"[0.0, 0.4597672665061585, 0.5402327334938415, 0.0]"
10,2,"[0.0, 0.4814585435844877, 0.5185414564155123, 0.0]"
10,3,[0.     0.4867 0.5133 0.    ]
11,0,[-0.      0.4761  0.5239 -0.    ]
11,1,"[0.0, 0.44716971839604275, 0.5528302816039573, 0.0]"
11,2,"[0.0, 0.46178965046110665, 0.5382103495388934, 0.0]"
11,3,[0.     0.4677 0.5323 0.    ]
12,0,[-0.     0.556  0.444 -0.   ]
12,1,"[0.0, 0.4657140146034524, 0.5342859853965476, 0.0]"
12,2,"[0.0, 0.5072978213615601, 0.4927021786384399, 0.0]"
12,3,[0.     0.5345 0.4655 0.    ]
13,0,[0.     0.4661 0.5339 0.    ]
13,1,"[0.0, 0.5101623837122607, 0.4898376162877392, 0.0]"
13,2,"[0.0, 0.4893170080172994, 0.5106829919827006, 0.0]"
13,3,[0.     0.4661 0.5339 0.    ]
14,0,[0.     0.5041 0.4959 0.    ]
14,1,"[0.0, 0.41945253964526463, 0.5805474603547354, 0.0]"
14,2,"[0.0, 0.461087910742152, 0.5389120892578481, 0.0]"
14,3,[0.     0.5012 0.4988 0.    ]
15,0,[-0.      0.5344  0.4656 -0.    ]
15,1,"[0.0, 0.5766821651097285, 0.4233178348902715, 0.0]"
15,2,"[0.0, 0.5564190023733273, 0.44358099762667264, 0.0]"
15,3,[0.     0.5487 0.4513 0.    ]
16,0,[0.     0.4882 0.5118 0.    ]
16,1,"[0.0, 0.49266946954154806, 0.5073305304584519, 0.0]"
16,2,"[0.0, 0.4903961952390606, 0.5096038047609394, 0.0]"
16,3,[0.     0.4899 0.5101 0.    ]
17,0,[-0.      0.4222  0.5778 -0.    ]
17,1,"[0.0, 0.40826517283897107, 0.5917348271610289, 0.0]"
17,2,"[0.0, 0.4153233401325664, 0.5846766598674336, 0.0]"
17,3,[0.     0.4166 0.5834 0.    ]
18,0,[-0.      0.5996  0.4004 -0.    ]
18,1,"[0.0, 0.5159599921500965, 0.4840400078499036, 0.0]"
18,2,"[0.0, 0.557288821776879, 0.442711178223121, 0.0]"
18,3,[0.     0.5785 0.4215 0.    ]
19,0,[-0.      0.5238  0.4762 -0.    ]
19,1,"[0.0, 0.5329455343381707, 0.46705446566182923, 0.0]"
19,2,"[0.0, 0.5283222094922947, 0.4716777905077053, 0.0]"
19,3,"[0.0, 0.5312348111544934, 0.46876518884550655, 0.0]"
20,0,[-0.      0.5165  0.4835 -0.    ]
20,1,"[0.0, 0.4634046119270274, 0.5365953880729726, 0.0]"
20,2,"[0.0, 0.48991347018041076, 0.5100865298195892, 0.0]"
20,3,[0.  0.5 0.5 0. ]
21,0,[-0.      0.3552  0.6448 -0.    ]
21,1,"[0.0, 0.42019843237929355, 0.5798015676207064, 0.0]"
21,2,"[0.0, 0.3890743520250345, 0.6109256479749655, 0.0]"
21,3,[0.     0.3674 0.6326 0.    ]
22,0,[0.     0.4751 0.5249 0.    ]
22,1,"[0.0, 0.49622676635964336, 0.5037732336403565, 0.0]"
22,2,"[0.0, 0.4857299550718665, 0.5142700449281334, 0.0]"
22,3,[0.     0.4818 0.5182 0.    ]
23,0,[0.     0.5379 0.4621 0.    ]
23,1,"[0.0, 0.4950454916281096, 0.5049545083718904, 0.0]"
23,2,"[0.0, 0.5156654761693292, 0.4843345238306707, 0.0]"
23,3,[0.     0.5266 0.4734 0.    ]
24,0,[-0.      0.5182  0.4818 -0.    ]
24,1,"[0.0, 0.5624438496327476, 0.43755615036725237, 0.0]"
24,2,"[0.0, 0.5399846144149933, 0.46001538558500665, 0.0]"
24,3,[0.     0.5212 0.4788 0.    ]
25,0,[-0.      0.5379  0.4621 -0.    ]
25,1,"[0.0, 0.5463729836193435, 0.4536270163806565, 0.0]"
25,2,[0.     0.5419 0.4581 0.    ]
25,3,[0.     0.5444 0.4556 0.    ]
26,0,[0.     0.5065 0.4935 0.    ]
26,1,"[0.0, 0.5294169046910111, 0.47058309530898884, 0.0]"
26,2,[0.     0.5173 0.4827 0.    ]
26,3,[0.     0.5173 0.4827 0.    ]
27,0,[-0.      0.5605  0.4395 -0.    ]
27,1,"[0.0, 0.5555034571190723, 0.44449654288092766, 0.0]"
27,2,[0.     0.5594 0.4406 0.    ]
27,3,[0.     0.5502 0.4498 0.    ]
28,0,[0.     0.5449 0.4551 0.    ]
28,1,"[0.0, 0.5580386111993626, 0.4419613888006374, 0.0]"
28,2,"[0.0, 0.5544118975250693, 0.44558810247493075, 0.0]"
28,3,[0.     0.5468 0.4532 0.    ]
29,0,[0.     0.4502 0.5498 0.    ]
29,1,"[0.0, 0.4895340891040203, 0.5104659108959797, 0.0]"
29,2,"[0.0, 0.4698437863816178, 0.5301562136183823, 0.0]"
29,3,[0.     0.4556 0.5444 0.    ]
30,0,[-0.      0.5459  0.4541 -0.    ]
30,1,"[0.0, 0.48956358492312513, 0.5104364150768749, 0.0]"
30,2,"[0.0, 0.5170874142275457, 0.48291258577245433, 0.0]"
30,3,"[0.0, 0.5025957026668284, 0.4974042973331716, 0.0]"
31,0,[0.     0.5052 0.4948 0.    ]
31,1,"[0.0, 0.5340450613062873, 0.4659549386937128, 0.0]"
31,2,"[0.0, 0.5202953512170728, 0.47970464878292723, 0.0]"
31,3,"[0.0, 0.5095573037193465, 0.49044269628065346, 0.0]"
32,0,[-0.     0.539  0.461 -0.   ]
32,1,"[0.0, 0.503783272916775, 0.49621672708322495, 0.0]"
32,2,"[0.0, 0.5204761549475589, 0.47952384505244106, 0.0]"
32,3,[0.     0.5357 0.4643 0.    ]
33,0,[-0.      0.5511  0.4489 -0.    ]
33,1,"[0.0, 0.4702871729362881, 0.5297128270637119, 0.0]"
33,2,"[0.0, 0.5085401277640852, 0.4914598722359148, 0.0]"
33,3,"[0.0, 0.4864879551412711, 0.5135120448587289, 0.0]"
34,0,[-0.      0.4653  0.5347 -0.    ]
34,1,"[0.0, 0.4634609039194343, 0.5365390960805657, 0.0]"
34,2,"[0.0, 0.4634609039194343, 0.5365390960805657, 0.0]"
34,3,"[0.0, 0.460364170713586, 0.5396358292864141, 0.0]"
35,0,[0.     0.5196 0.4804 0.    ]
35,1,"[0.0, 0.5218486169731239, 0.47815138302687604, 0.0]"
35,2,"[0.0, 0.5204924080496789, 0.4795075919503211, 0.0]"
35,3,[0.     0.5158 0.4842 0.    ]
36,0,[-0.      0.5274  0.4726 -0.    ]
36,1,"[0.0, 0.5528113105506521, 0.44718868944934786, 0.0]"
36,2,"[0.0, 0.5438808669523636, 0.4561191330476364, 0.0]"
36,3,[0.     0.5276 0.4724 0.    ]
37,0,[-0.      0.5238  0.4762 -0.    ]
37,1,"[0.0, 0.5098080055818276, 0.49019199441817246, 0.0]"
37,2,"[0.0, 0.5142655765333971, 0.4857344234666029, 0.0]"
37,3,"[0.0, 0.5241088408081661, 0.47589115919183383, 0.0]"
38,0,[0.    0.493 0.507 0.   ]
38,1,"[0.0, 0.44613635849862615, 0.5538636415013738, 0.0]"
38,2,"[0.0, 0.466068807779577, 0.533931192220423, 0.0]"
38,3,"[0.0, 0.46793190778315596, 0.532068092216844, 0.0]"
0,0,[-0.      0.5919  0.4081 -0.    ]
0,1,"[0.0, 0.5264515436463884, 0.47354845635361165, 0.0]"
0,2,"[0.0, 0.5591588971620424, 0.4408411028379576, 0.0]"
0,3,[0.     0.5767 0.4233 0.    ]
1,0,[0.     0.5014 0.4986 0.    ]
1,1,"[0.0, 0.5451634366613805, 0.4548365633386195, 0.0]"
1,2,"[0.0, 0.5232965026578795, 0.4767034973421205, 0.0]"
1,3,[0.     0.5068 0.4932 0.    ]
2,0,[-0.      0.4551  0.5449 -0.    ]
2,1,"[0.0, 0.4211415126480191, 0.578858487351981, 0.0]"
2,2,"[0.0, 0.4373405301284948, 0.5626594698715052, 0.0]"
2,3,[0.     0.4461 0.5539 0.    ]
3,0,[0.     0.5015 0.4985 0.    ]
3,1,"[0.0, 0.4784973157097784, 0.5215026842902216, 0.0]"
3,2,"[0.0, 0.49038702415444546, 0.5096129758455545, 0.0]"
3,3,[0.     0.4933 0.5067 0.    ]
4,0,[-0.      0.4605  0.5395 -0.    ]
4,1,"[0.0, 0.4861549097559324, 0.5138450902440675, 0.0]"
4,2,"[0.0, 0.4739737772811456, 0.5260262227188544, 0.0]"
4,3,[0.    0.468 0.532 0.   ]
5,0,[0.     0.4609 0.5391 0.    ]
5,1,"[0.0, 0.41560690847081677, 0.5843930915291833, 0.0]"
5,2,"[0.0, 0.43815288844461986, 0.5618471115553801, 0.0]"
5,3,[0.     0.4541 0.5459 0.    ]
6,0,[0.     0.4039 0.5961 0.    ]
6,1,"[0.0, 0.47608796390973174, 0.5239120360902683, 0.0]"
6,2,"[0.0, 0.4414644161752022, 0.5585355838247978, 0.0]"
6,3,[0.     0.4195 0.5805 0.    ]
7,0,[0.     0.4442 0.5558 0.    ]
7,1,"[0.0, 0.45559882029637877, 0.5444011797036212, 0.0]"
7,2,"[0.0, 0.45006505030787786, 0.5499349496921221, 0.0]"
7,3,[0.     0.4471 0.5529 0.    ]
8,0,[0.     0.5309 0.4691 0.    ]
8,1,"[0.0, 0.5204211813010019, 0.47957881869899815, 0.0]"
8,2,"[0.0, 0.5254606583857876, 0.4745393416142124, 0.0]"
8,3,"[0.0, 0.5236193673036731, 0.47638063269632686, 0.0]"
9,0,[-0.      0.5336  0.4664 -0.    ]
9,1,"[0.0, 0.5056562481893571, 0.49434375181064294, 0.0]"
9,2,"[0.0, 0.5194051146451393, 0.4805948853548607, 0.0]"
9,3,[0.     0.5244 0.4756 0.    ]
10,0,[0.    0.493 0.507 0.   ]
10,1,"[0.0, 0.4565126876158817, 0.5434873123841183, 0.0]"
10,2,"[0.0, 0.4755203265310767, 0.5244796734689233, 0.0]"
10,3,[0.     0.4871 0.5129 0.    ]
11,0,[0.    0.483 0.517 0.   ]
11,1,"[0.0, 0.47070522563164513, 0.5292947743683548, 0.0]"
11,2,"[0.0, 0.4767140474755118, 0.5232859525244882, 0.0]"
11,3,[0.     0.4799 0.5201 0.    ]
12,0,[-0.      0.4572  0.5428 -0.    ]
12,1,"[0.0, 0.47624535208537744, 0.5237546479146226, 0.0]"
12,2,"[0.0, 0.46711404311559857, 0.5328859568844014, 0.0]"
12,3,[0.     0.4617 0.5383 0.    ]
13,0,[-0.      0.4572  0.5428 -0.    ]
13,1,"[0.0, 0.45799658662678616, 0.5420034133732138, 0.0]"
13,2,"[0.0, 0.4575987270428839, 0.542401272957116, 0.0]"
13,3,[0.     0.4575 0.5425 0.    ]
14,0,[0.     0.4943 0.5057 0.    ]
14,1,"[0.0, 0.49702665634996845, 0.5029733436500315, 0.0]"
14,2,"[0.0, 0.4957997696239932, 0.5042002303760068, 0.0]"
14,3,[0.    0.495 0.505 0.   ]
15,0,[-0.      0.5454  0.4546 -0.    ]
15,1,"[0.0, 0.5257739292100642, 0.47422607078993584, 0.0]"
15,2,"[0.0, 0.5357769179646205, 0.46422308203537954, 0.0]"
15,3,[0.     0.5395 0.4605 0.    ]
16,0,[0.     0.4775 0.5225 0.    ]
16,1,"[0.0, 0.48247654971632264, 0.5175234502836773, 0.0]"
16,2,"[0.0, 0.48004049472898536, 0.5199595052710146, 0.0]"
16,3,[0.     0.4798 0.5202 0.    ]
17,0,[-0.      0.5303  0.4697 -0.    ]
17,1,"[0.0, 0.49732610033767455, 0.5026738996623255, 0.0]"
17,2,"[0.0, 0.5134188469122803, 0.4865811530877196, 0.0]"
17,3,[0.     0.5221 0.4779 0.    ]
18,0,[0.     0.5103 0.4897 0.    ]
18,1,"[0.0, 0.5189748744677135, 0.48102512553228655, 0.0]"
18,2,"[0.0, 0.5147463345744483, 0.48525366542555176, 0.0]"
18,3,[0.     0.5137 0.4863 0.    ]
19,0,[-0.      0.4864  0.5136 -0.    ]
19,1,"[0.0, 0.4766990419931558, 0.5233009580068442, 0.0]"
19,2,"[0.0, 0.48162661865193296, 0.518373381348067, 0.0]"
19,3,[0.     0.4834 0.5166 0.    ]
20,0,[0.     0.5335 0.4665 0.    ]
20,1,"[0.0, 0.48907695035421217, 0.5109230496457877, 0.0]"
20,2,"[0.0, 0.5118591526180848, 0.48814084738191527, 0.0]"
20,3,[0.     0.5222 0.4778 0.    ]
21,0,[-0.      0.5056  0.4944 -0.    ]
21,1,"[0.0, 0.5040836011561017, 0.49591639884389827, 0.0]"
21,2,"[0.0, 0.504854808222673, 0.4951451917773269, 0.0]"
21,3,[0.     0.5052 0.4948 0.    ]
22,0,[-0.      0.5992  0.4008 -0.    ]
22,1,"[0.0, 0.6364390738160337, 0.36356092618396635, 0.0]"
22,2,"[0.0, 0.6178183943786888, 0.3821816056213112, 0.0]"
22,3,[-0.      0.5992  0.4008 -0.    ]
23,0,[-0.     0.517  0.483 -0.   ]
23,1,"[0.0, 0.45928935534065224, 0.5407106446593477, 0.0]"
23,2,"[0.0, 0.48875086580244603, 0.5112491341975539, 0.0]"
23,3,[0.     0.5085 0.4915 0.    ]
24,0,[0.     0.4819 0.5181 0.    ]
24,1,"[0.0, 0.4419296099095702, 0.5580703900904298, 0.0]"
24,2,"[0.0, 0.4623444384833602, 0.5376555615166398, 0.0]"
24,3,[0.     0.4719 0.5281 0.    ]
25,0,[0.    0.533 0.467 0.   ]
25,1,"[0.0, 0.49603320531675227, 0.5039667946832477, 0.0]"
25,2,"[0.0, 0.5140762019300277, 0.48592379806997227, 0.0]"
25,3,[0.     0.5261 0.4739 0.    ]
26,0,[-0.      0.5096  0.4904 -0.    ]
26,1,"[0.0, 0.47806886307731233, 0.5219311369226877, 0.0]"
26,2,"[0.0, 0.4918318509939093, 0.5081681490060906, 0.0]"
26,3,"[0.0, 0.5053044891797871, 0.49469551082021285, 0.0]"
27,0,[-0.      0.4827  0.5173 -0.    ]
27,1,"[0.0, 0.46367126849284646, 0.5363287315071534, 0.0]"
27,2,[0.     0.4745 0.5255 0.    ]
27,3,[0.     0.4774 0.5226 0.    ]
28,0,[0.     0.5168 0.4832 0.    ]
28,1,"[0.0, 0.5518143460416572, 0.44818565395834276, 0.0]"
28,2,[0.     0.5352 0.4648 0.    ]
28,3,"[0.0, 0.5457244951595241, 0.4542755048404758, 0.0]"
29,0,[-0.      0.5577  0.4423 -0.    ]
29,1,"[0.0, 0.5551209438381196, 0.44487905616188034, 0.0]"
29,2,"[0.0, 0.5556512478437631, 0.4443487521562368, 0.0]"
29,3,[0.     0.5615 0.4385 0.    ]
30,0,[-0.      0.5252  0.4748 -0.    ]
30,1,"[0.0, 0.4328621212895806, 0.5671378787104193, 0.0]"
30,2,[0.   0.48 0.52 0.  ]
30,3,"[0.0, 0.46894965707816505, 0.531050342921835, 0.0]"
31,0,[-0.      0.5135  0.4865 -0.    ]
31,1,"[0.0, 0.539861674219301, 0.4601383257806991, 0.0]"
31,2,"[0.0, 0.5297094920133085, 0.4702905079866914, 0.0]"
31,3,[0.     0.5193 0.4807 0.    ]
32,0,[-0.      0.5439  0.4561 -0.    ]
32,1,"[0.0, 0.5233690527815358, 0.47663094721846416, 0.0]"
32,2,[0.     0.5339 0.4661 0.    ]
32,3,"[0.0, 0.5278376344067802, 0.4721623655932198, 0.0]"
33,0,[0.     0.5105 0.4895 0.    ]
33,1,"[0.0, 0.5453744691795847, 0.45462553082041535, 0.0]"
33,2,"[0.0, 0.5289774401875057, 0.4710225598124943, 0.0]"
33,3,[0.     0.5179 0.4821 0.    ]
34,0,[0.     0.5274 0.4726 0.    ]
34,1,"[0.0, 0.5444044604588454, 0.45559553954115456, 0.0]"
34,2,"[0.0, 0.535581408324822, 0.4644185916751779, 0.0]"
34,3,[0.     0.5317 0.4683 0.    ]
35,0,[-0.     0.466  0.534 -0.   ]
35,1,"[0.0, 0.5059332465413041, 0.49406675345869583, 0.0]"
35,2,[0.     0.4854 0.5146 0.    ]
35,3,"[0.0, 0.4925929718177603, 0.5074070281822397, 0.0]"
36,0,[-0.      0.4778  0.5222 -0.    ]
36,1,"[0.0, 0.498585528821531, 0.5014144711784689, 0.0]"
36,2,"[0.0, 0.48890243165428254, 0.5110975683457174, 0.0]"
36,3,[0.     0.4803 0.5197 0.    ]
37,0,[-0.      0.5515  0.4485 -0.    ]
37,1,"[0.0, 0.5237399707641837, 0.47626002923581634, 0.0]"
37,2,"[0.0, 0.5353026146126243, 0.46469738538737565, 0.0]"
37,3,"[0.0, 0.5308380893883051, 0.46916191061169477, 0.0]"
38,0,[0.     0.5275 0.4725 0.    ]
38,1,"[0.0, 0.5145366239076727, 0.48546337609232726, 0.0]"
38,2,[0.     0.5239 0.4761 0.    ]
38,3,[0.     0.5269 0.4731 0.    ]
0,0,[0.     0.4513 0.5487 0.    ]
0,1,"[0.0, 0.4221039432008882, 0.5778960567991118, 0.0]"
0,2,"[0.0, 0.43653100086400093, 0.5634689991359991, 0.0]"
0,3,[0.     0.4448 0.5552 0.    ]
1,0,[-0.      0.5148  0.4852 -0.    ]
1,1,"[0.0, 0.4654667422850485, 0.5345332577149515, 0.0]"
1,2,"[0.0, 0.4901359949495353, 0.5098640050504648, 0.0]"
1,3,[0.     0.4994 0.5006 0.    ]
2,0,[-0.      0.4102  0.5898 -0.    ]
2,1,"[0.0, 0.4370534473237098, 0.5629465526762902, 0.0]"
2,2,"[0.0, 0.42526837878413376, 0.5747316212158662, 0.0]"
2,3,[0.     0.4169 0.5831 0.    ]
3,0,[0.     0.4602 0.5398 0.    ]
3,1,"[0.0, 0.4893480130916894, 0.5106519869083106, 0.0]"
3,2,"[0.0, 0.47514577535601926, 0.5248542246439807, 0.0]"
3,3,[0.     0.4681 0.5319 0.    ]
4,0,[-0.      0.4137  0.5863 -0.    ]
4,1,"[0.0, 0.4579483691105923, 0.5420516308894077, 0.0]"
4,2,"[0.0, 0.43590500466209914, 0.5640949953379009, 0.0]"
4,3,[0.     0.4283 0.5717 0.    ]
5,0,[0.     0.5085 0.4915 0.    ]
5,1,"[0.0, 0.43390860840217726, 0.5660913915978227, 0.0]"
5,2,"[0.0, 0.47088317423874704, 0.529116825761253, 0.0]"
5,3,[0.     0.4842 0.5158 0.    ]
6,0,[0.     0.5275 0.4725 0.    ]
6,1,"[0.0, 0.5288928917966482, 0.47110710820335183, 0.0]"
6,2,"[0.0, 0.5281857734223776, 0.4718142265776224, 0.0]"
6,3,[0.     0.5279 0.4721 0.    ]
7,0,[-0.      0.4999  0.5001 -0.    ]
7,1,"[0.0, 0.5245107878702348, 0.47548921212976525, 0.0]"
7,2,"[0.0, 0.5126601014323929, 0.487339898567607, 0.0]"
7,3,[0.     0.5077 0.4923 0.    ]
8,0,[0.     0.5012 0.4988 0.    ]
8,1,"[0.0, 0.4934153656680056, 0.5065846343319943, 0.0]"
8,2,"[0.0, 0.49671034677519194, 0.503289653224808, 0.0]"
8,3,[0.     0.4993 0.5007 0.    ]
9,0,[0.     0.4668 0.5332 0.    ]
9,1,"[0.0, 0.4306353683932108, 0.5693646316067892, 0.0]"
9,2,"[0.0, 0.4488581418143238, 0.5511418581856762, 0.0]"
9,3,[0.     0.4584 0.5416 0.    ]
10,0,[-0.      0.5587  0.4413 -0.    ]
10,1,"[0.0, 0.5421926802187558, 0.4578073197812441, 0.0]"
10,2,"[0.0, 0.550251977067206, 0.449748022932794, 0.0]"
10,3,[0.     0.5533 0.4467 0.    ]
11,0,[-0.      0.5304  0.4696 -0.    ]
11,1,"[0.0, 0.4433498022208775, 0.5566501977791225, 0.0]"
11,2,"[0.0, 0.4842670370884192, 0.5157329629115808, 0.0]"
11,3,[0.     0.5163 0.4837 0.    ]
12,0,[-0.      0.5007  0.4993 -0.    ]
12,1,"[0.0, 0.5458073653964384, 0.45419263460356163, 0.0]"
12,2,"[0.0, 0.523657403353862, 0.476342596646138, 0.0]"
12,3,[0.     0.5127 0.4873 0.    ]
13,0,[0.     0.4794 0.5206 0.    ]
13,1,"[0.0, 0.4720838975462808, 0.5279161024537192, 0.0]"
13,2,"[0.0, 0.47497963261928494, 0.5250203673807151, 0.0]"
13,3,[0.    0.478 0.522 0.   ]
14,0,[-0.      0.5205  0.4795 -0.    ]
14,1,"[0.0, 0.5595747441319907, 0.4404252558680092, 0.0]"
14,2,"[0.0, 0.5404552692349632, 0.45954473076503666, 0.0]"
14,3,[0.     0.5265 0.4735 0.    ]
15,0,[-0.      0.4636  0.5364 -0.    ]
15,1,"[0.0, 0.49703232486211896, 0.502967675137881, 0.0]"
15,2,"[0.0, 0.48195381441379664, 0.5180461855862033, 0.0]"
15,3,[0.     0.4715 0.5285 0.    ]
16,0,[0.   0.42 0.58 0.  ]
16,1,"[0.0, 0.4805368440501475, 0.5194631559498525, 0.0]"
16,2,"[0.0, 0.4526766559641037, 0.5473233440358962, 0.0]"
16,3,"[0.0, 0.45507648936187567, 0.5449235106381243, 0.0]"
17,0,[0.     0.4569 0.5431 0.    ]
17,1,"[0.0, 0.4755687783667468, 0.5244312216332532, 0.0]"
17,2,"[0.0, 0.4666188494163758, 0.5333811505836241, 0.0]"
17,3,[0.     0.4613 0.5387 0.    ]
18,0,[-0.      0.4128  0.5872 -0.    ]
18,1,"[0.0, 0.49357038258888264, 0.5064296174111174, 0.0]"
18,2,"[0.0, 0.45359476754013456, 0.5464052324598654, 0.0]"
18,3,[0.     0.4396 0.5604 0.    ]
19,0,[0.     0.6464 0.3536 0.    ]
19,1,"[0.0, 0.6249935110926238, 0.37500648890737615, 0.0]"
19,2,"[0.0, 0.6358126386358114, 0.3641873613641886, 0.0]"
19,3,[0.     0.6398 0.3602 0.    ]
20,0,[-0.      0.4397  0.5603 -0.    ]
20,1,"[0.0, 0.4475059462167874, 0.5524940537832126, 0.0]"
20,2,"[0.0, 0.44524993627585724, 0.5547500637241427, 0.0]"
20,3,[0.     0.4415 0.5585 0.    ]
21,0,[0.     0.4659 0.5341 0.    ]
21,1,"[0.0, 0.4647517511902348, 0.5352482488097652, 0.0]"
21,2,"[0.0, 0.4653146292270871, 0.5346853707729129, 0.0]"
21,3,[0.     0.4656 0.5344 0.    ]
22,0,[0.     0.5478 0.4522 0.    ]
22,1,"[0.0, 0.5464864978054653, 0.4535135021945346, 0.0]"
22,2,"[0.0, 0.5468089174030824, 0.45319108259691765, 0.0]"
22,3,"[0.0, 0.5475362887222819, 0.4524637112777181, 0.0]"
23,0,[0.     0.5363 0.4637 0.    ]
23,1,"[0.0, 0.5415257969327529, 0.45847420306724707, 0.0]"
23,2,"[0.0, 0.5389691781044331, 0.4610308218955668, 0.0]"
23,3,[0.     0.5363 0.4637 0.    ]
24,0,[0.     0.5845 0.4155 0.    ]
24,1,"[0.0, 0.5914635809375446, 0.40853641906245536, 0.0]"
24,2,"[0.0, 0.5880095359648936, 0.41199046403510636, 0.0]"
24,3,[0.     0.5865 0.4135 0.    ]
25,0,[-0.      0.5631  0.4369 -0.    ]
25,1,"[0.0, 0.5486243937573703, 0.4513756062426298, 0.0]"
25,2,"[0.0, 0.5553191373542335, 0.44468086264576645, 0.0]"
25,3,[0.     0.5682 0.4318 0.    ]
26,0,[-0.      0.5214  0.4786 -0.    ]
26,1,"[0.0, 0.5858515480147986, 0.4141484519852014, 0.0]"
26,2,"[0.0, 0.5539605069037643, 0.4460394930962357, 0.0]"
26,3,"[0.0, 0.5521994811536817, 0.44780051884631833, 0.0]"
27,0,[0.     0.5423 0.4577 0.    ]
27,1,"[0.0, 0.5382735291798341, 0.4617264708201659, 0.0]"
27,2,"[0.0, 0.5392893731433974, 0.46071062685660247, 0.0]"
27,3,[0.     0.5415 0.4585 0.    ]
28,0,[-0.      0.5311  0.4689 -0.    ]
28,1,"[0.0, 0.4971781094322661, 0.5028218905677339, 0.0]"
28,2,"[0.0, 0.5140408840898852, 0.48595911591011476, 0.0]"
28,3,[0.     0.5285 0.4715 0.    ]
29,0,[0.     0.5104 0.4896 0.    ]
29,1,"[0.0, 0.4192231063268501, 0.5807768936731499, 0.0]"
29,2,"[0.0, 0.46314949077354445, 0.5368505092264555, 0.0]"
29,3,"[0.0, 0.4662804192904216, 0.5337195807095784, 0.0]"
30,0,[-0.      0.5661  0.4339 -0.    ]
30,1,"[0.0, 0.5334310611365429, 0.466568938863457, 0.0]"
30,2,[0.     0.5492 0.4508 0.    ]
30,3,[0.     0.5628 0.4372 0.    ]
31,0,[-0.      0.5286  0.4714 -0.    ]
31,1,"[0.0, 0.47668451101434645, 0.5233154889856536, 0.0]"
31,2,[0.     0.5042 0.4958 0.    ]
31,3,[0.    0.512 0.488 0.   ]
32,0,[0.     0.5385 0.4615 0.    ]
32,1,"[0.0, 0.44861672100054034, 0.5513832789994595, 0.0]"
32,2,"[0.0, 0.48738580220140043, 0.5126141977985995, 0.0]"
32,3,"[0.0, 0.495958585979406, 0.504041414020594, 0.0]"
33,0,[-0.      0.4628  0.5372 -0.    ]
33,1,"[0.0, 0.4883093861241168, 0.5116906138758832, 0.0]"
33,2,"[0.0, 0.4772238918425734, 0.5227761081574266, 0.0]"
33,3,"[0.0, 0.4772238918425734, 0.5227761081574266, 0.0]"
34,0,[0.     0.4574 0.5426 0.    ]
34,1,"[0.0, 0.5597647996571784, 0.4402352003428216, 0.0]"
34,2,"[0.0, 0.5093361079367601, 0.4906638920632399, 0.0]"
34,3,[0.     0.4607 0.5393 0.    ]
35,0,[0.     0.5238 0.4762 0.    ]
35,1,"[0.0, 0.5196751244320099, 0.48032487556799003, 0.0]"
35,2,[0.     0.5229 0.4771 0.    ]
35,3,"[0.0, 0.5187410546494323, 0.4812589453505676, 0.0]"
36,0,[-0.      0.5275  0.4725 -0.    ]
36,1,"[0.0, 0.49475345918349317, 0.5052465408165068, 0.0]"
36,2,[0.   0.51 0.49 0.  ]
36,3,"[0.0, 0.5074411535300276, 0.49255884646997233, 0.0]"
37,0,[-0.      0.5313  0.4687 -0.    ]
37,1,"[0.0, 0.5351881218719899, 0.46481187812801, 0.0]"
37,2,"[0.0, 0.5325201597152687, 0.46747984028473133, 0.0]"
37,3,"[0.0, 0.5330288023067092, 0.46697119769329076, 0.0]"
38,0,[-0.      0.4555  0.5445 -0.    ]
38,1,"[0.0, 0.49845438556266436, 0.5015456144373356, 0.0]"
38,2,"[0.0, 0.48050868292587445, 0.5194913170741255, 0.0]"
38,3,[0.     0.4614 0.5386 0.    ]
