experiment_score_1.84.0,experiment_score_t.90.0,experiment_score_t.92.0,experiment_score_1.75.0,experiment_score_h.5.0,experiment_score_t.38.0,experiment_score_1.22.0,experiment_score_10.58.0,experiment_score_t.52.0,experiment_score_t.41.0,experiment_score_t.25.0,experiment_score_1.51.0,experiment_score_1.15.0,experiment_score_10.57.0,experiment_score_10.44.0,experiment_score_1.32.0,experiment_score_10.30.0,experiment_score_h.29.0,experiment_score_t.34.0,experiment_score_1.43.0,experiment_score_10.99.0,experiment_score_h.48.0,experiment_score_t.46.0,experiment_score_h.11.0,experiment_score_1.58.0,experiment_score_h.78.0,experiment_score_10.92.0,experiment_score_10.89.0,experiment_score_h.10.0,experiment_score_10.82.0,experiment_score_h.7.0,experiment_score_t.33.0,experiment_score_1.50.0,experiment_score_h.14.0,experiment_score_10.90.0,_step,experiment_score_10.80.0,experiment_score_10.24.0,experiment_score_t.88.0,experiment_score_h.58.0,experiment_score_h.86.0,experiment_score_10.75.0,experiment_score_1.82.0,experiment_score_1.7.0,experiment_score_10.43.0,experiment_score_1.37.0,experiment_score_10.94.0,experiment_score_t.68.0,experiment_score_1.41.0,experiment_score_1.60.0,experiment_score_10.11.0,experiment_score_t.23.0,experiment_score_h.92.0,experiment_score_10.2.0,experiment_score_10.4.0,experiment_score_h.93.0,experiment_score_h.69.0,experiment_score_h.64.0,experiment_score_t.11.0,experiment_score_h.31.0,experiment_score_t.60.0,experiment_score_10.3.0,experiment_score_h.28.0,experiment_score_h.70.0,experiment_score_1.36.0,experiment_score_h.65.0,experiment_score_h.0.0,experiment_score_h.19.0,experiment_score_10.52.0,experiment_score_1.64.0,experiment_score_h.95.0,experiment_score_h.60.0,experiment_score_1.89.0,hcva_point,experiment_score_t.59.0,experiment_score_1.1.0,experiment_score_t.0.0,experiment_score_10.73.0,experiment_score_10.61.0,experiment_score_10.84.0,experiment_score_1.49.0,iteration,experiment_score_10.8.0,experiment_score_t.79.0,experiment_score_10.17.0,experiment_score_t.56.0,experiment_score_10.46.0,experiment_score_t.77.0,experiment_score_1.69.0,experiment_score_10.87.0,decisions_10,experiment_score_h.66.0,experiment_score_1.14.0,experiment_score_h.81.0,experiment_score_h.79.0,experiment_score_h.38.0,experiment_score_10.26.0,experiment_score_10.23.0,experiment_score_1.23.0,experiment_score_h.76.0,preference_consensus_1,experiment_score_h.83.0,experiment_score_h.3.0,experiment_score_h.34.0,experiment_score_h.21.0,experiment_score_10.36.0,experiment_score_h.27.0,experiment_score_h.63.0,preference_consensus_h,experiment_score_h.94.0,experiment_score_1.16.0,experiment_score_10.18.0,experiment_score_1.71.0,experiment_score_h.23.0,experiment_score_10.72.0,experiment_score_t.15.0,experiment_score_1.78.0,experiment_score_t.26.0,decisions_t,experiment_score_t.29.0,experiment_score_t.63.0,experiment_score_h.99.0,experiment_score_h.41.0,experiment_score_1.99.0,experiment_score_1.90.0,experiment_score_10.0.0,experiment_score_10.47.0,experiment_score_t.9.0,experiment_score_1.61.0,experiment_score_1.52.0,experiment_score_t.62.0,experiment_score_t.39.0,experiment_score_h.43.0,experiment_score_1.34.0,experiment_score_t.17.0,experiment_score_1.8.0,experiment_score_t.75.0,experiment_score_h.57.0,experiment_score_10.56.0,experiment_score_10.38.0,experiment_score_10.14.0,experiment_score_t.42.0,experiment_score_h.32.0,experiment_score_10.68.0,experiment_score_t.50.0,experiment_score_10.42.0,experiment_score_h.98.0,experiment_score_h.12.0,experiment_score_1.80.0,experiment_score_t.14.0,experiment_score_h.42.0,experiment_score_1.17.0,experiment_score_1.18.0,experiment_score_t.3.0,experiment_score_h.96.0,experiment_score_1.76.0,experiment_score_h.2.0,experiment_score_t.13.0,experiment_score_1.35.0,experiment_score_10.7.0,experiment_score_t.51.0,experiment_score_h.35.0,experiment_score_1.68.0,experiment_score_t.7.0,experiment_score_10.28.0,experiment_score_10.74.0,experiment_score_10.83.0,experiment_score_h.40.0,experiment_score_10.25.0,experiment_score_h.45.0,experiment_score_1.39.0,experiment_score_1.0.0,experiment_score_1.86.0,experiment_score_1.91.0,experiment_score_10.27.0,experiment_score_t.5.0,experiment_score_h.71.0,experiment_score_t.85.0,experiment_score_h.54.0,experiment_score_t.91.0,experiment_score_t.10.0,experiment_score_1.96.0,experiment_score_1.74.0,experiment_score_1.20.0,experiment_score_1.6.0,experiment_score_10.48.0,experiment_score_t.78.0,experiment_score_t.28.0,decisions_1,action_judgement_consensus_10,experiment_score_10.35.0,action_judgement_consensus_t,experiment_score_t.71.0,experiment_score_1.62.0,experiment_score_10.77.0,experiment_score_h.39.0,experiment_score_1.85.0,experiment_score_t.72.0,experiment_score_t.37.0,preference_consensus_10,experiment_score_1.81.0,experiment_score_h.56.0,experiment_score_1.9.0,experiment_score_h.24.0,experiment_score_1.55.0,experiment_score_10.29.0,experiment_score_h.89.0,experiment_score_10.93.0,experiment_score_1.92.0,action_judgement_consensus_1,experiment_score_1.31.0,experiment_score_1.83.0,experiment_score_10.21.0,experiment_score_1.19.0,experiment_score_10.70.0,experiment_score_t.4.0,experiment_score_10.79.0,experiment_score_t.47.0,experiment_score_h.72.0,experiment_score_t.89.0,experiment_score_10.62.0,experiment_score_1.28.0,experiment_score_1.46.0,experiment_score_t.58.0,experiment_score_1.57.0,experiment_score_h.67.0,experiment_score_1.3.0,experiment_score_10.97.0,experiment_score_h.30.0,experiment_score_10.86.0,experiment_score_h.15.0,experiment_score_h.97.0,experiment_score_10.50.0,experiment_score_h.80.0,experiment_score_t.43.0,preference_consensus_t,experiment_score_1.54.0,experiment_score_1.21.0,experiment_score_10.1.0,experiment_score_1.47.0,experiment_score_h.90.0,experiment_score_1.77.0,_runtime,experiment_score_10.31.0,experiment_score_h.84.0,experiment_score_h.16.0,experiment_score_h.47.0,experiment_score_10.10.0,experiment_score_t.49.0,experiment_score_t.8.0,experiment_score_1.53.0,experiment_score_10.51.0,experiment_score_1.24.0,experiment_score_10.63.0,experiment_score_10.41.0,experiment_score_t.21.0,experiment_score_t.54.0,transition_point,action_judgement_consensus_h,experiment_score_h.51.0,experiment_score_10.71.0,experiment_score_t.16.0,experiment_score_10.55.0,experiment_score_1.65.0,experiment_score_10.5.0,experiment_score_1.95.0,experiment_score_t.55.0,experiment_score_10.65.0,experiment_score_t.22.0,experiment_score_10.32.0,experiment_score_10.66.0,experiment_score_t.66.0,experiment_score_h.4.0,experiment_score_10.34.0,experiment_score_h.68.0,experiment_score_h.61.0,experiment_score_t.18.0,experiment_score_t.99.0,experiment_score_1.59.0,experiment_score_10.53.0,experiment_score_t.40.0,experiment_score_1.13.0,experiment_score_h.87.0,experiment_score_10.12.0,experiment_score_t.45.0,experiment_score_h.9.0,experiment_score_1.48.0,experiment_score_1.38.0,experiment_score_h.85.0,experiment_score_t.48.0,experiment_score_h.46.0,experiment_score_1.70.0,experiment_score_10.78.0,experiment_score_10.60.0,experiment_score_t.19.0,experiment_score_t.24.0,experiment_score_t.94.0,experiment_score_t.80.0,experiment_score_1.79.0,experiment_score_1.98.0,experiment_score_h.91.0,experiment_score_h.26.0,experiment_score_t.61.0,experiment_score_1.5.0,experiment_score_h.25.0,experiment_score_10.69.0,experiment_score_h.88.0,experiment_score_t.64.0,experiment_score_h.6.0,experiment_score_h.13.0,experiment_score_h.37.0,experiment_score_10.54.0,experiment_score_t.31.0,experiment_score_1.93.0,experiment_score_1.66.0,experiment_score_h.74.0,experiment_score_t.20.0,experiment_score_10.9.0,experiment_score_h.75.0,sample,experiment_score_1.27.0,experiment_score_1.30.0,experiment_score_10.40.0,experiment_score_1.10.0,experiment_score_10.91.0,experiment_score_1.12.0,experiment_score_t.98.0,experiment_score_10.15.0,experiment_score_h.36.0,experiment_score_h.77.0,experiment_score_h.82.0,experiment_score_h.49.0,experiment_score_1.11.0,experiment_score_h.18.0,experiment_score_1.67.0,experiment_score_1.97.0,experiment_score_10.6.0,experiment_score_1.33.0,experiment_score_1.44.0,experiment_score_t.44.0,experiment_score_10.81.0,experiment_score_h.8.0,experiment_score_t.97.0,experiment_score_h.52.0,experiment_score_t.81.0,experiment_score_t.65.0,experiment_score_t.93.0,experiment_score_t.2.0,experiment_score_t.6.0,experiment_score_10.45.0,experiment_score_10.16.0,experiment_score_t.12.0,experiment_score_10.67.0,experiment_score_t.57.0,experiment_score_10.20.0,experiment_score_1.26.0,experiment_score_10.59.0,experiment_score_1.45.0,experiment_score_10.64.0,experiment_score_1.40.0,experiment_score_h.59.0,experiment_score_1.63.0,experiment_score_t.67.0,experiment_score_t.1.0,experiment_score_10.95.0,experiment_score_1.25.0,experiment_score_h.17.0,experiment_score_10.76.0,experiment_score_t.36.0,experiment_score_t.87.0,experiment_score_1.29.0,experiment_score_h.33.0,experiment_score_10.13.0,experiment_score_1.2.0,experiment_score_10.49.0,experiment_score_1.4.0,experiment_score_10.88.0,experiment_score_t.27.0,experiment_score_10.33.0,experiment_score_t.84.0,experiment_score_10.98.0,experiment_score_10.37.0,experiment_score_t.30.0,experiment_score_t.95.0,experiment_score_h.73.0,experiment_score_t.96.0,experiment_score_h.53.0,experiment_score_h.50.0,experiment_score_1.72.0,experiment_score_10.85.0,experiment_score_1.94.0,experiment_score_t.73.0,experiment_score_h.44.0,experiment_score_t.83.0,experiment_score_10.39.0,experiment_score_t.74.0,experiment_score_1.42.0,experiment_score_1.56.0,experiment_score_h.55.0,experiment_score_t.76.0,_timestamp,experiment_score_t.69.0,experiment_score_10.96.0,experiment_score_t.82.0,experiment_score_t.70.0,experiment_score_t.53.0,experiment_score_t.35.0,experiment_score_1.88.0,experiment_score_h.20.0,experiment_score_h.1.0,experiment_score_10.19.0,situation,experiment_score_1.87.0,experiment_score_1.73.0,experiment_score_h.62.0,experiment_score_h.22.0,experiment_score_t.32.0,experiment_score_t.86.0,experiment_score_10.22.0,decisions_h
,,,,,,,,,,,,,,,,,,,,0.4728567677701668,,,,,,,,,,,,,,,0,,,,,,,,,,,,,,,,,,,,,,,,,,,,,,,,,,,,,,1.5,,,,,,,,0,,,,,,,,,0.07711042811074263,,,,,,,,,,0.49732677124616115,,,,,,,,0.4928633690608519,,0.41305823776377415,,,,0.024176544655201374,,,,0.018593787371169318,,,0.39687354916449225,,0.37820088593817675,,,,,,,,,,,,,,,,,,,,,,,,,,,,,,,,,,,,,,,,,,,,,,,,,,,,,,,,,,,,,,,,,-0.017545453721247398,"[-0.2377772098783854, -0.2639938198986707, 0.36421306007705245, -0.30244218522408806, 0.2377772098783854, 0.2639938198986707, -0.36421306007705245, 0.30244218522408806]",,"[-0.23103223145888668, -0.26224760303678846, 0.25568263387050677, -0.27855756518027175, 0.23103223145888668, 0.26224760303678846, -0.25568263387050677, 0.27855756518027175]",,,,,,0.03434009608437194,,0.4769223794722836,,,,,0.14735852982911635,,,,,"[-0.22608125352266567, -0.26150570501192827, 0.1887723489118585, -0.2739445396341932, 0.22608125355018469, 0.2615057048538543, -0.1887723489271229, 0.2739445385313922]",,,,,,,,,0.05180667395047313,,,,,,,,,,,,,,,,,0.48712061904845066,,,,,,,128.107948474,,,0.43173090099008965,,,,,,,,,,,,2.000000000000001,"[-0.2289615502150313, -0.2619536819564627, 0.22474016581760142, -0.2760102496654495, 0.2289615502150313, 0.2619536819564627, -0.22474016581760142, 0.2760102496654495]",,,0.4491974788561909,0.0527026479971263,,,,0.11121928873669962,,,,,,,,,,,0.4143401270305934,,,,,,,,,,,,,,,,,,,,,,,,,,,,,,,,,,,,,,,,,,0,,,,,,,,,,,,,,,,,,,,,,,,,,,,,,,0.5077141195957642,,,,,,,,,,,,,,,,,,,,,,,,,,,,,,,,,,,,,,0.07047933717678866,,,,,,,,,,0.1286858666028008,,1727296428.8221488,,,,,,,,,,,1,,,,,,,,0.0011272095050681302
,,,,,,,,,,,,,,,,,,,,,,,,,,,,0.2732495402513314,,,,,,,1,,,,,,,,,,,,,,,,,,,,,,,,,,,,,,,,,,,,,,1.1,,,,,,,,0,,,,,,,,,-0.10223364190595058,,,0.20825594085002988,,,,,,,0.4882458241231685,,,,,,,,0.48709005673472,,,,,,,,,,-0.10201374905633753,,,,,,,,0.2993985837612371,,,,,,,,,,,,,,,,,,,,,,,,,,,,,,,,,,,,,,,,,,,,,,,,,,,,,,0.22945313055364225,,,0.6348365540859734,,,,,-0.05171777327818158,"[-0.19817052436258692, -0.3111493104768465, -0.012746305836079908, 0.10366357640869701, 0.19817052436258692, 0.3111493104768465, 0.012746305836079908, -0.10366357640869701]",,"[-0.19757737841384085, -0.3111492615392988, -0.012434373018721129, 0.09160947984551754, 0.19757737841384085, 0.3111492615392988, 0.012434373018721129, -0.09160947984551754]",,,,,,,,0.4826086731333758,0.21475550693049664,,,,,,,,,"[-0.19643195089190796, -0.29388367040868296, 0.08634869735963104, -0.05486774122010708, 0.19643195053395673, 0.2938836704133552, -0.08634869734591508, 0.0548677391123877]",,,,,,,,0.2991786909116241,,,,,,,,,,,,,,,,,,0.4838388349937505,,,,0.24888271513346813,,,245.36548099,,,,0.2553822812139349,0.2292332377040292,,,,,,,,,,7.099999999999992,"[-0.19639510732307805, -0.2953225017730274, 0.07300455977006573, -0.05471639099605752, 0.19639510732307805, 0.2953225017730274, -0.07300455977006573, 0.05471639099605752]",,,,,,,,,,,,,,,,,,,,,,,,,,,,,,,,,,,,,,,,,,,,,,,,,,,,,,,,,,0.6851325298641293,,,0,,,,0.2797491063317982,,,,,,,,,,,,,,,,,0.16423963830272764,,,,0.1644595311523407,,,,,,,,,,0.6853524227137424,,,,,,,,,,,,,,,,,,,,,,,,,,,,,,,,,,,,,,,,,,,,,,1727296546.187258,,,,,,,,0.6413361201664401,,,2,,,,,,,,-0.05821733935864835
,,,,,,,,,,,0.1372865720589801,,,,,,,,,,,,,,,,,,,,,,0.32152316236088047,,2,,,,,,,,,,,,,,,,,,,,,,,,,,,,,,0.08774278565240215,,,,,,,,1.3,,,,,,,,0,,,,,,,,,0.030372978461369972,,0.3257289114084504,,,,0.3015057970995443,,,,0.5441015638417173,,,,,,,,0.532726068861488,,,,,,,,,0.29290381201778976,0.0389749635431245,,,,,,,,,,,,,,,,,,,,,,0.34931308702015457,,,,,,,,,0.34071110193840004,,,,,,,,,,,0.12230438152903042,,,,,,,,,,,,,,,,,,,,,,,,,,,,0.053957154073074186,"[0.11391261658779767, -0.2134798547895128, -0.05973249021693651, 0.37790660053381847, -0.11391261658779767, 0.2134798547895128, 0.05973249021693651, -0.37790660053381847]",,"[0.07121814636121447, -0.2278288316742419, 0.0024184184438727292, 0.4181041048070535, -0.07121814636121447, 0.2278288316742419, -0.0024184184438727292, -0.4181041048070535]",,,,,,,,0.5189058899288828,,,,,,,,,,"[0.030521938412150108, -0.24120691950739978, 0.08192640436535599, 0.45075009690350454, -0.03052193864649869, 0.24120691948202702, -0.08192640436222785, -0.4507500976766059]",,,,,,,,,,,,,,,,,,,,,,,,,,0.5313472335700514,,,,,,,363.495142444,,,,,,,,,0.1137023964472759,,,,,,2.100000000000001,"[0.045203935155995335, -0.2371136210665204, 0.07293706362963877, 0.4408187808821019, -0.045203935155995335, 0.2371136210665204, -0.07293706362963877, -0.4408187808821019]",0.14149232110655002,,,,0.09194853469997205,,,,0.11553271031167628,,,,,,,,,,,,,,,,,,,,,,,,,,,,,,,,,,0.2737158724402702,,,,,,,,,,,,,,,,,,0,,,,,,,,,,,,,,,,,,,,,,,,,,0.10693072522992175,,,,,,,,,,0.2779216214878401,,,,,,,,,,,,,,,,,,,,,,,,,,,,,,,,,,,,,,,,,,,,,1727296664.3168585,,,,,,,,,,,3,,,,,,,,0.0581629031206441
,,,,,,,,,,,,,,,,,,,,,,,,,,,,,,,,,,,3,,,0.0012520082900508885,,,,,,,,,,,,,,,,,,,,,,,,,,,,,,,,,,,1.7,,,,0.3549210658978,,,,0,,,,,,,,,0.04452151010445359,,,,,,,,,,0.5165690599478207,,,,,,,,0.5113997304439765,,,,,,,,,,0.0185163795211659,,,,,,,,,,,,,,,,,,,,,,,,,,,,0.44942733243608385,,,,,,,,0.33620532234461903,,,,,,,,,,,,,,,,,,,,,,,,,,,0.3677331095301787,,,,,,,-0.07079433503070678,"[0.10701927619857284, 0.440480126022492, -0.016713679788445474, 0.40563065322400904, -0.10701927619857284, -0.440480126022492, 0.016713679788445474, -0.40563065322400904]",,"[0.06734389670714856, 0.436198283978552, -0.031203409896271784, 0.4552074627456293, -0.06734389670714856, -0.436198283978552, 0.031203409896271784, -0.4552074627456293]",,,,,,,,0.4948979793170356,,,,,,,,,,"[-0.09840256207363603, 0.3501603588905986, -0.041293625189134736, 0.6772726492164258, 0.09840256210338127, -0.3501603575269294, 0.041293625553930645, -0.67727264981268]",,,,,,,,,,,,,,,,,,,,,,,,,,0.5045271264238897,,,,,,,483.064846717,,,,,,,,,,,,,,,3.400000000000002,"[-0.0410156545435481, 0.3764393048073745, -0.03743582291555829, 0.594265911437041, 0.0410156545435481, -0.3764393048073745, 0.03743582291555829, -0.594265911437041]",,,,,,,,,,,,,,,,,,,,,,,,,,,,,,,,,,,,,,,,,0.4809551196216435,,,,,,,0.05653091907626211,,,,,,,,,,,,,0,,,,,,,0.39164440506977083,,,,,,,,,,,,,,,,,,,,,,,,,,,,,,,,,,,,,,,,,,,,,,,,,,0.02725713887333858,,,,0.36563927448648315,,,,0.4387091238474007,0.278422394978306,,,,,,0.38092619648108766,,,,,,,,,1727296783.8865657,,0.2524172643950183,,,,,0.0880587062618218,,,,4,,0.4702369110329604,,,,,,-0.03926654784514709
,,,,,,,,,,,,,,,,,,,,,,,,,,,,,,,,,,,4,,,,,,,,,,,,,,,,,,,,,,,,,,,0.31121797758709574,0.17461208196713038,,,,,,,,,,1.6,,,,,,,,0,,,,,,,,,0.08400308374554016,,,,,,,,,,0.5709791120725584,0.12852653914834142,,,,,,,0.5721219718730601,,,,,,,,,,0.08623899466701387,,,,,,,,,,,,,,,,,,,,,,,,,,,,,,,,,,,,,,,,,,,,,,0.2570809060556315,,0.1826636106798057,,,,,,,,,,,0.10513202367813307,,,,,,,,,,0.2593168169771052,0.15681838579983418,"[0.2900774371957235, 0.3204549125808382, -0.19588900807721155, 0.2575094953245346, -0.2900774371957235, -0.3204549125808382, 0.19588900807721155, -0.2575094953245346]",,"[0.29452999114760886, 0.3108443590509066, -0.19451201273126884, 0.2818826400153735, -0.29452999114760886, -0.3108443590509066, 0.19451201273126884, -0.2818826400153735]",,,,,0.03455263254531277,,,0.5759494190294454,,,,,,,,,,"[0.3432816094105414, -0.022492016676297275, -0.09134343762782872, 0.5080901351244104, -0.34328160927818674, 0.022492016584560237, 0.09134343809107973, -0.5080901380235495]",,0.10984830862551168,,,0.22874915349859465,,,,,,,0.3298962081099255,,,,,,,,,,,,,,0.5740836271148133,,,,,,,602.376346744,,,,,,,,,,,,,,,5.199999999999998,"[0.3299948545290533, 0.042797050932409715, -0.11839157020021737, 0.45406976739626165, -0.3299948545290533, -0.042797050932409715, 0.11839157020021737, -0.45406976739626165]",,,,,,,,,,,,,,,,,,,,,,,,,,,,,,0.05323086306814251,,,0.15593385144430064,,,,,,,,,,,,,,,,,,,,,,,,,,,,0,,,,,,,,,,,,,,,,,,,,,,,,,,,,,,,,,,,,,,,,,,,,,,,,,,,,,,,,,,,,,,,,,,,,,,0.10736793459960678,,,,0.18042769975833198,,,,,,,1727296903.1981168,,,,0.22651324257712094,,,,,,,5,,,,,,,,0.13814015527700443
,,,,,,,0.7030194007673783,,,,,,,,,,,,,,,,,0.613403764702179,,,,,,,,,,,5,,,,0.6433423449217159,,,,,,,,,,0.6990473665305879,,,,,,0.03416324598267548,,,,,0.7360459195680226,,,,,,,,,,,0.7289859467501247,,1.8,,,,,,,,0,,,,,,,,,-0.3014346558944416,,,,,,,,,,0.4983325009204936,,,,,,,,0.4812434214008366,,,,,,,,,,-0.24881757286667705,,,,,,,,,,,,,,,,,,,,,,,,,,,,,0.0583657993186798,,,,,,,,,,,,,,,,,,,,,,,,,,,,,,,,,,,,,,,,,-0.21181901982924234,"[-0.4771981816639403, 0.09306456251337293, -0.15797748825389066, 0.25636643157678923, 0.4771981816639403, -0.09306456251337293, 0.15797748825389066, -0.25636643157678923]",,"[-0.39067394754806717, 0.08722303451732322, -0.1205527206614701, 0.1946196095266095, 0.39067394754806717, -0.08722303451732322, 0.1205527206614701, -0.1946196095266095]",,,,,,,,0.4493980829002066,,,,,,,,0.09384030182833789,,"[-0.3226664339415703, 0.08593198783367834, -0.10170850001366977, 0.18272857352514377, 0.32266643377535803, -0.08593198780659775, 0.10170850021407127, -0.18272857438228038]",,,,,,,,,,,,,,0.6504023177396138,,,,,,,,,,,,0.47484180967035,,,,,,,722.730985454,,,,,,,,,,,,,,,2.000000000000001,"[-0.3757253881400401, 0.08704074215643781, -0.11747750537964416, 0.19169562680028834, 0.3757253881400401, -0.08704074215643781, 0.11747750537964416, -0.19169562680028834]",,,,,,,,,,,,,,,,,,,,,,,,,0.11804285516434221,,,,,,,,,,0.7886630025957871,,,,,,,,,,,,,,,,,,,,0.004224665763138596,,,,,,0,,,,,,0.02842721909914292,,,,,,,,,,,,,,,,,,,,,0.04122321880057331,,,,,0.06542577213657763,,,,,,,,,,,,,,,,,,,,,,,,,,,,,,,,,,,,,,,,,,,,,,,,,1727297023.5527594,,,,,,,,,,,6,,,,,,,,-0.24175760004877922
0.22503091324839575,,,,,,,,,0.2323765626230358,,,,,,,,,,,,,,,,,,,,,,,,,,6,,,,,,,,,,,,,0.1302357995893021,,,,,,,,,,,,,,,,,,,,,,,,,2.3,,,,,,0.01422918356160488,0.1215473043666572,0,,,,,,,,,-0.2311821546072189,,,,,,,,,,0.519527831068524,,,,,,,0.2908221332855234,0.5508860022592309,,,,,,,,,,-0.12252118795416173,,0.27460139888887125,,0.24859729701968802,,,,,,,,,,,,,,,,,,,,,,,,,,,,,,,,,,,,,,,,,,,,,,,,,,,,,,,,,,,,,,,,,,-0.02038042492042802,"[-0.39135438078077295, 0.20436150870430717, -0.016867974115825177, -0.08989590012651098, 0.39135438078077295, -0.20436150870430717, 0.016867974115825177, 0.08989590012651098]",,"[-0.1424963380621993, 0.24987051062547055, -0.09843786586517989, 0.07633873421458405, 0.1424963380621993, -0.24987051062547055, 0.09843786586517989, -0.07633873421458405]",,,,,,,,0.5722882771633956,,,,,,,,,,"[0.12048860658759461, 0.27116736195290236, -0.17270013693709413, 0.24403113246657648, -0.12048860661116123, -0.2711673605222161, 0.17270013690986533, -0.24403113257192918]",,,,,,,,,,,,,,,,,,,,,,,,,,0.546621816146659,,,,,,,844.473828728,,0.10666941581800982,,,,0.2236880674003909,,,,,0.3832623655419284,0.34103752927609293,,,2.000000000000001,"[-0.18338274373848018, 0.24646609798593372, -0.08398521524409303, 0.04857446616218365, 0.18338274373848018, -0.24646609798593372, 0.08398521524409303, -0.04857446616218365]",,,,,,,,,,,,,,,,,,,,,,,,,,,,,,,,,,,,,,,,,,,,,,,,,,,,,,,,,,,,,0,,,,,,,,,,,,0.23990880179704313,,,,,,,,,,,,,,,,,,,,,,,,,,,,,,0.17246063585513752,,,,,,,,,,,,,0.33234903405344807,,,,,0.12289015021466204,,,,,,,,,,,,,,,,,,,,,1727297145.2956154,,,,,,,,,,,7,,,,,,,,-0.13874192235081395
,,,,,,,,,,,,,,,,,,,,,,0.5449571981846189,,,,,,,,,,,,,7,,,,,,,,,,,,,,,,0.6693724981116308,,,,,,,,,,,,,,,,,,,,,,1.5,,,,,,,,0,,0.6027919173344423,,,0.5682880819150707,,,,0.14783319728823563,,,,0.5973019771945178,,,0.6927033818420827,0.6621305980280268,,0.49153469554915824,,,,,,,,0.49054967251327325,,,,,0.6638825579717064,,,,,0.12450231355778378,,,,,,,,,,,,,,,,,,,,,,,,,,,,,,,,,,,,,,,,,,,,,,,0.07423460035221799,,,,,,,,,,,,,,,,,0.10480738416627391,,,,,,0.1172604134741797,"[0.12396477752968432, 0.48971440989127824, 0.17067045507602507, -0.29466397263686134, -0.12396477752968432, -0.48971440989127824, -0.17067045507602507, 0.29466397263686134]",,"[0.07757515501957207, 0.5248255977266498, 0.16963520376733987, -0.5207640690804127, -0.07757515501957207, -0.5248255977266498, -0.16963520376733987, 0.5207640690804127]",,,,,,,,0.4889610639976396,,,,,,,,,,"[0.06727534563244664, 0.5503299662774549, 0.1655811049606451, -0.8949468311471094, -0.06727534468412291, -0.5503299665509369, -0.16558110496065623, 0.8949468311489676]",,,,,,,0.626122801064894,,,,,,0.5377152981010148,,,,,,,,,,,,,0.49025490235415964,,,,,,,968.860727051,,,,,,,,,,,,,,,2.300000000000001,"[0.07014903578383173, 0.5382796179990873, 0.1660628766387101, -0.7926594342756202, -0.07014903578383173, -0.5382796179990873, -0.1660628766387101, 0.7926594342756202]",,,,,,,,,,,,,,,,,,,,,,,,,,,,,,,,0.5394672580446944,,,,,,,,0.5955500172508381,,,,,,,,,,,,,,,,,0.1030554242225943,,,,0,,,,,,,,,,,,,,,,,,,,,,,,,,,,,,,,,,,,,,,,,,,,,,,,,,,,,,,,,,,,,,,,,,,,,,,,,,,,0.09756548408266984,,,,,1727297269.6824806,,,,,,,,,,,8,,,,,,,,0.11901237341785932
,,,,,0.21723210748830923,,,,,,,,,,,,,,,,,,,,,,0.2822508789535784,,,,0.3645822218778093,,,,8,,,,,,,,,,,,,,,,,,,,,,,,,,,,,,,,,,,,,0.39204212105520847,1.6,,,,,,,,0,,,,,,,,,0.21532598513142812,,,,,0.24416843888217188,,,,,0.5327019630131485,,,,,,,,0.5268880664818744,,,,,,,,,,0.27871124656652446,,,,,,,,,0.033946028850019155,,,,,,,,,,,,0.15384684605321286,,,,,,,,,,,,,,,,,,,,,,,,,,,,,,,,,,,,,,,,,,,,,,,,,0.3251172272330582,"[0.38784735833483563, -0.09052976549220738, 0.033727927709620145, 0.2811932664035197, -0.38784735833483563, 0.09052976549220738, -0.033727927709620145, -0.2811932664035197]",,"[0.3711281840965299, -0.2242306679726756, 0.17754422343376514, 0.1838767262409635, -0.3711281840965299, 0.2242306679726756, -0.17754422343376514, -0.1838767262409635]",,,,,,,,0.5128158517062663,,,0.08035200951655289,,,,0.3725724717825374,,,"[0.36275158388555134, -0.40653737235368415, 0.2822154928448839, 0.0641280182434844, -0.3627515834568828, 0.4065373714462556, -0.2822154941847613, -0.0641280182608036]",,,,,,,,,,0.34563614038867474,,,,,,,,,,,,,,,,0.5226002339573912,,,,,,,1091.018287228,,,,,,,,,,,,,,,2.300000000000001,"[0.3666463395279178, -0.3365871249799209, 0.23771540955974838, 0.11814196727878767, -0.3666463395279178, 0.3365871249799209, -0.23771540955974838, -0.11814196727878767]",,,,,,,,,,,,,,,,,,,,,,,,,,,0.0608823602438818,,0.26363808815484296,,,,,,,,,,,,,,,,,,,,,,,,,,,,,,0.02943923258507719,,0,,,,,,,,,,,,,,,,,,0.41098820254434304,,,,,,,,,,,,,,,,,,,,,,,,,,,,,,,,,,0.39151855327167195,,,,,,,0.30119696044271294,,,,,,,,,,,,,,,,,,,,,,1727297391.8400593,,,,,,,,,,,9,,,,,,,,0.3056475779603871
,,,,0.3411413268767637,,,,,,,,0.589190794669479,0.5166473576269975,,,,,,,,,,,,,,,,,,,,,,9,,,,,,,,,,,,,,,,,,,,,,,,,,,,,,,,,,,,,,1.6,,,,,,,,0,,,,,,,,0.40207658092234755,-0.034758855882811565,,,,,,,,,,0.5118063831599773,,,,,,,,0.5112173825523836,,,,,,,0.5846525187202496,,,-0.06039660110424959,,,,,,,,,,,,,,,,,,,0.5451197574023605,,,,,,,,,,,,,,,,,,,,,,,,,,,,,,,,,,,,,,0.33830667232283873,,,,,,,,,,,,,-0.06493487705347897,"[-0.02137144576815463, -0.16613168061933709, -0.048719479182134, 0.8130248681631468, 0.02137144576815463, 0.16613168061933709, 0.048719479182134, -0.8130248681631468]",,"[-0.0722724488913616, -0.1314911975826519, -0.04797882798882446, 0.8378873398154081, 0.0722724488913616, 0.1314911975826519, 0.04797882798882446, -0.8378873398154081]",,,,,,,,0.5104799708262111,,,,,,,,,,"[-0.0811676392642223, -0.10135540334660775, -0.047916974672194156, 0.8463470998552856, 0.08116764524654821, 0.1013554031600766, 0.0479169743122124, -0.846347099564225]",,,,,,,,,,,,,,,0.546823378797665,,,,,,0.5874871732741745,,,,,0.5111536549139227,,,,,,,1213.957101356,,,,,,,,,,,,,,,2.100000000000001,"[-0.07786001824792768, -0.11703640220708625, -0.04793104355127545, 0.8412853347305529, 0.07786001824792768, 0.11703640220708625, 0.04793104355127545, -0.8412853347305529]",,,,,,0.3126689271014007,,,,,,,,,,,,,,,,,,0.4305489806977105,,,,,,,,,,,,,,,,,,,,,0.34284494827206813,,,,,,,,,,,,,,,,0,,,,,,,,0.5590147734988116,,,,,,,,,,,,,,,,,,,,,,,,,,0.5422851028484356,,,,,,,,,,,,,,,,0.4277143261437856,,,,,,,,,,,,,,,,,,,,,,,,,,,,,,,1727297514.7788737,,,,,,,,,,,10,0.43225260209301497,,,,,,,-0.06323125565817453
,,,,,,,,0.06626482791255724,,,,,,,,,,0.2737682038961907,0.20244013862478097,,,,,,,,,,,,,,,,10,,,,,,,,,0.01744824948147869,,,,,,,,,,,,,,,,,,,,,,,,0.030432484712995353,,,,,1.7,,,,,,,,0,,,,,,,,,-0.14201092709089408,,,,,,,,,,0.4824340378137126,,,0.3727843267863442,,,,,0.47878533121808803,,,,,,,,,,-0.17784327029045596,,,,,,,,,,,0.21542437385629765,,,0.1522967155711941,0.4229277498399311,,,,,,,,,,,,,,,,,,,,,,,,,,,,,,,,,,0.03028945299690075,,,,,,,,,,,,,,,,,,,,,-0.32700281623419636,"[-0.2324067413854081, -0.004658187456450873, -0.06287056291908626, -0.19300708582812875, 0.2324067413854081, 0.004658187456450873, 0.06287056291908626, 0.19300708582812875]",,"[-0.2559070313768039, 0.009244307063866707, -0.1074808938140276, -0.19526803932396217, 0.2559070313768039, -0.009244307063866707, 0.1074808938140276, 0.19526803932396217]",,,,,,,,0.4668051674146292,,,,,,,,,,"[-0.35689977972549614, 0.17618928097228545, -0.29913523242892054, -0.2246373392641681, 0.35689977973914777, -0.17618928097127315, 0.29913523280785004, 0.22463733928163632]",,,,,,,,,,,,,,,,,,,,,,,,,0.05328059268104057,0.4740565080504696,,,,,,,1337.831407662,,,,,,,,,,,,,,,3.300000000000002,"[-0.3202524227992487, 0.1325996747769081, -0.23699876127040206, -0.21440101789772364, 0.3202524227992487, -0.1325996747769081, 0.23699876127040206, 0.21440101789772364]",,,,,,,,,,,,,,,0.23793586069662884,,,,,,,0.06872666989325277,,,,,,,,,,,,,,,,,,,,,,,,,,,,,,,,,,,,,,,0,,,0.10455901309281465,,,,,,,,,,,,,,,,,,,,,0.16528095080271077,,,,,,,,,,,,,,,,0.08043287605048763,,,,,,,,,,,,,,,,,,,,,,,,,,,,,,,,,,,,,,,,,1727297638.6531348,,,,,,,,,,,11,,,,,,,,-0.2768593931806095
,,,,,,,,,,,,,,,,,,,,,,,,,,,,,,,,,,,11,,,,,,,,,,,,0.22482309828872876,,,,,,,,,,,,,,,,,,,,0.07942965677062433,,,,,,1.9,,,,,,,,0,,,,,,,,,-0.027863323382354147,,,,,,,,,,0.4828180992518893,,,,,,0.1021115556138673,,0.47215722796388476,,,,,,,,,,0.04194507330807944,,,,,,,,,,,,0.40856639941272,,,,,,,,,,,,,0.29463149497916236,,,,,,,,,,,,,,,,,,,0.1513455710211506,,,,,,,,,,,,0.024437171145088952,,,,,,,,,,,,,,0.1154226005756576,"[-0.04644986250147015, 0.34982777501302553, -0.012170549292238443, 0.29234399984075893, 0.04644986250147015, -0.34982777501302553, 0.012170549292238443, -0.29234399984075893]",,"[0.09928486553881252, 0.431108096634726, -0.0091002393833047, 0.3464452733678972, -0.09928486553881252, -0.431108096634726, 0.0091002393833047, -0.3464452733678972]",,0.3350888721451418,,,,,,0.4577913797260532,,,,,,,,,,"[0.24617258485621685, 0.48094830121943627, -0.00663978945503596, 0.3860711899624781, -0.246172584853521, -0.48094830125812965, 0.0066397894593976875, -0.38607119014071684]",,,,0.013818117281390915,,,,,,,0.4783747961031536,,,,,,,,,,,,,,,0.47096243278136796,,,,,,,1462.626490042,,,,,,,,,,,,,,,2.000000000000001,"[0.11538256793179025, 0.4357106858346608, -0.008842883886804735, 0.3502427111197225, -0.11538256793179025, -0.4357106858346608, 0.008842883886804735, -0.3502427111197225]",,,,,,,,,,,,,,,,0.21695711051038402,,,,,,,,,,,,,,,,,,,,0.08729564454896907,,,,,,,,,,,,,,,,,,,,,,,,,0,0.1677230951031007,,,,,,,,,,,,,,,,,,,,,,,,,,,,,,,,,,,,,,,,,,,,,,,,,,,,,,,,,0.09424556783552254,,,,,,,,,,,,,,,,,,,,,,,1727297763.4481602,,,,,,,,,,0.15710404123940266,12,,,0.40070041163437525,,,,,0.0498110610864242
,,,,,,,,,,,,,,,,,,,,,,,,,,,,,,0.5159222552491086,,,,,12,,,,,0.05909369182210328,,,0.5331259479906725,,,,,,,,,,,,,,,,0.36601742167082185,,,,,,,,,,,,,,1.6,,,,,,,,0,,,,,,,,,-0.05404629845490738,,,,,,,,,,0.5574746165588599,,,,0.049619023913651444,,,,0.5279048662070405,,,,,,,,,,-0.12277437217986246,,,,,,,,,,,,,,,,,,,,,,,,,,,,,,,,,,,,,,,,,0.42586173151243534,,,,0.49458980523739043,,,,,,,,,0.07629738456366716,,,,,,,,,,,,,,,,-0.16131051493314458,"[-0.2851807608938415, -0.48461253852591835, 0.13542922154878131, 0.27642172552179367, 0.2851807608938415, 0.48461253852591835, -0.13542922154878131, -0.27642172552179367]",,"[-0.21459876252128707, -0.40883959604847264, -0.03018970978614411, 0.22100188838900015, 0.21459876252128707, 0.40883959604847264, 0.03018970978614411, -0.22100188838900015]",,,,,,,,0.4504779437314849,,,,,,,,,,"[-0.17605741827603102, -0.33687598318149276, -0.14273299468940295, 0.20701826030648016, 0.176057420441865, 0.33687598317444917, 0.14273298683003013, -0.20701825460278478]",0.3832211144123857,,0.13967954765032475,,,,,,,,,,,,,,,,,0.03096683191457003,,,,,,0.5020613739971478,,0.03241533117208756,,,,,1587.970202022,0.2759568979341485,,,,,,,,,,,,0.07095147392536967,,2.000000000000001,"[-0.2011286639660639, -0.36912013633203805, -0.08034402186151186, 0.2151882062078691, 0.2011286639660639, 0.36912013633203805, 0.08034402186151186, -0.2151882062078691]",,,,,,,,,,,,,,,,,,,,,,,,,,,,,,,,,,,,,,,,,,,,,,,,,,,,,,0.3446849716591036,,,,,,,0,,,,,,,,,,,,,,,,,,,,,,,,,,,,,,,,,,,,,,,,,,,,,,,,,,,,,,,,,,,,,,,,,,,,,,,,,,,,,,,,,1727297888.7919688,,,,,,,,,,,13,,,,,,0.03776124181038505,,-0.1441068221915807
,,,,,,,,,,,,,,,,,,,,,,,,,,,,,,,,,,,13,0.23733061165622288,,,,,,,,,,,,,,,,,,,,,,,,,,,,,,,,,,,,,1.6,,,,,,,,0,,,,,,,,,0.11527864662650464,,,,,,,,,,0.5472167734320735,,,,,,,,0.5325418784180201,,,0.4617319795882665,,,,,,,0.1128727272234792,,,,,,,,,,,,,,,,,,,,,,,,,,,,,,0.23706590058060756,,,,0.46146726851265124,,,,,0.14215861733460913,,,,,,,,,,,,,,,,0.24339520877449516,,,,,,0.24553641710190532,,,,,,,,,0.11501393555088935,"[0.3960824528985847, -0.254411315917688, -0.15892990240124744, 0.11359965259627686, -0.3960824528985847, 0.254411315917688, 0.15892990240124744, -0.11359965259627686]",,"[0.3630103404390578, -0.19101160383818802, -0.1571410353001299, -0.018986228807539387, -0.3630103404390578, 0.19101160383818802, 0.1571410353001299, 0.018986228807539387]",,,,,,,,0.49405845907631635,,,,,,,,,,"[0.3390094366107379, -0.11191740742606825, -0.1556985999197643, -0.15251642065385548, -0.3390094368061055, 0.11191740743315676, 0.15569859974502515, 0.15251642279028216]",,,,,,,,,,,,,,,,,,,,,,,,0.23715917238212286,,0.5191061200980046,,,,,,,1713.7798287,,,,,,,,,,,,,,,2.100000000000001,"[0.3535321716803237, -0.1387273900571132, -0.15651344164871037, -0.0931005346765079, -0.3535321716803237, 0.1387273900571132, 0.15651344164871037, 0.0931005346765079]",,,,,,,,,,,,,,,,,,0.4593260601852411,,,,,0.14429982566201927,,,,,,,,,,,,,,,,0.23492469225319743,,,0.2433019369729799,,,,,,,,,0.14439309746353454,,,,,,,,,,0,,,,,0.24313049769887987,,,,,,,,,0.4615605403141665,,,,,,,,,,,,,,,,,,,,,,,,,,,,,,,,,,,,,,,0.14456453673763456,,,,,,,,,,,,,,,,,,,,,,,,,,,,1727298014.601513,,,,,,,,,,,14,,,,,,,,0.11510720735240462
,,0.1499655919549458,,,,,,,,,,,,,0.015343027029658795,,,,,,,,0.24080761972999715,,,0.031045177445555155,,,,,,,,,14,,,,,,,,,,,,,,,0.09905042262745747,,0.17280237454809483,,,,,,0.21797083713684812,,,,,,,,,,,,0.32195605865152754,,,1.7,,,,,,,,0,,,,,,,,,0.15843881723680645,,,,,,,,,,0.4975439992081583,,,,,,,,0.49419737255412627,,,,,,,,,,0.0395184027274158,,,,,,,,,,,,,,,,,,,,,,,,0.02031304954577236,,,,,,,,,,,,,,,,,,,,,,,,,,,,,,,,,,,,,,,,,,,,,,-0.018974456441164383,"[-0.11368178523205402, 0.4496095795984536, 0.41853481971733464, 0.32189113255269397, 0.11368178523205402, -0.4496095795984536, -0.41853481971733464, -0.32189113255269397]",,"[-0.32203524538254236, 0.4860920732696208, 0.3914592447413991, 0.3601746653746828, 0.32203524538254236, -0.4860920732696208, -0.3914592447413991, -0.3601746653746828]",,,,,,,,0.4887032837039388,,,,,,,,,0.20845845112352598,"[-0.40604799910216627, 0.5233144629671863, 0.36431506092651217, 0.39870839428333815, 0.40604799910521905, -0.523314462966509, -0.3643150609265053, -0.3987083942835563]",,,,,,,,,,,,,,,,,,,,,,,,,,0.4932635737002643,,,,,,,1840.33699556,,,,,,,,,,,,,,,2.000000000000001,"[-0.3506218918668005, 0.5060059837265691, 0.37555763364460587, 0.38073533540897736, 0.3506218918668005, -0.5060059837265691, -0.37555763364460587, -0.38073533540897736]",,,,,,,0.35761213522695867,,,,0.16207024664831204,,,,,,,,,,,,,,,,,,,,,,,,,,,,,,,,,,,,,,,,,,,,,,,,,,0,,,,,,,,,,,,,0.27646369630542833,,,,,,,,,,,,,,,,,,,,,,,,,,,,,,,,0.18019886154898787,,,,,,,,,,,,,,,,,,,0.2991192760583785,,,,,,,,,,,,,,,,,1727298141.1585634,,,,,,,,,,,15,,,,,0.04314983213892139,,,0.016681620134266772
,,,,,,,,,,,,,,,,,0.3919288298982244,,,,,,,,,,,,,,,0.07221606019313645,,,15,,0.2321799413266864,,,,,,,,,,,,,,,,,,,,,,,,,,,,,,,,,,,,1.8,,,,,,,,0,,,,,,,,,-0.02278125846519287,,,,,,,,,,0.48148489677552103,,,,,,,,0.479302722591643,,,,,,,,,,0.027601005209606608,0.31648108084697796,,,,,,,,,,,,,,,,,,,,,,,,,0.20221494867457124,,,,,,,,,,,,,,,,,,,,,,,,,,,,,,,,,,,,,,,,,,,,0.15759989369104138,"[0.16041993214107228, -0.07508112765463187, -0.18831057424639916, 0.21445923896104316, -0.16041993214107228, 0.07508112765463187, 0.18831057424639916, -0.21445923896104316]",,"[0.26481043467986204, -0.07530468150507683, -0.18959513872476516, 0.14957132848621293, -0.26481043467986204, 0.07530468150507683, 0.18959513872476516, -0.14957132848621293]",,,,,,,,0.47466256249256294,,,,0.35800995405273234,,0.2660988171721785,,,,"[0.5353277903432851, -0.07773541735598538, -0.193152237139932, 0.11734769160541775, -0.5353277882706545, 0.07773541734944386, 0.1931522371568021, -0.11734769006916267]",,,,,,,,,,,,,,,,,,0.5873146394115968,,,,0.46148462668555085,0.2525972123493707,,,0.4779786090805022,,,,,,,1973.538607172,,,,,,,,,,0.41256109348292064,,,,,2.8000000000000016,"[0.4229324795294075, -0.07680376125590596, -0.1914047546898633, 0.12936926056557227, -0.4229324795294075, 0.07680376125590596, 0.1914047546898633, -0.12936926056557227]",,,,,,,,,,,,,,,,,,,,,,,,,,,,,,,,,,,,,0.2825622050014859,,,,,,,,,,,,,,,,,,,,,,,,0,,,,,,,,,,,,,,,,0.40693348725536255,,,,,,,0.5369323757367973,,,,,,,,,,,,,,,,,,,,,,,,,,,,0.4464799693284127,,,,,,,,,,,,,,,,,0.12676719962332472,,,,,,,,,,,,,1727298274.3603055,,,,,,,,,,,16,,,,,,,,0.1030487542608531
,,,,,,,,,,,,,,,,,,,,,0.43755232351171225,,,,,,,,,,,,,,16,,,,,,,,,,,,,,,,,,,,,0.03610530273586385,0.006121327263386045,,,,0.30578480686819176,,,,,,,,0.01622032554441795,,,,1.7,,,,,,,,0,,,,,,,0.05844695554366784,,-0.19936329977785988,,,,,,,,,,0.4589447888296286,,0.25065246816487075,,,,,,0.4516966345852083,,,,,,,,,,-0.19571079434566352,,,,,,,,,,,,,,,,,,,,,,,,,,,,,,,,,,,0.3021323014359954,,,,,,,,,,,,,,,,,,,,,,,,,,,,,,,,0.4926846622150333,,,-0.12188930826673484,"[-0.2918862198370972, -0.27718108675729103, -0.13015784694342172, 0.1762737584692778, 0.2918862198370972, 0.27718108675729103, 0.13015784694342172, -0.1762737584692778]",,"[-0.3039501205574872, -0.2545568421160668, -0.11047636380220002, 0.13256236529336202, 0.3039501205574872, 0.2545568421160668, 0.11047636380220002, -0.13256236529336202]",,,,,,,,0.4279116372483117,,,,,,,,,,"[-0.3132042835245865, -0.09492159482500086, 0.04039174757733572, -0.003489417875607442, 0.31320428317815374, 0.09492159276619479, -0.04039174828274563, 0.003489423181542509]",,,,,,,,,,,,,,,,,0.2283108153570667,,,,,,,,,0.4405477619958099,,,,,,,2101.407765572,,,,,,,,,,,,,,,3.7000000000000024,"[-0.3112293243778861, -0.14520915503199436, -0.0066563929733652475, 0.0394757478652103, 0.3112293243778861, 0.14520915503199436, 0.0066563929733652475, -0.0394757478652103]",,,,,,,,,,,,,,,,,,,,,,,,,,,,0.41521067070390827,,,0.48903215678283696,,,,,,,,,,,,,,,,0.019027035967457195,,0.057601160534510726,,,,,,,,,,,,0,,,,,,,,,,,,,,,,,,,,,,,,,,,,,,,,,,,,,,,0.06125366596670709,,,,,,,,,,,,,,,,,,,,,,,,,,,,,,,,,,,,,,,,,,1727298402.2295089,0.015374530535260833,,,,,,,,,,17,,,,,,,,-0.14423096107453884
,0.29386504642769884,,,,,,,,,0.7658316294801601,,,,,,,,,,,,,,,,,,,,,,,,0.30656890002868564,17,,,,,,,,,,,,,,,,,,,,,,,,,,,,,,,,,,,,,,1.6,,0.23104065987801012,,,,,,0,,,,,,,,,-0.5331727361086682,,,,,,,,,,0.4731088837687657,,,,,,,,0.47264171038713426,,,,,,,,,,-0.5204688825076814,,,,,,0.1627082037013341,,,,,,,0.40854297267139544,,,,,,,,,,,,,,,,,,,,,,,,,,,,,,,,,,,,,0.7785354830811468,,0.2773861299450307,,,,,,,,,,,,,,,,,,-0.3893120397813167,"[-0.3190801459577226, -0.15998056281602577, -0.7238198244084434, -0.03740623218591118, 0.3190801459577226, 0.15998056281602577, 0.7238198244084434, 0.03740623218591118]",,"[-0.30135062266695267, -0.15999141023917618, -0.7162690197311549, -0.04383654513494275, 0.30135062266695267, 0.15999141023917618, 0.7162690197311549, 0.04383654513494275]",,,,0.3115164259432143,,,,0.47103631902249354,,,,,,,,,,"[-0.07618975778929314, -0.17237940757618025, -0.6704724704624277, -0.2549339735086849, 0.0761897585769421, 0.172379407621796, 0.6704724702252289, 0.2549339735086517]",,,,,,,,,,,,,,,,,,,,,,,,,,0.47190035103017225,,,0.3749013562053617,,0.19683849969951772,,2230.212074435,,,,,,,,,,,,,,,4.8999999999999995,"[-0.13415205800829957, -0.16952457644414687, -0.6827170155887883, -0.21339013164547543, 0.13415205800829957, 0.16952457644414687, 0.6827170155887883, 0.21339013164547543]",,,,,,,,,,,,,,,,,,,,,,,,,,,,,,,,,,,,,,,,,,,,,,0.6688050827519789,,,,,,,,,,,,,,,0,,,,,,,,,,,,,,,,,,,,,,,,,,,,,,,,,,,,,,,,,,,,0.3621975026043749,,0.6346747867537954,,,,,,,,,,,,,,,,,,,,,,,,,,,,,0.42124682627238225,,,,,,1727298531.0338764,,,,,,,,,0.26517095587619377,,18,,,,,,,,-0.4234423357795003
,,,,,,,,,,,,,,,,,,,,,,,,,,,,,,,,,,,18,,,,,,,,,,,,,,,,,,0.05977510716495059,,,,,,,,,,,,,,,,,,,,2.2,0.47256295028840056,,,,,,,0,,,,,,,,,0.06385733130481874,,,,,,,,,,0.5244322176323127,,,,,,,,0.5184131209409792,,,,,,,,,,0.1440782999402807,,,,,,,,,,,,,,,,,,,,,,,,,,,,,,,,,,,,,,0.13052359231943875,,,,,,,,,,,,,,,,,,,,,,,,,,,,,,,,0.18907274495750792,"[0.05724307990595531, 0.00447096841708953, 0.07087605232486506, -0.15291415805655206, -0.05724307990595531, -0.00447096841708953, -0.07087605232486506, 0.15291415805655206]",,"[0.11389124441900088, 0.0165531627156216, 0.17673900866554484, -0.034184356960883955, -0.11389124441900088, -0.0165531627156216, -0.17673900866554484, 0.034184356960883955]",,,,,,,,0.5148342418936414,,,,,,,,,,"[0.15979145078345555, 0.028410389550527722, 0.22136268257916752, 0.06734263819344803, -0.1597914505992223, -0.028410389575511723, -0.2213626847532811, -0.06734263895813308]",,,,,,,,,,,,,,,,0.043385759510900596,,,,,,,,,,0.5196797231662883,,,,,,,2359.925282502,,,,,,,,0.013543789001404072,,,,,,,2.000000000000001,"[0.10426798361261047, 0.01271657635893747, 0.16726353886107145, -0.058205649957023674, -0.10426798361261047, -0.01271657635893747, -0.16726353886107145, 0.058205649957023674]",,,,,,,,,,,,,,,,,,,,0.5175573953056278,0.1116716246512851,,,,,,,,,,,,,,,,,,,,,,,,,,,,,,,,,,,,,,,,0,,,,,,,,,,,,,,,0.0978526880091016,,,,,,,,,,,,,0.13999607580041254,,,,,0.027362725643587577,,,,0.3923419816529386,,,,0.46309046680742677,,0.05285824299187439,,,,,,,,,,,0.18499052081763975,,,,,,,,,,,,,0.040923139496796934,,,,,,,,,,,,,,1727298660.7470794,,,,,0.03145065601582314,,,,,,19,,,,,,,,0.13460581645930692
,,,,,,,,,,,,,,,,0.4208105519459855,,,,,,,,,,,,,,,,,,,19,,,,,,,,,,,,,,,,,,,,,,,,,,,,,0.17437517245035444,,,,,,,,,1.5,,,,,0.127185734957431,,,0,,,,,,,,,-0.23960445144980913,,,,,,,,,,0.5257537945038756,,,,,0.1750632926994048,,,0.5382954253936031,,,,,,,,,,-0.24461906581365395,,,,,,,,,,0.1264976147083806,,,,,,,,,,,,,,,,,,,,,,,,,,,,,,,,,,,,,,,,,,,,,,,,,,,,,,,,0.26296723113711856,,,,-0.23891633120075875,"[-0.17005992986136997, 0.0048598342367124295, -0.34198679170915836, 0.08462527209913247, 0.17005992986136997, -0.0048598342367124295, 0.34198679170915836, -0.08462527209913247]",,"[-0.21294780076800995, -0.05629110197794896, -0.2851326563482682, 0.034239841722179844, 0.21294780076800995, 0.05629110197794896, 0.2851326563482682, -0.034239841722179844]",,,,,,,,0.5954993836273886,,,,,,,,,,"[-0.2563350795323154, -0.0726409016532645, -0.21960574319833262, -0.0032901587781883125, 0.25633507948173595, 0.0726409017164825, 0.21960574312168546, 0.0032901598035734326]",,,,,,,,,,,,,,,,,,,0.42512965842377004,,,,,,,0.5612477881814074,,,,,,,2489.344547416,,,,,,,,,,,,,,,2.100000000000001,"[-0.24140430137679708, -0.06753742177734695, -0.24686072673914994, 0.01690138187089275, 0.24140430137679708, 0.06753742177734695, 0.24686072673914994, -0.01690138187089275]",,,,,,,,,,,,,,,,,0.13150484143521557,,,,,,,,,,,,,,,,,,,,,,,,,,,0.1322003493212758,,,,,,0.2679744578639535,,,,,,,,,,,0,,0.4201224316969351,,,,,,,0.1793823991771894,,,,,,,,0.2636553513861689,,,,,,,,,,,,0.26866996575001373,,,,,,,,,,,,,,,,,,,,0.1800779070632496,,,,,,,,,,,,,,0.4258251663098303,,,,,,,,,,,,,,,,,,1727298790.1662767,,,,,,,,,,,20,,,,,,,,-0.2439235579275937
,,,,,,,,,,,,,,,,,,,,,,,,,,,,,,,,,,,20,,,,,,,,,,,0.4977480943328207,,,,,,,,,,,,,,,,,,,,,,,,,,,1.7,,,,,,,,0,0.6431238301000224,,0.41812575491086124,,,,,,0.22548167691980053,,,,,,,,,0.23140349762824808,0.4583948491695131,,,,,,,,0.48428515244832393,0.3917670779800111,,,,,,,,,0.132675869219279,,,,,,,,,,,,,,,,0.32531994721033974,0.5165427926581238,,,,,,,,,,,,,,,,0.2915447174689627,,,,0.2108034765391591,,,,,,,,,,,,,,,,,,,,,,,,,,,,,,,,,0.09890063947790198,"[0.23249470369634878, 0.3366870830763876, 0.21681779703473592, -0.45954480163197214, -0.23249470369634878, -0.3366870830763876, -0.21681779703473592, 0.45954480163197214]",,"[0.09599580646158004, 0.460047740915793, 0.17031656342210524, -0.5071337582584212, -0.09599580646158004, -0.460047740915793, -0.17031656342210524, 0.5071337582584212]",,,,,,,,0.5526523868563548,,,,,,,,,,"[0.03514275252705899, 0.60500025347003, 0.152862989154714, -0.5397594559187684, -0.03514275739974494, -0.6050002532363284, -0.152862988829045, 0.5397594579004003]",,,,,,,,,,,,,,,,,,,,,,,,,,0.5064627399155627,,,,,,,2620.031924118,,,,,,,0.5503180223995008,,,,,,,,2.100000000000001,"[0.07255149298248187, 0.5283845812549894, 0.16358856086485393, -0.5176801160141435, -0.07255149298248187, -0.5283845812549894, -0.16358856086485393, 0.5176801160141435]",,,,,,,,,,,,,,,,,,,,,,,,,,,,,,,,,,,,,,0.40494228663229914,,,,,,,,,,,,,,,,,,,,,,,0,,,,,,,,,,,,,,,,,,,,,,0.5371428137472127,,,,,,,,,,,,,,,,,,,,,,,,,0.3121447385580517,0.3373845139810577,,,,,,,,,,,,,,,,,,,,,,,0.3711670568909221,,,,,,,,,0.24457870628053613,1727298920.8535023,,,,,,,,,,,21,,,,,,,,0.11950066056699095
,,,0.08393265816714948,,,,,,,,,,,0.4582586682547901,,,,,,,,,,,,,,,,,,,,,21,,,,,,0.09112207716213583,,,,,,,,,,,,,,,,,,,,,,,,,,,,,,,,1.9,,,,,,,,0,,,,,,,,,-0.13022292394124002,,,,,,,,,,0.49565427021934266,,,,,,,,0.49606734932142593,,,,,,,,,,-0.1280523699044587,,,,,,,,,,,,,,,,,,0.09329263119891715,,,,,,,,,,,,,,,,,,,,,,,,,,,,,,,,,0.44305457083012584,,,,,,,,,0.01335443431189115,,,,,,,,,,-0.13741234293622637,"[-0.4347063682488151, -0.17988687777167128, 0.17221816966927486, -0.12032936078417135, 0.4347063682488151, 0.17988687777167128, -0.17221816966927486, 0.12032936078417135]",,"[-0.434759438265262, -0.1844647413823932, 0.17591380062412473, -0.12063810079945761, 0.434759438265262, 0.1844647413823932, -0.17591380062412473, 0.12063810079945761]",,,,,,,,0.49831745911603276,,,,,,,,,,"[-0.49628530871935855, -0.4729962900049576, 0.2152761151800963, -0.3473604791480742, 0.4962853074871563, 0.4729962960098399, -0.21527611601802052, 0.3473604818918688]",,,,,,,,,,,,,,,,,,,,,,,,,,0.49775583924620254,0.006327438554679182,,,,,,2751.888685204,,,,,,,,,,,,,,0.015687411586446848,7.59999999999999,"[-0.4707718786825753, -0.37165595442901866, 0.204688485009301, -0.26282656707885776, 0.4707718786825753, 0.37165595442901866, -0.204688485009301, 0.26282656707885776]",,,,,,,,,,,,,,,,,,,,,,,,,,0.44072159355557017,,,,,,,,,,,,,,,,,,,,,,,,,,,0.013516857549665529,,,,,,,0.09095965392436145,0,,,,,,,,,,,,,,,,,,,0.45106924925980374,0.46042922229157146,,,,,,,,,,0.44289214759235146,,,,,,,,0.4500815665873378,,,,,,,,,,,,,,,,,,,,,,,,,,,,,,,,,,,0.45809624501701574,,,,,,,,1727299052.7104409,,,,,,,,,,,22,,,,,,,,-0.1303853471790144
,,,,,,0.3446558547025934,,,,,,,,,,,,,,,,,,,0.1564725102335694,,,,,,,,,,22,,,,,,,,,,,,,,,,,,,,,,,,,,,,,,,0.20590410919256863,,,,,,,1.6,,,0.13809722476954908,,,,,0,,,,,,,,,-0.12588840380526914,,,,,,,,,,0.5740547688442914,,,,,,,,0.5717047352836746,,,,,,,,0.12106340294136378,,-0.05318137790951319,,,,,,,0.06539019887379313,,,,,,,,,,,,,,,,,,,,,,,,,,,,,,,,,0.06625903391870792,,,0.10166814121091354,,,,,,,,,,0.24131321648477425,,,,,,,,,,,,,,,0.22427939465658894,,0.050034613805711975,"[-0.4061074401080836, 0.541779783440252, 0.237319359687253, 0.27199731249392445, 0.4061074401080836, -0.541779783440252, -0.237319359687253, -0.27199731249392445]",0.24218205152968902,"[-0.3488774061471414, 0.4805823867308532, 0.33749579471956687, 0.27762479251840394, 0.3488774061471414, -0.4805823867308532, -0.33749579471956687, -0.27762479251840394]",,,,,,,,0.5644896414138368,,,,,,,,,,"[-0.21202114798090724, 0.3463816845416984, 0.40321232012930436, 0.3257135850386943, 0.21202114675334363, -0.34638168424318166, -0.4032123208104346, -0.3257135850173282]",,,,,,,,,,,,,,,,,,,,,,,,,,0.5691905979658848,,,,,,,2884.649507525,,,,,,,,,,,,,,,2.7000000000000015,"[-0.26172126068512824, 0.3951209551921461, 0.38350363429863615, 0.3143392477000982, 0.26172126068512824, -0.3951209551921461, -0.38350363429863615, -0.3143392477000982]",,,,,,,,,,0.44787184641781863,,,,,,,,,,,,,,,,,,,,,,,,0.2969864205523449,,,,,,,,,,,,,,,,,,,,,,,,,,,0,,,,,,,,,,,,,,,,,,,,,,,,,,,,,,,,,,,,,,,,,,,,,,,,,,,,,,,,,,,,,,,,,,,,,,,,,,,,,,,,,1727299185.4712696,,,,,,0.16947502563393307,,,,,23,,,,0.38006496199479906,,,0.5205788723135746,0.014625506513506359
,,,,,,,,,,,,,,,,,,,,,,,,,,,,,,,,,,,23,,,,,,,,,,,,,,,,,,,0.07730469877972526,,,,,,,,,,,,,,,,,,,1.1,,,,,,,,0,,,,0.032300975700020336,,,,,-0.042810548657868513,,,,,,,,,,0.5283793144750165,,,,,,,,0.5283943171896623,,,,0.12288257094862673,,,,,,-0.042810548657868513,,,,,,,,,,,,,,,,,,,,0.032300975700020336,,,0.21867869081600677,,,,0.21867869081600677,,,,,0.34851044949179355,,,,,,,,,,,,,,,,,,,,,,,,,,0.1201456714245002,,,,,,,,,,,,-0.1753792068577818,"[-0.18185494598929489, 0.07019485551872187, 0.11295678514165974, 0.12192066828322609, 0.18185494598929489, -0.07019485551872187, -0.11295678514165974, -0.12192066828322609]",,"[-0.18185494598929489, 0.07019485551872187, 0.11295678514165974, 0.12192066828322609, 0.18185494598929489, -0.07019485551872187, -0.11295678514165974, -0.12192066828322609]",0.009686087251286557,,,,,,,0.52836206077002,,0.16213273437580708,,,,,,,,"[-0.06926784066878171, -0.17305544885102736, -0.29426086877455543, 0.03368879161853354, 0.06926784158687112, 0.1730554489985974, 0.2942608750117227, -0.03368879046891721]",,,,,,0.07730469877972526,,,,,,,,,,,,,,,,,,,,0.52836206077002,,,,,,,3018.111895764,,,,,,,,,,,,,,,10.099999999999982,"[-0.08201379943199993, -0.16474347025970415, -0.2741838923825184, 0.04384582999196218, 0.08201379943199993, 0.16474347025970415, 0.2741838923825184, -0.04384582999196218]",,0.009686087251286557,,,,,,,,,,,,0.207136457455512,,,,,,,,,,,,,,,,,,,,,,,,,,,,,,,,,,,,,,,,,,,,,,,0,,,,,,,,,,,,,,,,,,,,,,,,,,,,,,,,,,,,,,,,,,,,,,,,,,,,,,,,0.20987335697963855,,,,,,,,,,,,,,,,,,,,,0.35124734901592003,0.16486963389993362,,,1727299318.9336672,,,,,,,,,,,24,,,,,,,,-0.17264230733365526
,,,,,,,,,,,,,,,,,,,,,,,,,,,,,0.22444373615662708,,,,,,24,,,,,,,0.16898343592728451,,,0.09559651783713119,,,,,,,,,,,,,,,,,,,,,,,,,,,,1.6,,,,,,,,0,,,,,,0.19824516820297183,,,-0.16134206935998685,0.1396140357528548,,,,,,,,,0.5148693706548831,,,,,,,,0.5133912331180244,,,,,,,,,,-0.13679003799969042,,,,,,,,,,,,,,,,,,,,,,,,,,,,,,,,,,,,,,,,,,,,,,,,,,,,,,,,,,,,,,,,,,,,,,-0.10588176913064429,"[-0.4749002327240551, -0.06265474600567753, 0.16541857183937647, -0.1364300073811628, 0.4749002327240551, 0.06265474600567753, -0.16541857183937647, 0.1364300073811628]",,"[-0.40361956022968926, -0.03239044556831629, 0.14385234677971048, -0.0422865943852743, 0.40361956022968926, 0.03239044556831629, -0.14385234677971048, 0.0422865943852743]",,,0.22279719956326827,,,,0.06468824896808506,0.510309300415046,,,,,,,,,,"[-0.3337896039583495, -0.004813386958175245, 0.1359969257808521, 0.06198810390314586, 0.3337896073803645, 0.004813384414202653, -0.13599692777572342, -0.06198810381877466]",,,,,,,,,,,,,,,,,,,,,,,,,,0.5126151336466338,,,,,,0.1673368993339257,3152.733086864,,,,,,,,,,,,,,,2.100000000000001,"[-0.37125647095120556, -0.018426163188433018, 0.14132256428407214, 0.019252111728999564, 0.37125647095120556, 0.018426163188433018, -0.14132256428407214, -0.019252111728999564]",,,,,,,,,,,,0.1791250864270273,0.15457305506673086,,,,,,,,,,,,,,,,,,,,,,,,,,,,,,,,,,,,,,,0.07964726828196111,,,,0.12366478619768473,,,,,0,,,,,,,,,,0.18328614888909578,0.1849326854824546,,,,,,,,,,,,,,,,,,,,,,,,,,,,,,,,,,,,,,,,,,,,,,,,,,,0.04013621760778863,,,,,,,,,,,,,,,,,,,1727299453.5547857,,,0.19989170479633064,,,,,,,,25,,,,,,,,-0.12183101868581436
,,,,,,,,0.28907283399229394,,,0.29257890644977547,0.029633615406925537,,,,,,,,0.19376385486781392,,,,,,,,,,,,,,,25,,,,,,,,,,,,,,,,0.1717348436598488,,,,,,,,,,,,,,,,,0.2561683616440165,,,,,2.1,,,,,0.20463422272012818,,,0,0.17078700496222637,,,,,,,0.25748040688131446,0.09297176683169439,,,0.3723844085137721,,,,0.20463931600812624,0.21095279791724245,,0.43771698004349274,,,,,,,,0.4759969804030834,,,,,0.17177636049578485,,0.06885156966431917,,,0.12587623917997182,,,0.2266268103801553,,0.1874503729586977,,,,,0.19832074081101198,0.2498548797349003,,,,,,0.17710048687134258,,,,,,,,,,,,,,,,,,,,,,,,,0.3317968607071691,,,,,,,,,,,,,,,,,,,,,,,,,,,,0.08665828492257818,"[0.12124554289171967, -0.180872147572187, 0.06217520940092787, 0.06897223440371895, -0.12124554289171967, 0.180872147572187, -0.06217520940092787, -0.06897223440371895]",,"[0.10489582437687489, -0.10753862927915796, 0.1452122033377266, 0.0061904568087097515, -0.10489582437687489, 0.10753862927915796, -0.1452122033377266, -0.006190456808709746]",,,,,,,,0.5213540471303966,0.3332079710923145,,,,,,,,,"[0.11105061483887234, -0.04197535980506893, 0.06766973892262033, -0.17184322914421352, -0.11105061483846901, 0.04197535981302494, -0.06766973892634102, 0.17184322914727487]",,,,,,,,,,,,,,,,,,,,,0.06881005282838314,,,,,0.47960567531450515,,,,,,,3288.692898743,,,,,,,0.13788253261394895,0.14745389696491099,0.29889238835889165,,,,,,2.200000000000001,"[0.10471530871168623, -0.10417890619905573, 0.14501930094553903, -9.305695349446487e-5, -0.10471530871168623, 0.10417890619905573, -0.14501930094553903, 9.305695349446487e-5]",0.33175534387123307,,,,,,,,,,,,,,,,0.23749717823246957,,0.22666832721609134,,0.1537673788740272,,,0.22461745136897307,,,,,,,,,,,,,,,,,,,,0.2375386950684056,,,,,,,,,,,,,,,,,1,,,,,,,,0.035947097316041746,,,,,,,,,,,,,0.33952145300143066,0.13792404944988498,,0.2890313171563579,0.3724259253497081,,,,,,,,,,,,,,,,,,,,,,,,,0.22457593453303704,,,,,,,,,,,,,,,,,0.18663033438636858,,,,,,,,,,,,,,1727299589.5146308,,,,,0.18667185122230462,,,,,,1,0.26379388879043064,,,,,,,0.12583472234403578
0.021732538210511118,,,0.10677804336812405,,,,,,,0.2122322283795898,,,,,0.197743998850864,,,,0.28884449722391425,,,,,,,,,,,,,,,,26,,,,,0.43382418448920973,0.13744090398091452,,,0.25818163661112375,,,,,,,,,,,,,,,,,,0.2006731267329759,,,,,,,,,,,1.4,0.16403020239157656,,,,,0.05239539882330159,,0,,,,,,,,,0.1278289089708401,,,,,,0.02980217385135342,,,,0.5435887957016211,,,,,,,,0.5422299417610595,,,,,,,,,0.06615958636749084,0.09147149645470268,,,,,,,,,,,,,,0.2832147743793986,,,,0.1010834914647771,,,,,,0.1921142760063484,,,,,,,,,,,,,,,,,,,,,,0.22570626450125078,,,,0.17587481586345238,,,,0.4281944616446941,,,,,0.3271466869821231,,,,,,,,,,0.18934885198511336,0.09716604835804962,"[0.19569898993937276, 0.16728650248190047, 0.05661856409607433, 0.14046995908351845, -0.19569898993937276, -0.16728650248190047, -0.05661856409607433, -0.14046995908351845]",,"[0.14094395347259803, -0.105891435238735, 0.036290677945484046, 0.11975714644331391, -0.14094395347259803, 0.105891435238735, -0.036290677945484046, -0.11975714644331391]",,,,,0.3328412388854701,,,0.5120083896996279,,,,,,,,,,"[0.10503152164103627, -0.19006239051440105, 0.08779821709249126, 0.0891114038733322, -0.1050315115621317, 0.1900623903548259, -0.08779821709336202, -0.08911140176483642]",,,,,,,,,,,,0.1950434038884603,,,,,,,,0.4588573222574846,,,,,0.29453904912726114,0.527272732088755,,,,,,,3424.948973522,,0.027362261055026718,,,,,,,,,,,,,2.200000000000001,"[0.1197567254030922, -0.18642627864844075, 0.08270547249726339, 0.1013563449665954, -0.1197567254030922, 0.18642627864844075, -0.08270547249726339, -0.1013563449665954]",,,,,,,,,,,0.16708113823807352,,,,,,,,,0.1697247542949235,,,,,,,,,,0.3384709617299857,,,,,,,,,,,,,0.05483531161962829,,,0.20090795363172725,,,,,,,,,,,,,,0.11240776621263965,1,,,,,,,,,,,,,,,,,,,,,,,,,,,,,,,,,,,,0.06046503446414389,0.20038761490771395,,,,0.17535447713943908,,,,,0.20653767647624285,,,,,,,,,,,,,,0.016037986307164173,,,,,,,,,,0.36350409949826057,,,,,,,,,,,1727299725.7706866,,,,,,,,,,,2,,,,,0.20343855075421094,0.4224999097413472,,0.10279577120256522
,,,,,,,,,,,,,,,,,,,,,,,,,,,,,,,,,0.03256239230335268,,27,,,,,,,,,,,,,,0.2573066759095287,,,,,0.038295164539687204,,,,,0.05335527451834464,0.24839917259603966,,,,,0.15075964399498223,,,,,,0.24720948824206992,,1.2,,,,,,,,0,,,0.3212515346380896,,,,,,0.10122874660055375,,0.042659579970811455,,,,,,,,0.6023913330750857,,,,0.23879006411048737,,0.17683426389014528,,0.6009889809081855,,0.42951686828232416,,,,,,,,0.004071860511138614,,,,,,,,,,,,,,,,0.22409464854867445,,,,,,0.06340480943209273,,,,,,,,,0.03375207665732242,,0.2151871452351854,,,,,,,,,,,,,,,,,,,,,,,0.2728014656255907,,,,0.05525941370305846,,,,,,,,,,-0.004835642802350423,"[0.29253252534034213, 0.050873928464990614, -0.1004276208449167, -0.06789446680582725, -0.29253252534034213, -0.050873928464990614, 0.1004276208449167, 0.06789446680582725]",,"[0.19248001548085297, 0.06728870270437927, -0.2322119217077183, -0.06499152345581123, -0.19248001548085297, -0.06728870270437927, 0.2322119217077183, 0.06499152345581123]",,,,,,,,0.5131725682695586,,,,,,,,,,"[0.14591328221461047, 0.032985235080077294, -0.23322564898827353, -0.05255381197163762, -0.14591328216224958, -0.03298523504999491, 0.23322564901641735, 0.05255381212321558]",0.06345246218580342,,0.14282286237504196,,,0.058861721549727936,,,,,,,,,,,,,,,,,,,,0.5563651238190152,0.04516222603559968,0.24888725177794613,,,,,3561.251709582,0.04261192721710076,,0.439614055949783,,,,,,,,,,0.2399797484644571,0.05406972934908872,1.6000000000000005,"[0.16527204686002894, 0.05156456940676273, -0.2357457053792929, -0.05954065748923962, -0.16527204686002894, -0.05156456940676273, 0.2357457053792929, 0.05954065748923962]",,,0.4384243715958132,,0.14066245632752344,,,,0.24672684573042764,,,,,0.0576720371957582,,,,,,,,,,,,,,,,,,,,,0.15124228650662452,,,,,,,,,,,,,,,,,,0.15122661543850385,0.05454495887231438,,,,,,,1,0.16673707622268652,,,,,,,,,,,,,,,,,,,,,,,,,0.1495699596410125,,,,,0.5355812576852284,,,,,,,,,,,,,,,,0.22528433290264419,,,,,,,,,0.06776922486321697,,0.17564457953617554,,,,,,,,,,,,,,,,,,,,,,,1727299862.0734575,,,,,,,,,,,3,,,,,,,,0.005261544865108353
,,0.20613588886055942,,,,,,,,,,,,,,,,,,,0.3026760593581727,,,,0.10224426504845656,0.23721880502485276,,,,,,,,,28,,,,,,,,,,,,,,,,,0.180219342486852,,,,0.12945077213885725,,,,,0.19606722020337808,,,,,,,,,,,,1.4,,,,,,,,0,,,,0.42795220441059756,,,0.12677349445557756,,0.08809330039330927,,,,,,,,,,0.5042659488455568,,0.25306668274137883,,,,,,0.5010290733748926,,,,,,,,0.0995669873651769,,0.057010384229015915,,,,,,,,,,,,,,,,,,,,0.39686928824630424,,,0.43496989243623585,,,,0.46605280860052917,0.012267076687311796,0.28995956932382755,,,0.4090533460625284,,,0.22715013636767142,,,,0.24841151638270256,,,,,,,,,,,,,,,,,,,,,,,,,,,,0.24567659682017196,0.07632771867474913,,0.03377111553858815,"[0.012660360407096935, -0.09275677213523967, 0.15800146304469245, 0.15900128986241974, -0.012660360407096935, 0.09275677213523967, -0.15800146304469245, -0.15900128986241974]",,"[-0.041268773963896214, -0.01827508330219154, 0.15240712987035773, 0.24061173432805383, 0.041268773963896214, 0.01827508330219154, -0.15240712987035773, -0.24061173432805383]",,,,,,,,0.48099375457263094,,0.453868750784305,,,,,,,0.18289662017013164,"[-0.1316357700357765, -0.12925074658431374, 0.2020247585685524, 0.3933418944262773, 0.13163577996224776, 0.12925074617172383, -0.20202475761394, -0.393341894958258]",,,,,,,,,,,,,,,,,0.2503894050580992,,,,,,,,,0.492558670194623,,,,,,,3698.435013338,,,,,,,,,,,,,,,2.9000000000000017,"[-0.1107089847724164, -0.10403559965751005, 0.1734815663421294, 0.3683381236987734, 0.1107089847724164, 0.10403559965751005, -0.1734815663421294, -0.3683381236987734]",,,,,,,,,,,,,,,,,,,,,,,0.27165078507313034,,0.2329601067858268,,,0.2999987816748931,,,0.27675951298446533,,,0.045244802510455776,,,,,,,0.014944354370591457,,,,,,0.07245130960085645,,,,0.27432806275641,,,,,,,,,,1,,,,,,0.2872822916405479,0.03818362306101922,,,,,,,,,,,,,,,,,,,,,,,,,0.26404302295012017,,,,,,,,,,,,,,,,,,,,,0.21732860021840922,,,,,,,,0.06926653922531258,,,,,,,,,,,,,,,,0.41173062374580804,0.45119147310102536,,,1727299999.2567325,0.10353422576514981,,,,,,,,,,4,,,,,,,,0.03109383785530849
,,,,,,,,,,,,,,0.10685629725678794,,,,,,,,,,,,,,,,0.2292692080817225,,,,,29,,,,,,,,0.19267763250101216,,0.017692575447468092,,,,,,,,,,,,0.06921789592180763,,,,,,,,,,0.10155733911773501,,0.10580947150251795,,,,1.5,,0.3741707792453385,,,,,,0,,,,,,,,,-0.07622163261179654,,,,,,,,,,0.4274271602553207,,,,,,,0.34081565935189917,0.43332555238110776,,,,,,,,,,-0.1315494227260777,,0.3488580259515719,,,,,,,,,,,0.5063935674439477,,,,,,,,,,,,,,,,,,,,,,,,,,,,0.181983784567114,,,,0.23731157468139516,,,,,,0.3497975180009879,0.5510275096243307,,,,,,,,,,,,,0.581116569982712,,,,,-0.08691548054569471,"[-0.03012396924909874, -0.3199221622578129, -0.11273287625679448, -0.2588734354761315, 0.03012396924909874, 0.3199221622578129, 0.11273287625679448, 0.2588734354761315]",,"[-0.22266963326299552, -0.40715995977291464, -0.06124822696419697, -0.2365781709550628, 0.22266963326299552, 0.40715995977291464, 0.06124822696419697, 0.2365781709550628]",,,,0.5144359340436204,,,0.062326517627851075,0.441977081740067,,,,,,,,,,"[-0.1916329164673905, -0.4286561051176885, -0.008743633824858, -0.2160974273551882, 0.19163291581567493, 0.4286561045538336, 0.008743633655428221, 0.2160974298060397]",,,,0.06496576353702468,,,,,,,,,,,,,,,,,,,,,,0.4355134636341226,,,0.3634769313114403,,,,3836.03348881,,,,,,,,,,,0.2935302358372907,,,,1.6000000000000005,"[-0.2217405870355378, -0.4100292970088368, -0.04838967749320717, -0.23388217035519973, 0.2217405870355378, 0.4100292970088368, 0.04838967749320717, 0.23388217035519973]",,,,,,,,,,,,,,,,,,,,,,,,,,0.3417551514013152,,,,,,,,,,0.10959970571740768,,,,,,,,,,,,,0.061175529322134964,,,0.05428415102817841,,,,,,0.536482627802329,,,1,,,,,,,,,,,,,,,,,,,0.09616244932288977,0.051528507142506785,,,,,,,,,,0.39708294151559637,,,,,0.5918104179166102,,,0.3863890935816982,0.11650331943641612,,,0.30422408377118887,,0.41880472142572145,,,,,,,,,,,,,,,,,,0.006998727513569919,,,,,,,,,,,0.05957087374217945,,0.5617213575582289,,,,,,1727300136.8552253,,,,,,,,0.5445249944020017,0.41076235482604884,0.05427191560312652,5,,,,,,,,-0.12350705612640503
,0.16869982864436783,,,,,,0.16097309967513962,,,,,,,,,,,0.06452073662460306,,,,,,0.08272301543116051,,,,0.15239889274805918,,,,0.16973877598118753,,0.16437453151041354,30,,,0.016600631651077932,0.09511744974070549,,,,,,,,,,,,,,,,,,,,,,,,0.29972752825773646,,,,,,,0.06861039011877698,,,1.4,,,,,,,0.1423539581672857,0,,,,,,,,,-0.0870783396616349,,,,,,,,,,0.5522401604928932,,,0.12605108942508286,,,,,0.5567391523623103,,,,,,,,,,-0.09140363679558923,,,,,,0.24262461575439265,,,,,,0.008420171975271257,,,0.13844552373462787,,,,,,,,,,,0.09581398887116273,,,,,,,,,,,,,,,,,,,,,,,,,,,,,,,,,,,,0.09086853994757936,,,,,,,,-0.16532842390561403,"[-0.2247094474893724, 0.03891903940934225, 0.1089900800684078, -0.051743094033155954, 0.2247094474893724, -0.03891903940934225, -0.1089900800684078, 0.051743094033155954]",,"[-0.14824251617688727, 0.02550440400533002, -0.015246804619625211, -0.11415547851550485, 0.14824251617688727, -0.02550440400533002, 0.015246804619625213, 0.11415547851550485]",,0.06550461513475354,,,,,,0.5875597762004424,,,,,,,,,,"[-0.09986695122639783, -0.07472500895380033, -0.24606468247437194, -0.1294077324350573, 0.09986695112615286, 0.07472501094522739, 0.24606468215161817, 0.12940773281486545]",,,,,0.2338718783233023,,,,,,0.012745469109225582,,,0.15664780254118532,,,,,,,,,0.0914886917372084,,,0.5726262244416374,,,,,0.23023018144484766,,3986.83493109,,,,,0.08654324281362503,0.2162787452773105,,,,,,,,,3.300000000000002,"[-0.09427345343508596, -0.046563774916065, -0.22661208986915865, -0.13610253968252528, 0.09427345343508596, 0.046563774916065, 0.22661208986915865, 0.13610253968252528]",,,,,,,0.056215955809232,,,,,,,,0.06019543949064873,,,,,,,,,,,,,,,,,,0.3121219625672814,,,,,,,,,,,,,,,0.044929721149401886,,,,,,,,,,,,,1,,,,0.16479332705760416,,,,,,,,0.15474839247683067,,,,,,,,,,,,,,,,,,,,,,,,,,,,,,,,,0.1344660400532111,,,,,,,,,,0.2206040424112648,,0.020925928785032258,,,,,,,0.1301407429192568,,,,0.15734434167164255,,,,,,,,,,,,,1727300287.6566646,,,,0.23819717545725666,,,0.05732415545894687,,,,6,,,0.05311018082520856,,,,,-0.15293398959606905
,,,,,0.2546461519140805,,,,0.2157926380423098,,,,0.22025719896968748,,,,0.12601838540553517,,,,,0.07138695093174231,,,,,,,,,,,,,31,,,,,,,,,,,,0.3889465709928471,0.03232038567293466,,,,,,,,,,,,,,,,,,,,,,,,,1.1,,,,0.18134667622321093,,,,0,,,,,0.07191917696004667,,,,-0.0325709579874366,,,,,0.07848360929680792,,,,,0.50729671635716,0.39190613563247245,,,,,,,0.506470558335259,,,,,,0.11845124152289378,,,,-0.03310318401574096,0.05014415721173744,,,0.039630095425037176,,,,,,,,,,,,,,,0.3969519676152644,,0.2551783779423849,,,,0.38947879702115146,,,,,,,,,,,,,,,0.04524702777784753,,,0.05255673752995005,0.20547431862347196,,,,0.21521136698689552,,,,,,,,,,,,,,,,,,,,,,-0.2165754363851161,"[0.1369004393583425, -0.03710420103121445, -0.2074218557919067, -0.16686597348037333, -0.1369004393583425, 0.03710420103121445, 0.2074218557919067, 0.16686597348037333]",0.22925150617552703,"[0.1363242303325146, -0.03689327949224887, -0.20788946277081286, -0.16620271213740248, -0.1363242303325146, 0.03689327949224887, 0.20788946277081286, 0.16620271213740248]",,,,,,0.11898346755119814,,0.5078117225263377,,,,,,0.0506763832400418,,,,"[-0.09728444886363931, 0.0011484000574115442, -0.33939971708693234, -0.21740870621562813, 0.0972844488636422, -0.0011484000533518322, 0.33939971717845, 0.21740870688940114]",,0.399215845384575,,,,,,,0.29514601016847075,,,,0.11208530143763282,,0.40426167736736696,,,,,,,,,,,0.5077842115438558,,,,,,,4126.245672708,,,,,,,,,,,,0.21632486407061413,,,9.899999999999983,"[-0.09741851110201655, -0.006493913835285487, -0.3240457517256384, -0.19745840585038996, 0.09741851110201655, 0.006493913835285487, 0.3240457517256384, 0.19745840585038996]",,,,,,,,,,,,,,,,0.21278402837557447,,,,,,,,,,,,,0.0711738995447054,,,0.1047755916855303,,,,,,,,,,,,,,,,,,,,,,,,,,,,,1,,,,,,,,,,,,,,,,,,,,,,,,,,,,,,,,,,0.2207894249979918,,,,,,,,,,,,,,,,,0.1333280951576377,,,,,,,,,,,,,,0.3580414448687879,,,,0.3024557199205733,,,0.18187890225151532,,0.21574359301519985,,,,,,,1727300427.0673892,,,,,,0.22871928014722265,,,,,7,,0.3653511546208904,,,,,,-0.20926572663301357
,,,,,,0.38289982158897634,,,,,,,,,,,,,,,,,0.07840762533617997,,,,,,0.1483275642449243,,,,,,32,,,,,,,0.14516548117639433,,,,0.1762268230929303,,,,0.07010004522273859,,,0.1362213219187944,,,,,0.11956820880226773,,,,,,,,,,,,,,,7.7,,,,,,,,0,,0.5255643753928194,,,,0.7284066590166646,,,0.06981645468603667,,,,0.48440379192673166,,,,,,0.5142100777549117,,,,,,,,0.5396433574464365,0.18453440320637166,,0.08042630832198513,,,,,,,0.11928461826556581,,,,,,,,,,,,,,,,,,,,,,,,,,,,,,,,,,0.0835883913905151,,,,0.14452890203223578,,,,,,,,,,,,,,,,,,,,,,,,,,,,,,,,0.07297853775456664,"[-0.18595653689701505, -0.1304729957189164, 0.36993186833952335, -0.29117594652212225, 0.18595653689701505, 0.1304729957189164, -0.36993186833952335, 0.29117594652212225]",,"[-0.06465194410390399, -0.02656670949106739, 0.3243013489410718, -0.27056877478464114, 0.06465194410390399, 0.02656670949106739, -0.3243013489410718, 0.27056877478464114]",,,0.6789384954371355,,,,,0.5398842840152122,,,,,,,,,,"[0.0766777916628574, 0.0660285987851438, 0.06906286651893266, -0.19963485174621004, -0.07667779169164624, -0.06602859878666817, -0.06906286653539445, 0.1996348517242454]",,,,,,,0.4760962118132903,,,,,,,,,0.06103910037406324,,0.21263147211721212,,,,0.2209390522306535,,,,0.527098585720932,,,,,,0.6821005785056654,4265.579596235,,,,,,,,,,,,,,,3.0000000000000018,"[-0.170740587849682, -0.11749510943135655, 0.3698503358931076, -0.2866093779469131, 0.170740587849682, 0.11749510943135655, -0.3698503358931076, 0.2866093779469131]",,,,,,,,,,0.4292059020999755,,,,,,,,0.12989447190151426,,,,,,,,,,,,,,,,,,,,0.22569498667245944,,0.47925829488182026,,,,,,,,,,,,,,,,,,,,,1,,,,,,,,,,0.6872460755505768,0.14001998413148292,,0.07326212829126856,0.08873388843542651,0.06618459741897464,0.2157935551857421,,,,,,,0.2620996356967413,,,,,0.18568948549832354,,,,,0.06934668048750461,,,,,,,,,,0.01987851690797547,,,,,,,,,,,0.13938340498732438,,,,,,,,,,,,,,,,,0.17938890616146025,,,,,,,,,,1727300566.4013543,,,0.09885940066539516,,,,,,,,8,,,,0.38804531863388775,,,0.37973773852044634,0.07812403479947805
,,,,0.3205640006249849,,,,,,,,,,,,,,,,,,,,,,,0.09263282502076174,,,,0.04032667533760235,,,,33,,0.379391346707616,,,,,,,,,,,,,,,,,,0.08224874140726922,,,,,,,,,0.17267599632932074,,,,,,,,0.09537897556885316,2.1,,,,,,,,0,,,,,,,,,0.15994716355293281,0.03970140391720378,,,,,,,,0.22520164157999073,0.49115862756044026,,,,,0.015335804260294184,,,0.47957179512067355,,,,,,,,,,-0.033235282620649204,,,,,,,,,,,,,,,,,,,,,,,,,,,,,,,,,,,,,0.23038925086433182,,,,,,,,,,,,,,,,,,0.36692605396101885,,0.3309222554932931,,,,0.3720966995449859,,,,,0.03140007257693759,,,,-0.02806463703668209,"[0.19778526202386762, 0.181692865186389, 0.12597072508072008, 0.160495450163018, -0.19778526202386762, -0.181692865186389, -0.12597072508072008, -0.160495450163018]",,"[-0.019754126168434836, 0.2104586192429907, -0.0458210670524446, 0.16962524322973244, 0.019754126168434836, -0.2104586192429907, 0.0458210670524446, -0.16962524322973244]",,,,,,,,0.47311366080533823,,,,0.19656715540234215,,,0.09019136628451206,0.10057544989800457,,"[-0.03239288032226403, 0.2400937049535992, -0.023886804517713918, 0.1609902747875384, 0.03239288034262544, -0.2400937036187894, 0.02388680688501104, -0.16099027589687967]",,,,,,,,,,0.10054962115282028,,,,,,,,,,,,,,,,0.482825525549716,,,,,,,4406.707688765,,,,,,,,,,0.19137954611800106,,,,,1.8000000000000007,"[-0.0013814268488858276, 0.2043109048766922, -0.04268510851317883, 0.17073772136614637, 0.0013814268488858276, -0.2043109048766922, 0.04268510851317883, -0.17073772136614637]",,,,,,0.13773980931971114,,,,,,0.14312278738807002,0.050059658785511996,,,,,,,,,,,,,,,,,,,,,,,,0.18620890053403394,,,,,0.3617384446766777,,,0.32575160990932606,,,,,0.0365876818612787,,,,,0.08743635069161032,0.04488901320154488,,,,,1,,,,,0.17891425337140393,,,,0.16748838704497962,,,,,,,,0.2194118731665525,0.035156029753635236,,,,,,,,,0.09260699627557745,,0.026229426992970477,,,,,,,,,,,,,,,,,,,0.04237745027471693,0.17784664191328783,,,0.029968420469294134,,,,,,,0.15285577083597968,,,,,,,,,,,,,,,,,,,,,0.23555989644829894,1727300707.5293877,,,,,,,,,,,9,,,,,,,,-0.022877027752340986
,,,,,,,,,,,,,,,,0.19323116724930528,,,,,,,,,,,,,,,,,,,34,0.048060465974819125,,,,,,,,,,,,,,,,,,,,,,,,,,,,,,0.08204463323174731,,,,,,,2.0,,,0.11715000953266175,,,,,0,,,,,,,,,-0.04548536480751231,,,,,,,,,,0.4452704399590915,,,,,,,,0.4750648679509425,,,,0.006407531455598359,,,,,,0.019324137944264918,,,,,,,0.05234050678088452,0.14194133393393488,0.02636168761628229,,,,,,,,,,,,,,,,,,,,,0.17491751502892677,,,,,,0.6328663303062529,,,,,,,,,,,0.28840278378244155,,0.5696653432383467,,,,0.1791975558349922,,,,,0.09074539114764651,,,,,0.535713407703008,0.1615457347283339,,,,,,0.08137168424659535,"[9.61327412623474e-5, -0.19412050323293562, -0.08774328893375373, 0.26655071575950634, -9.61327412623474e-5, 0.19412050323293562, 0.08774328893375379, -0.26655071575950634]",,"[-0.023741319808500562, -0.15187035278486377, 0.05647189454627671, 0.26616587581806184, 0.023741319808500562, 0.15187035278486377, -0.05647189454627671, -0.26616587581806184]",0.055640014846732075,,,,,,,0.481081538566877,,,0.08840923391861273,,0.5308217045816126,,,,,"[-0.012049879226085284, -0.12406686701714238, 0.15635932446706186, 0.23482900392040534, 0.012049879227859592, 0.12406686666181883, -0.1563593244826021, -0.23482900389627637]",,,,,,,,0.07713183118215765,,,,,,,,,,,0.22293529370016807,,,,,0.07776459242568191,,0.4631126791367561,,,,0.015084284879827214,,,4548.212251862,,,,0.11223720748307209,,,,,,,,,,,1.5000000000000004,"[-0.021930182492652786, -0.16601555643195567, -0.010216460623816958, 0.3073589811677102, 0.021930182492652786, 0.16601555643195567, 0.010216460623816958, -0.3073589811677102]",,0.1204495175985093,,0.6576787536357203,,,,0.592869250883943,,,,,,,,,,,,,,0.5345599669374322,,,,,0.008743688684632146,,,,,,,,,,,,0.11286996872659635,,,,,,,,,,,,,,,,,,0.25869865733157876,,0.03844781513549493,,1,,0.32008821630341294,0.5993694696892095,,,,,,,,,,,,,,,,,,,,,,,,,,,,,,,,,,,,,0.4725124206351018,,,,,,,,,,,,,,,,,,,,,,,0.2580406700010825,,,0.5977609540053385,,,,,,,,,,0.22359328103066434,,,0.6279746271848574,,1727300849.0339704,,0.6625704567571157,,,,,,,,,10,,,,,,,,-0.01578123835664952
0.029366814017200243,,,,,,0.1639854604668476,,,0.1770689246566432,,0.11567555985625087,,,,,,0.4476669670390514,,,0.19329041065039354,,,,,,,0.3438327564095909,,,,0.01612835135887699,,0.3271102937490651,,35,,,0.02004819165316538,,0.007468811632977974,,,,,,,,0.20309923644690137,,,,,,,,,,,0.0327745106627642,,,,,0.13273430589982865,,0.3123835207916632,,,,,,0.3175936136629695,2.2,,,0.2671074588192658,,,0.055605956763821573,,0,0.2360476814889754,,,,,0.38490473072773673,,,0.027657705338069914,,0.30786454356692583,,,,,,,,0.4952185668808205,0.2741295823009937,,,,0.10649516315320731,0.046852435852095885,,0.490868719424549,,0.42061084468465854,,0.011088961716005222,,0.49190159346755724,,,,0.027448874381706755,0.402390905066654,,0.23877530357915416,0.22234498662904068,0.21952955339701485,,0.2668986278629026,0.41359381009770435,0.4757857658423598,,,,,,,,0.26228682423559674,,,,,0.28162540082030446,,,,,,,,,0.28183423177666767,,,,,0.08910665305530052,,,,,,0.14170587164650905,,,,,,0.22864468937223312,,,0.10256891709268429,,0.29313777060952395,0.01177693854916131,,0.0013675429233352687,,0.030334711898144507,,,,,0.06986090287316124,,,,,,,0.0014185625914485828,"[0.018826538609912107, -0.0052368431417864365, 0.036871929167479535, 0.0504436847841833, -0.01882653860991211, 0.0052368431417864365, -0.036871929167479535, -0.0504436847841833]",,"[0.019266956782371142, -0.002697229887957693, 0.03587144105534754, 0.05579602073374246, -0.019266956782371142, 0.002697229887957693, -0.03587144105534755, -0.05579602073374246]",0.01494135007425295,,0.38469589977137353,,,0.49169276251119404,,0.5106137104661107,,,0.44975545405210166,,,0.4021820741102908,0.29834786348083026,,,"[0.11762703652107083, -0.02848707039213567, -0.11258839198932229, 0.1317296324055226, -0.11762703652107083, 0.02848707039213567, 0.11258839198932229, -0.1317296324055226]",0.013528760480624912,0.25488383211885446,,,,,,0.41380264105406755,0.4464167005387966,0.3436239254532277,,,,,,,,,,0.03801608129578264,,,,,,0.507246508543985,,,,0.4398329528443257,,0.4109350425179949,4691.804811414,0.012710382265996419,0.010121063835060957,0.4013650945025193,0.459078703026465,,,0.23625651244533855,,0.1419147026028722,,,0.17686009370028005,,,8.299999999999988,"[0.03830936312225308, 0.016609896337791627, -0.07195011779098968, 0.1566667832205511, -0.03830936312225308, -0.016609896337791627, 0.07195011779098968, -0.1566667832205511]",0.09642980967411159,0.015150181030616109,0.4466411564749167,,,,,,,0.13795514867658942,,,,,,,,,0.1934992416067567,,,,,,,0.05729285512028683,0.4305097038699624,,,,,,,,,,,,,,,,,,,,,0.025227870319232078,,,,,,0.01250155130963326,,,,,0.475994596798723,,2,0.0276066856699566,,,,,,,,0.15198005608196793,0.43018079270013415,,,,,,,,0.00990196043138118,,,,0.281532574417736,,,,,,,,0.05708402416392368,0.4468499874312799,,,,,,,0.083323166910545,,,,,,,,,,,0.10670399410957046,,0.42842121685691215,0.029147710613520464,,,,,0.02025702260952854,0.0015763738796984277,0.016337182315240152,0.05539712580745841,,,,,,0.04383059108290307,,,0.46566245072093587,,,,,0.22885352032859627,,,,,,,1727300992.6263163,,0.04362176012653991,,,,,0.0059821201370927925,,,,1,,,,0.1832312106489869,,0.03780725033941948,0.13774631772022627,-0.017827187590690702
,,,,0.20589485950912434,,,,,,,,0.17006216996493934,,,0.07927746736437558,0.40607992119076497,,,0.1292861523022682,,,0.017243510375580952,0.19899017560030846,,,,,,0.42210413018958887,0.3846203422231998,,0.22180498318967065,,,36,,,,,,,0.47298133142181015,0.4343332365173239,0.18016335353448948,,,,,0.4897735707178807,0.20015448253840562,0.11311646810085738,,0.5833193858923718,,,,,0.19204013842752093,,0.4470107135965441,0.1811774332194246,0.11478060326540437,,,0.053612409605713854,,0.020238726826854347,,,,0.44006067642375657,,4.7,0.42183893672755735,,,,,,,0,,,0.0050215253102439406,,0.025357854486465638,,,0.2052362742591391,0.061761656899802564,,,,,,,0.10500212398997269,0.15587932522219397,0.14297117407465243,0.47844227100538417,,0.18001312628132746,,,,,,0.49771994045331763,,,,,0.10616643092806984,,0.12729931284360274,,,0.05364731278891788,,,,,,,,,,,,0.21052676252669572,,0.17899904659639235,,0.013135869421128626,,,,,,,,0.029564573070251426,,0.2645678403110072,,,,,,,0.05589872654246523,,0.1730630891085399,,0.09325827978052831,0.5821550789542747,,,0.38345603528510264,,,,0.3915703793959873,0.11594491020350152,0.18668513459467617,,,,,,,,0.07174030914482421,,0.19894482233633679,,,,0.0289774520234876,,,0.1358079333624549,,,,,0.10783056609261683,0.010884455667581276,"[0.13530715406235364, -0.012230100165134988, -0.013455126910197386, 0.03429948195826434, -0.13530715406235364, 0.012230100165134988, 0.013455126910197386, -0.03429948195826434]",,"[0.09424904818767338, -0.02877757366968368, 0.013997945845357955, 0.08619800642060144, -0.09424904818767338, 0.02877757366968368, -0.013997945845357955, -0.08619800642060144]",,0.16776390540535913,,,,,,0.5056173064721872,,,,,,,,,,"[0.0822008190589398, -0.053505772317793174, -0.054536419077348554, 0.011714364648502716, -0.0822008190589398, 0.053505772317793174, 0.054536419077348554, -0.011714364648502716]",,,,0.029474167467269795,,,,,,,0.2186411066375804,0.06506770897128022,0.02551934674575565,,,0.05385098812646996,0.1303002319872033,,0.4049156142526678,,0.1203492756708152,,0.27268218442189196,,0.1720490094236048,0.49406632166164394,,,,,,,4835.966621305,,,,,,,,,,,,,,,3.7000000000000024,"[0.10840959521671764, -0.02729627786755003, 0.013219184316942491, 0.0852890545801853, -0.10840959521671764, 0.02729627786755003, -0.013219184316942493, -0.0852890545801853]",,,,,0.00389951531158971,0.20705916644722147,,,0.054776716543811,,0.02840026613215428,,,,,,,,,0.46460179384889394,,,,0.20407196732104194,,,,,,,,0.024193547548368492,,,0.4388963694856594,0.013288689654066807,,,,,,0.02202741485070006,,,0.1561819652150002,,,,,,,,,,,,0.18552082765657904,,,,2,,0.3552027199585437,,,0.020863107912602916,,,0.11918496873271806,,,0.423268437127686,,0.14927728130618434,,0.10356388242059411,,,,,,,,,,,0.04666237243292631,,0.5752050417814871,,,,,0.052686681188372816,,,,0.41372459261667266,,,,0.4148888995547698,,0.0608010252992575,,,,0.006185832248341086,0.1441354810127496,,0.1971219301482544,,,,0.5324421846601505,,,,,,,,,0.3979655770798803,,,,,0.2715178774837948,,,,,,,,0.17857079048379149,,,,0.1360211369018649,1727301136.7880359,,,0.43021847430047355,,,,,,,0.021403033764951493,2,0.15435907302691781,,0.21747679969948325,,0.03651461024303897,,,0.06059734996170542
,,,0.18918458162403246,,0.1071681315484942,,,0.11761515638187359,,0.31040975139580607,,,0.18487662175034825,0.003315363689369785,,,,,,,0.15567614168312882,,,,,,,,,,,,,,37,0.28293672080421184,0.0684228916642451,,,,0.1214707062816327,,,,0.33233563963430723,,,,,,,,,0.22018716391251797,,,,,,,,,,,,,,0.1306275413840246,,0.25814617967741554,,,2.0,,0.022918298933122874,,0.15044273683354162,,,,0,,0.34120564730276676,,,,,,,-0.024887029477497224,0.020092900320152894,,,0.317921677398408,0.13045210145285296,0.09414632874044254,,,,0.49334753304498263,,,,,,,,0.47957828061981034,,,,,,,,,0.08113394373829153,-0.011874644475346204,,,,,,,,,,,0.19834141672642436,,0.03260537909685373,,,,,0.10845832127948168,0.195148206652556,,0.12018051655064522,,,,,,,0.11963741502309427,0.2713325521376905,0.21522284546181206,,,,,,,,,,0.3134624899336057,,,0.3709047803737977,,,,,,,0.29739736639365505,,0.04812088124769706,,,,,,,,0.1716407573914073,,,,,0.04417384880875844,,0.14540455678092107,,,-0.092600904819897,"[-0.08009975193617963, -0.11421098522718272, 0.011907151151714632, -0.10284896709564144, 0.08009975193617963, 0.11421098522718272, -0.011907151151714632, 0.10284896709564142]",0.38117636527600546,"[-0.05832047426151485, -0.12468730112048197, 0.02568636650124962, -0.07942929981854452, 0.05832047426151485, 0.12468730112048197, -0.02568636650124963, 0.07942929981854452]",,,,0.00932140919249496,,,0.41306189997885806,0.39990673954173145,,,,0.07869447656645284,0.31810854120233983,,,,,"[-0.060840060792836534, -0.17728119739711434, -0.12352769402976366, 0.07130928787592515, 0.060840060792836534, 0.17728119739711434, 0.12352769402976366, -0.07130928787592515]",,,,,,0.23319954891466899,0.32819326230061574,,,,,,,,0.25259049709274806,,,,,,,,,0.2726651359020041,,0.44711848029933915,0.22908304783159933,,0.044795576409276894,,,,4979.820475799,,,,,,,,0.335627596975998,,0.13613676700664487,,,,0.14835678748704853,3.400000000000002,"[-0.039493978219389166, -0.15628384775470233, -0.031163496077238163, -0.031853211450377276, 0.039493978219389166, 0.15628384775470233, 0.031163496077238163, 0.031853211450377276]",,,,0.2503946658599401,,,0.20070388923722352,0.23738228085778904,,,,0.009821315417945143,0.0031910695842058776,0.20991557901031022,,,,,,,0.2679137216335982,,,,0.2610609672354827,,,0.21311843212332085,0.187894391893045,,0.13239217177877005,,,,,,0.05541050666209408,,0.29594910580636286,0.26047938695821593,0.1770797054632863,,0.1044179136426503,,,0.2871257814914473,,,,,,0.3897779300744993,0.16136917248919955,,,0.07753519076034492,,0.12490010915330924,,0.13174229118384045,2,,,,,,0.3287748425778825,0.0963534451187355,,,,,,,,,,,,0.07102923903176955,0.009697021312781235,,,,0.14089912628623236,,,,,,,,0.2480485822333317,,0.17186423674819723,0.1118877241511582,0.1618602040828423,,,,,,,,0.05780796141142792,0.2684177645796233,0.22968349105125527,,,,,,,,,,0.1524732885701182,,,,,0.10936583012088653,0.40004951497670704,,0.2814301495817743,0.16071432173574937,,0.278185306535806,,,,,0.1374303518313906,0.013586948591577535,,0.01959299409470271,,,,0.26066625076214783,,1727301280.6421013,,,,,0.2549013366314472,0.3941887502781565,,0.10161613924895047,0.03452399150706915,,3,,0.2181566121759414,,,,,,-0.035158614379704974
,0.2873459743092233,0.051860171300299136,,,,,0.21861292630743762,,,,,,,,,,,0.0027228563004942433,,,,,,0.15048617827839117,0.3378089895670358,0.03529928278747191,,0.1451793388534946,,,,,,0.30390686282205054,38,,,,0.21885268051567008,,,,,,,0.07103504115538398,0.15115001444596096,,,,,0.035539036995704376,,,0.027897796131201944,0.19996704098082085,0.1898494794744236,,,,,,0.5065272576269083,,,,,,0.12148297723714471,,,,2.1,,,,,0.2821877391225261,,0.0626081810321204,0,,,,0.5407300518787624,,,0.26833354321809977,,-0.023348483322080827,,,0.021312048406367214,,,,,,,0.4947700415453026,,,0.013598278004100517,0.01782792353497272,,,0.04494476519135131,0.508483068780298,0.07079528694715151,,0.22897266314828152,,,,,0.2694424873297569,,-0.03990937183490805,,0.06126589949594607,,,,0.372033610851097,,,,0.21406099109347965,,,,,0.0819647802413794,,,,,0.5572909403915897,,,0.25689031419297215,,0.13458912593313374,,0.27345120270579937,,,,,0.2732114484975669,,0.29709941117732797,,,,,0.09649069421849714,,,,,0.0664623779040873,,,,,0.13785051748895033,,,,,,,,,,0.5101050069884662,,,0.16150047315808935,,,,0.10471783174504809,,0.35413012387163056,,0.0447782647069656,"[-0.03830583832678253, 0.08593074028916496, -0.00911328304444002, 0.00996277804439568, 0.03830583832678253, -0.08593074028916496, 0.00911328304444002, -0.00996277804439568]",,"[-0.054766220565277364, 0.0761201162734415, -0.02561024071596159, 0.02638314589670939, 0.054766220565277364, -0.0761201162734415, 0.025610240715961588, -0.02638314589670939]",,,,,0.42541737044659256,,,0.4876311833603394,0.047054453830911676,0.5570511861833572,,,,,,0.02765804192296948,0.03282746524157452,"[0.04226559036022451, 0.05440342528231359, 0.04723891845507143, 0.045623612740473767, -0.04226559036022451, -0.05440342528231359, -0.04723891845507143, -0.045623612740473767]",,,0.018067677743205186,,0.5062875034186758,,,,,,,,,0.23517381482026484,,,,0.3627180629990844,,,,0.36295781720731685,,,,0.4904356222238927,,0.08619442577225161,,,0.30366710861381807,,5126.077871845,,,,,0.14493958464526213,0.022079455509753248,,,,,0.04470501098311884,,0.0015067892303779612,,6.799999999999993,"[-0.03425007509769572, 0.011534729162979124, -0.012558375605421836, 0.09034021121792528, 0.03425007509769572, -0.011534729162979124, 0.012558375605421836, -0.09034021121792528]",,,,,,,,,,,,,,,0.013838032212332981,0.13482888014136618,0.28242749333075856,0.2124117746354543,,,,0.1541716517935451,0.011803057676623485,,,,,,,0.49378387268387147,,,0.4381607553896294,0.33756923535880334,,,,0.05447415264255675,,,,,,0.2987486276353533,,,0.20020679518905332,,0.20617061377901838,0.17308433398232698,0.08016955991390237,,,,0.040468706106076946,,,,,,2,,,0.1376107632807179,0.07681283661621569,,,,,,,,0.005758321205158488,,0.22873290894004905,,0.29459131497003793,0.17284457977409454,,,,0.02107229419813475,,0.3792789515119116,,0.03763318271096198,,0.04421893043579671,,0.18940546828692176,,,,,,,,,,0.18960972526619116,0.06948401525167144,,0.023421737045927586,,,,,,,,,,,0.07992980570566992,,0.005518566996926023,,,,,,,,,,,,,,,0.493544118475639,0.1391617891844304,,,,,,0.3415779507348458,0.625417688420636,,,1727301426.899447,0.1836459066762261,,,0.522848391931503,,,,,,,4,,,,,,,,-0.02358823753031329
