experiment_score_h.17.0,experiment_score_1.51.0,experiment_score_t.93.0,experiment_score_10.12.0,experiment_score_10.5.0,experiment_score_h.2.0,experiment_score_h.46.0,experiment_score_t.36.0,experiment_score_10.30.0,experiment_score_10.99.0,experiment_score_10.57.0,experiment_score_t.74.0,action_judgement_consensus_1,experiment_score_1.98.0,experiment_score_10.39.0,experiment_score_10.40.0,experiment_score_t.11.0,experiment_score_t.47.0,experiment_score_10.10.0,experiment_score_t.59.0,experiment_score_1.93.0,experiment_score_10.36.0,experiment_score_10.22.0,experiment_score_1.44.0,experiment_score_t.95.0,experiment_score_10.98.0,experiment_score_t.40.0,experiment_score_1.3.0,experiment_score_1.87.0,experiment_score_1.91.0,experiment_score_t.70.0,experiment_score_h.24.0,experiment_score_1.16.0,experiment_score_1.82.0,experiment_score_h.64.0,experiment_score_h.79.0,experiment_score_h.15.0,experiment_score_10.45.0,experiment_score_h.67.0,experiment_score_10.64.0,experiment_score_1.67.0,experiment_score_10.43.0,experiment_score_h.86.0,experiment_score_10.37.0,experiment_score_t.18.0,experiment_score_10.2.0,experiment_score_10.81.0,experiment_score_t.92.0,experiment_score_10.20.0,experiment_score_1.54.0,experiment_score_h.28.0,experiment_score_t.38.0,experiment_score_h.9.0,experiment_score_10.42.0,experiment_score_t.68.0,action_judgement_consensus_t,decisions_t,experiment_score_10.27.0,experiment_score_10.35.0,experiment_score_1.42.0,experiment_score_t.82.0,experiment_score_1.81.0,experiment_score_h.62.0,experiment_score_t.75.0,experiment_score_10.11.0,experiment_score_h.55.0,experiment_score_h.72.0,experiment_score_h.90.0,experiment_score_1.62.0,experiment_score_1.28.0,experiment_score_h.40.0,experiment_score_h.77.0,experiment_score_10.21.0,experiment_score_t.81.0,experiment_score_1.94.0,experiment_score_h.52.0,experiment_score_h.98.0,experiment_score_1.72.0,experiment_score_h.36.0,experiment_score_t.94.0,experiment_score_10.14.0,experiment_score_h.18.0,experiment_score_1.89.0,experiment_score_h.81.0,experiment_score_t.6.0,experiment_score_t.85.0,experiment_score_h.99.0,experiment_score_h.13.0,experiment_score_t.98.0,experiment_score_h.96.0,experiment_score_t.54.0,experiment_score_h.44.0,experiment_score_1.92.0,experiment_score_1.9.0,experiment_score_h.69.0,experiment_score_10.62.0,experiment_score_t.42.0,experiment_score_1.19.0,experiment_score_h.38.0,experiment_score_10.16.0,experiment_score_1.27.0,experiment_score_t.97.0,experiment_score_t.87.0,experiment_score_h.10.0,experiment_score_t.19.0,experiment_score_h.34.0,experiment_score_10.47.0,experiment_score_10.4.0,experiment_score_10.53.0,experiment_score_10.17.0,experiment_score_h.11.0,experiment_score_1.47.0,experiment_score_10.52.0,experiment_score_1.39.0,experiment_score_10.31.0,experiment_score_t.62.0,experiment_score_t.89.0,preference_consensus_h,experiment_score_t.44.0,experiment_score_h.7.0,experiment_score_t.69.0,experiment_score_h.42.0,experiment_score_10.56.0,experiment_score_t.23.0,experiment_score_1.13.0,experiment_score_10.46.0,experiment_score_t.28.0,experiment_score_1.85.0,experiment_score_10.95.0,experiment_score_10.85.0,experiment_score_t.34.0,experiment_score_h.59.0,experiment_score_1.63.0,experiment_score_10.32.0,experiment_score_10.0.0,action_judgement_consensus_10,experiment_score_10.76.0,experiment_score_t.55.0,experiment_score_t.39.0,preference_consensus_1,experiment_score_t.88.0,experiment_score_10.25.0,experiment_score_10.7.0,experiment_score_10.50.0,experiment_score_t.43.0,experiment_score_1.61.0,experiment_score_h.54.0,experiment_score_h.33.0,experiment_score_h.68.0,experiment_score_h.45.0,experiment_score_h.84.0,experiment_score_t.41.0,experiment_score_h.58.0,experiment_score_1.5.0,experiment_score_h.57.0,experiment_score_10.26.0,experiment_score_1.58.0,experiment_score_10.77.0,experiment_score_h.37.0,experiment_score_h.76.0,experiment_score_h.61.0,experiment_score_t.22.0,experiment_score_t.53.0,experiment_score_t.73.0,experiment_score_t.52.0,experiment_score_t.35.0,experiment_score_h.82.0,experiment_score_h.83.0,experiment_score_10.58.0,experiment_score_t.2.0,_runtime,experiment_score_10.82.0,experiment_score_h.49.0,experiment_score_10.49.0,experiment_score_1.26.0,experiment_score_1.8.0,experiment_score_t.91.0,experiment_score_1.29.0,experiment_score_h.66.0,experiment_score_10.73.0,experiment_score_t.32.0,experiment_score_t.96.0,experiment_score_t.46.0,experiment_score_1.76.0,experiment_score_1.43.0,experiment_score_1.55.0,experiment_score_h.12.0,experiment_score_10.80.0,experiment_score_t.9.0,experiment_score_1.60.0,experiment_score_t.99.0,experiment_score_1.37.0,experiment_score_10.1.0,experiment_score_t.60.0,experiment_score_h.14.0,experiment_score_10.65.0,experiment_score_t.67.0,experiment_score_10.59.0,experiment_score_t.4.0,experiment_score_t.5.0,experiment_score_10.93.0,experiment_score_1.2.0,experiment_score_h.48.0,experiment_score_t.63.0,experiment_score_h.0.0,decisions_h,experiment_score_h.20.0,experiment_score_1.22.0,experiment_score_10.41.0,experiment_score_1.15.0,experiment_score_1.36.0,experiment_score_1.0.0,experiment_score_1.97.0,experiment_score_t.29.0,experiment_score_h.51.0,experiment_score_t.16.0,experiment_score_1.65.0,experiment_score_10.51.0,hcva_point,experiment_score_h.30.0,experiment_score_t.17.0,experiment_score_1.74.0,experiment_score_h.27.0,experiment_score_1.83.0,experiment_score_h.94.0,experiment_score_t.45.0,experiment_score_t.79.0,experiment_score_1.78.0,experiment_score_1.84.0,experiment_score_1.69.0,experiment_score_1.50.0,experiment_score_h.80.0,experiment_score_10.69.0,experiment_score_h.65.0,experiment_score_10.88.0,experiment_score_h.1.0,experiment_score_10.84.0,experiment_score_1.99.0,experiment_score_t.84.0,experiment_score_h.95.0,experiment_score_10.78.0,experiment_score_t.8.0,experiment_score_h.31.0,experiment_score_h.53.0,experiment_score_t.80.0,experiment_score_1.59.0,experiment_score_1.31.0,experiment_score_t.64.0,experiment_score_h.6.0,experiment_score_1.95.0,experiment_score_1.45.0,experiment_score_1.53.0,experiment_score_10.33.0,experiment_score_t.76.0,experiment_score_t.30.0,experiment_score_t.26.0,experiment_score_10.63.0,experiment_score_h.47.0,experiment_score_t.20.0,experiment_score_10.3.0,experiment_score_1.1.0,experiment_score_10.67.0,experiment_score_t.25.0,experiment_score_10.54.0,experiment_score_h.70.0,experiment_score_h.74.0,experiment_score_10.91.0,experiment_score_1.73.0,experiment_score_1.80.0,experiment_score_10.38.0,experiment_score_h.88.0,experiment_score_1.79.0,experiment_score_1.11.0,_step,experiment_score_10.48.0,experiment_score_10.68.0,decisions_10,experiment_score_1.86.0,experiment_score_t.86.0,_timestamp,experiment_score_t.65.0,experiment_score_1.10.0,experiment_score_1.35.0,experiment_score_h.63.0,experiment_score_10.75.0,experiment_score_t.13.0,experiment_score_h.22.0,experiment_score_t.1.0,experiment_score_1.56.0,experiment_score_1.32.0,experiment_score_1.33.0,experiment_score_1.38.0,experiment_score_10.44.0,experiment_score_t.51.0,experiment_score_1.66.0,experiment_score_1.12.0,experiment_score_10.13.0,experiment_score_10.66.0,experiment_score_h.89.0,experiment_score_t.48.0,experiment_score_10.71.0,experiment_score_1.21.0,experiment_score_10.24.0,experiment_score_t.58.0,experiment_score_h.29.0,preference_consensus_10,experiment_score_h.75.0,experiment_score_t.33.0,experiment_score_t.7.0,experiment_score_h.78.0,experiment_score_1.48.0,experiment_score_t.10.0,experiment_score_h.50.0,experiment_score_1.4.0,experiment_score_h.32.0,decisions_1,experiment_score_1.52.0,experiment_score_h.16.0,experiment_score_10.29.0,experiment_score_10.79.0,experiment_score_1.90.0,experiment_score_10.94.0,experiment_score_10.72.0,experiment_score_t.49.0,experiment_score_t.61.0,experiment_score_t.24.0,experiment_score_h.3.0,experiment_score_10.83.0,experiment_score_1.7.0,experiment_score_h.91.0,experiment_score_h.85.0,situation,experiment_score_t.50.0,experiment_score_10.60.0,experiment_score_h.43.0,experiment_score_10.89.0,experiment_score_h.23.0,experiment_score_t.15.0,experiment_score_t.72.0,experiment_score_10.61.0,experiment_score_10.19.0,experiment_score_1.40.0,experiment_score_t.27.0,sample,experiment_score_h.4.0,experiment_score_1.23.0,experiment_score_h.39.0,experiment_score_1.96.0,experiment_score_t.71.0,experiment_score_t.57.0,experiment_score_t.0.0,experiment_score_h.87.0,experiment_score_t.90.0,experiment_score_10.9.0,experiment_score_10.55.0,experiment_score_1.14.0,experiment_score_1.49.0,experiment_score_h.21.0,experiment_score_10.86.0,experiment_score_1.25.0,experiment_score_h.35.0,experiment_score_h.56.0,experiment_score_10.23.0,experiment_score_h.60.0,experiment_score_10.92.0,experiment_score_h.19.0,experiment_score_t.12.0,experiment_score_10.97.0,experiment_score_1.30.0,experiment_score_1.64.0,experiment_score_t.3.0,experiment_score_t.21.0,experiment_score_h.93.0,experiment_score_10.34.0,experiment_score_h.41.0,experiment_score_h.71.0,experiment_score_1.41.0,experiment_score_1.68.0,experiment_score_10.6.0,experiment_score_t.14.0,experiment_score_1.24.0,experiment_score_t.77.0,experiment_score_t.78.0,experiment_score_t.66.0,experiment_score_h.26.0,experiment_score_10.15.0,experiment_score_10.74.0,experiment_score_1.88.0,transition_point,experiment_score_h.73.0,experiment_score_10.70.0,experiment_score_h.92.0,experiment_score_h.97.0,experiment_score_h.25.0,experiment_score_10.18.0,experiment_score_1.17.0,experiment_score_10.8.0,experiment_score_1.75.0,experiment_score_1.18.0,experiment_score_1.77.0,experiment_score_1.20.0,experiment_score_1.46.0,experiment_score_h.5.0,action_judgement_consensus_h,preference_consensus_t,experiment_score_10.90.0,experiment_score_t.56.0,experiment_score_h.8.0,experiment_score_t.31.0,experiment_score_t.83.0,experiment_score_1.57.0,iteration,experiment_score_1.70.0,experiment_score_1.34.0,experiment_score_1.71.0,experiment_score_1.6.0,experiment_score_10.96.0,experiment_score_10.28.0,experiment_score_t.37.0,experiment_score_10.87.0
,,,,,,,,,,,,"[-0.2843538425947591, 0.09525659010361151, 0.5372118413520304, 0.14808344118291006, 0.28435384450330653, -0.095256589866459, -0.5372118558414416, -0.1480834358935413]",,,,,,,,,,0.22367694648106334,,,,,,,,,,,0.00973320437338672,,,,,,,,,,,,,,,,,,,,,,"[-0.30540102664668256, 0.07780518124629195, 0.4099025251332157, -0.05541556918966528, 0.30540102664668256, -0.07780518124629195, -0.4099025251332157, 0.05541556918966528]",0.005530339733865575,,,,0.062482934051490316,,,,,,,,,,,,,,,,,,,,,,,,,,,,,,,,,,,,,,,,,,,,,,,,,,,,,,,,,0.5630524512459715,,,,,,,,,,,,,,,,,,"[-0.3561873442907063, 0.05324518715221255, 0.16961281957427612, -0.2762674247195227, 0.3561873442907063, -0.05324518715221255, -0.16961281957427612, 0.2762674247195227]",,,,0.5592557871242456,,,,,,,,,,,,,,,,,,,,,,0.08715934164632645,,,,,0.024624564681759317,,,,176.964363647,0.1990005388862272,,,,,,,,,,,,,,,,0.24320181072016794,,0.5412262800109632,,,,0.46901014158608617,,,,,,,,,,,,0.04338870910359657,,0.014943203221449416,,,,,,,,,,,1.5,,,,,,,,,,,,,0.06882583651570003,,,,,,,,,,,,,0.10668420588543102,,,,,,,,,,,,,,,,,,,,,,,,0.03446806746055399,,,,,0,,,-0.13098726510087133,,,1727269709.5009809,,,,,,,0.04930097227659545,,,,,,,,,,,,,,,,,,,0.5717002491317918,,,,,,,,,,0.07774647815874261,,,,,,,,,,,,,,,,1,,0.33249253675134927,,,,,,,,,,0,,,,,,,,,,,,,,,,,,,,0.5068685109558172,,,,,,,,,,,,,,,,,,,,,,,,,2.000000000000001,,,,,,,,,,,,,,,"[-0.2974639005552916, 0.08571593326623317, 0.4826128171899881, 0.09955830651110532, 0.2974639005552916, -0.08571593326623317, -0.4826128171899881, -0.09955830651110532]",0.5653155005216262,,,,,,,0,,,,,,,,
,,,,,,0.37526182102048844,,,,,,"[0.0008128839205532543, 0.023947240066340445, 0.2330399927292317, -0.410695349973713, -0.0008128838991037198, -0.02394723985313061, -0.23303999265927436, 0.41069534994988255]",,,,,,,,,,,,,,,,,,,,,,,,,,,,,0.1583717917399986,,,,,,,,,,,,,0.2940149456085804,"[-0.007438901135516104, 0.13726960089381857, 0.21526401347504856, -0.38126339325779357, 0.007438901135516104, -0.13726960089381857, -0.21526401347504856, 0.38126339325779357]",0.11350873029618423,,,,,,,,,,,,,,,,,,,,,,,,,,,,,,,,,,,,,,,,,,,,,,,,,,,,,,,,,,,,,0.46143460909987444,,,,,,,,0.3433633609249087,,,,,,,,,,"[-0.019053933534983736, 0.2097026555029555, 0.17556783623338765, -0.3489298919638575, 0.019053933534983736, -0.2097026555029555, -0.17556783623338765, 0.3489298919638575]",0.4282861364093553,,,0.46612309351576,,,,,0.1835003098637631,,,,0.3007848875803956,,,,,,,,,,,0.46018459650493504,,,,,,,,,,,333.285257306,,,,,,,,,,,,0.36849187904867325,0.46469949846416203,0.19478515379480527,,,,,,,,,,,,,,,,,,,,,0.12027867226799946,,,,,,,,,,,,,1.5,,,,,,,,,,,,,,,,,,,,,,,,,,,,,,,,,,,0.45341465453311985,,,,,,,,,,,,,,,,,,,,1,,0.2688864274848159,0.08838021217241973,,,1727269865.9487302,,,,,,,,,,,,,,,,,,,,,,,,,,0.4479849513481151,,,,,,,,,,0.1247935742272264,,,,,,,,,,,,,,,,2,,,0.19027025183557833,,,,,,,,,0,,,,,,,,,,,,,,,,,,,,,,,,,,,,,,,,,,0.30529978953962256,,,,,,,,,,,2.300000000000001,,,,,,,,,,,,,0.37977672297971543,,"[-0.0032902852894691388, 0.05941865836021994, 0.22615066959800126, -0.39800401171974503, 0.0032902852894691388, -0.05941865836021994, -0.22615066959800126, 0.39800401171974503]",0.4569104241711492,,,,,,,0,,,,,,,,
,,,,,,,,,,,,"[0.009091650938316603, -0.0794328628290127, 0.010398528735628371, -0.63236166281632, -0.00909164624246619, 0.079432863189238, -0.010398528313545935, 0.6323616631228439]",,,,,,,,,,,,0.46523634466344505,,,,,0.38045980626323733,,,,,,,,,,,,,,,,,,,,,,,,,,"[0.08585979606021009, -0.11845063022154893, -0.028968485499098535, -0.4741658884531746, -0.08585979606021009, 0.11845063022154893, 0.028968485499098535, 0.4741658884531746]",0.02676697625610149,,,,,,,,,0.30493709955058657,,,,,,,,,,,,,,,,,0.21276816312539037,,,,,,,,,,,,,,,,,,,,,,,,,,,,,,,,,,0.1957345280458931,0.49589245994337156,,,,,,,,,,,0.48069707981919735,,,,,,,"[0.1665414534317018, -0.18821425495712246, -0.06472732366792454, -0.3105641433690777, -0.1665414534317018, 0.18821425495712246, 0.06472732366792454, 0.3105641433690777]",,0.3094995675876981,,0.5089898693047473,,,,,,,,,,,,,,,,,,,,,,,,,,,,,,,490.774966036,,,,,,0.39749344134273457,,,,,,,,,0.29246593250820085,,,,,,,,,,,,,,,,,,,,0.022204508218989966,,,,,,,,,,,,,1.7,,,,,,,,,,,,,,,,,,,,,0.4606738766263335,,,,,,,,,,0.4482027095839478,,,,,,,,,,,,,,,,,0.41295417649848687,,,,,,,2,,,0.042227711411853774,,,1727270023.4385357,,,,,,,,,,,,,,,,,,,0.20029699608300464,,,,,,,0.46247070798365514,,,,,,,,,,0.00973334117660423,,,,,,,,,,,,,,0.39293097330562304,,3,,,,0.18027379289014084,,,,,,,,0,,,,,,,,,,,0.3249603027434504,,,,,,,,,,,,,,,,,,,,,,,,,,,,,,,,,,2.100000000000001,,,,,,,,,,,,,,,"[0.05598963898628802, -0.10656917749373215, -0.011030050430582899, -0.5547920081625615, -0.05598963898628802, 0.10656917749373215, 0.011030050430582899, 0.5547920081625615]",0.48538096188797136,,,,,,,0,,,,,,,,
,,,,,,,,,,,,"[0.25707577682138133, 0.06532829463216322, -0.10074045170519458, -0.7373191335170739, -0.2570757757917744, -0.0653282946356742, 0.10074045147568747, 0.7373191304503642]",,,,,,,,,,,,,,,,,,,,,,,,,,,,,,,,,,,,,,0.07681709823623985,,,,,"[0.18868733733225898, 0.10422576104692834, -0.11504520355815433, -0.5943620578778384, -0.18868733733225898, -0.10422576104692834, 0.11504520355815433, 0.5943620578778384]",0.02739719916489694,0.5410448530402755,,,,,,,,,,,,0.09596868759430334,,,,,,,,,,,,,,,,,,,,,,,,,0.4308138681834202,,,,,,0.6188078531434476,,,,,,,,,,,,,,,,,0.47577506629158894,,,0.4055304135033697,,,,,,0.05153364355618932,,,,,,,,,"[0.140156347379995, 0.11140782676750582, -0.12828060645932893, -0.5190614795083579, -0.140156347379995, -0.11140782676750582, 0.12828060645932893, 0.5190614795083579]",,,,0.482294209018199,,,,,,,,,,,,,,,,,,,,,,,,,,,,,,,652.318157829,,,,,,,,,,,,,,,,,,,,,,,,,,,,,,,,,,,0.05268065384494747,,,,,,,,,,,,,1.6,,,,0.5996562637853841,,,,,0.5229253257350515,,0.4499654575414837,,,0.3722024574383117,,,,,,,,0.44516232563187946,,,,,,,,,,,,,,,,,,,,,,,,,,,,,,,,,3,,,-0.005930756900161052,,,1727270184.9816327,,,,,,,,,,,,,,,,,,,,,,,,,,0.4557861643460677,,,,0.503773736376988,,,,,,0.07183224320301096,,,,,,,,,,,,,,,,4,,,,,,,,,,,0.5743728091053335,0,,,,,,,,,,,,,,,,,,,,,,,,,,,,,,,,,,,,,,,0.4784902816969374,,,,,,2.7000000000000015,,,,,,,,,,,,,,,"[0.22842517977541119, 0.07686956764257623, -0.10682122807328126, -0.6865318913359434, -0.22842517977541119, -0.07686956764257623, 0.10682122807328126, 0.6865318913359434]",0.46897313770026533,,,,,,,0,,,,,,0.018205687491131325,,
,,,,,0.26846283414558436,,,,,,,"[-0.08005893347117611, -0.09533121103211749, -0.12833963935977122, 0.3151466622275342, 0.08005893738944905, 0.09533121010957804, 0.12833963847058869, -0.3151466657428884]",,,,,,,,,,,,,,,,0.09839494686128517,,,,,,,,0.19105516733831215,,,,,,,,,0.19261191147732176,,,,,,,,,,"[0.020423097247215395, -0.09658593762848744, -0.13820941156154662, 0.26601228378187036, -0.020423097247215395, 0.09658593762848744, 0.13820941156154662, -0.26601228378187036]",-0.05422708994278594,,,,,,,,,,,,,,,,,,,,,,,,,,,,,,,,,,,,,,,,,,,,,,0.1464080308300666,,,,,,,,,,,,,,,0.5352650832756664,,,,,,,,,,,,,,,,,,"[0.13388047451177523, -0.09797049233571542, -0.15371209859822463, 0.2059351115376959, -0.13388047451177523, 0.09797049233571542, 0.15371209859822463, -0.2059351115376959]",,,,0.5405775448284419,,,,,,,,,,,,,,,,,,,,,,,,,,,,,,0.24199981978481325,814.647946252,,,,,,,,,,,,,,,,,,,,,,,,,0.323425984188385,,,,,,0.2900129037535947,,,,-0.08069010430355705,,,,0.21260523694632247,,,,,,,0.4208269764646579,,1.6,,,,,,,,,,,,,,,0.3992769068566476,,,,,,,,,,,,,,,,,,,,,,,,,,,,,,,,,,,,,,,,4,,,-0.004839181635294454,,,1727270347.3114867,0.3728138924958765,,,,,,,,,,,,,,,,,,,,,,,,,0.5176521610173449,,,,,,,,,,-0.10224017391156737,,,,,,,,,,,,,,,,5,,,,,,0.16459215297754104,,,,,,0,,,,,,,,0.11994501646929548,,,,,,,,,,,,,,,,,,,,,,,,,,,,,,,,,,0.11520424467004955,,,2.000000000000001,,,,,,,,,,,,,,,"[-0.033567726117021635, -0.09604391269224177, -0.13496397694894904, 0.2875473686134916, 0.033567726117021635, 0.09604391269224177, 0.13496397694894904, -0.2875473686134916]",0.5294143189779896,,,,,,,0,,,,,,,,0.19579593913755808
,,,,,,,,,,,,"[0.5739670196283786, 0.03255897988421524, -0.44255050719383493, -0.27715597100011324, -0.5739670251405052, -0.03255898353768266, 0.44255050749350927, 0.27715597096514105]",,,,,,,,,,,,,,,,,,,,,,,,,,,,,,,,,,,,0.2352376591906583,,,,,,,"[0.4288391261323089, -0.028586105713146615, -0.4302011733886396, -0.2725385525295566, -0.4288391261323089, 0.028586105713146615, 0.4302011733886396, 0.2725385525295566]",-0.027177073179084826,,0.40972806153793495,,,,,,,,,,,,,,,,,,,,,,0.2527732340767841,,,,,,,,,,,,,,,,,,,,,,,,,,,,,,,,,,,,,0.5054956944567738,,,,,,,,,,,,,,,,,0.17860667875237798,"[0.24768608930384772, -0.11597292867352246, -0.4079659209234259, -0.24333034894739258, -0.24768608930384772, 0.11597292867352246, 0.4079659209234259, 0.24333034894739258]",,,,0.509874611658093,,,,,,,,,,,,,,,,,,,,,,,,,,0.5098555703655951,,,,,980.727986733,,,,,,,,,,,,,,,,,,,,,,,,0.06305898666701062,,,,,,,,,,0.011107568657395483,0.062409665403028475,0.4249519066004318,,,,,0.02444387527280764,,,,,,,1.1,,,,,,,,,,,,,,,,,,,,,,,,,,,,,,,,,,,,,,,,0.3353651680183185,,,,,,,,,,,,,,,5,,,-0.127304582006745,,,1727270513.3914945,,,0.6127786155631205,,,,,,,,,,,,,,,,,,,,,,,0.42806448319954526,,,,,,,,,,0.07574597201844063,,,,,,,,,,,,,,,,6,,,,,,,,,,,,0,,,,,,,0.07847916992471782,,,,,0.04972268005159847,,,,,0.5994423089477084,,,,,,,,,,,,,,,,,,,0.15264572524912393,,,,,,,,,2.000000000000001,,,,,,,,,,,,0.43828821321584394,,,"[0.5520001233594475, 0.01339118232453318, -0.4380629609621153, -0.2769046243873533, -0.5520001233594475, -0.01339118232453318, 0.4380629609621153, 0.2769046243873533]",0.4691562205338966,,,,,,,0,,,,,,,,
,,0.0512613750192443,,,,,,,,,,"[-0.1351632299556759, -0.23825608513307575, -0.3110241120102253, 0.10391256706549945, 0.13516322819700782, 0.2382560866115066, 0.31102411173653255, -0.10391257002695069]",,,,,,,,0.05537253211429333,,,,,,,,,,,,,,,,,,,,,,,,,,,0.13006216166230966,,,,,,,,"[-0.13496521967367398, 0.016747535277386903, -0.311594994303223, 0.12703040699581475, 0.13496521967367398, -0.016747535277386903, 0.311594994303223, -0.12703040699581475]",-0.22449536596627023,,,,,,,,,,,,,,,,,,,,,,,,,,,,,,,,,,,,0.13417331875735872,,,,,,,,,,,,,,,,,,,,,,,,,0.48276906213705895,,,,,,,,,,,,,,,,0.5948349295936392,,"[-0.1344661407606657, 0.20497830887264135, -0.31420248145792834, 0.1749600379116761, 0.1344661407606657, -0.20497830887264135, 0.31420248145792834, -0.1749600379116761]",,,,0.46865219710990474,,,,,,,,,,,,,,,,,,,,,,,,,,,,,,,1145.839455805,,,,,0.352928830055867,,,,,0.5980589301225454,,,,,,,,,,,,,,,,,,,,0.04803737449033804,,,,,-0.22627077409622062,,,,,,,,,,,,,1.7,,,,,,,,,,,,,,,,,,,,,,,0.34881767296081795,,,,,,,,,,,,,,,,,,,,,,,,,,,,,,,,6,,,-0.22127136543736398,,,1727270678.5030682,,,,,,,,,,0.6021700872175945,,,,,,,,,,,,,,,,0.5170413265344714,,,,,,,,,0.5998343382524958,-0.22860652306131926,,,,,,,,,,,,,,,,7,,,,,,,,,,,,0,,,,,,,,,,,,,,,,,,,,,0.1268381611334034,,,,,,,,0.05303678314919469,,,,,,,,,,,,,,,,2.200000000000001,,,0.13183756979226008,,,,,0.3455936724319117,,,,,,,"[-0.1350477361631521, -0.1195980101342952, -0.31141583647435456, 0.1186722223643206, 0.1350477361631521, 0.1195980101342952, 0.31141583647435456, -0.1186722223643206]",0.4931197388414805,,,0.35059308109076837,,,,0,,,,,,,,
,,,,,,,,,,,,"[-0.12601015878866453, 0.14468729119623863, -0.1796841223508707, 0.01987054494470724, 0.12601015877977365, -0.14468729125460994, 0.1796841237235877, -0.019870538962992318]",,,,0.19041292097889978,,,,,,,,,,,,,,,,,,,,,,,,,,,,,,,,,,,,,,,"[-0.08002678774870023, 0.026837406772524084, -0.08431517901713559, -0.07302682417922336, 0.08002678774870023, -0.026837406772524084, 0.08431517901713559, 0.07302682417922336]",-0.08197902459898593,,,,,,,,0.2704391406819338,,0.32016331883630333,,,,,,,,,,,0.3331155170242226,,,,,,,,,,,,,,,,,,,,,,,,,,,,,,,,,0.1338949342423158,,,,,,,0.5309656392683423,,0.0945702763526678,,,,,,,,,,,,,,,,"[-0.03062404207770356, -0.09562171747972498, 0.03514198946012621, -0.2228462876824978, 0.03062404207770356, 0.09562171747972498, -0.03514198946012621, 0.2228462876824978]",,,,0.5260448634404025,,,0.041973930086950204,,,,,0.2644861114998992,,,,,,,,,,,,,,,,,,,,,,,1316.007950051,,,,,,,,,,,,,,,,,,,,,,,,,,,,,,,,,,,-0.1384970113355699,,,,,,,,,,,,,1.1,,,,,,,,,,,,,,,,,,,,,,,,,,,,,,,,,,0.1279419050602812,,,,,,,,,,,,,,,,,,,,0.12094273605439654,7,,,-0.0019528048959518984,,,1727270848.6714377,,,,,,,,,,,0.27743830968781846,,,,,,,,,,,,,,,0.5640418539583087,,0.20796812476331522,0.038052289616083826,,,,,,,-0.15144920952348917,,,,,,,0.18361911239668532,,,,,,0.10752247454058707,,,8,,,,,,,0.26364533209971935,,,,,0,,,,,,,,,,,,,,,,,,,,,,,,,,,,,,,,,,,,,,,,,,,,,2.000000000000001,,,,,,,,,,,,,,,"[-0.12008007188118501, 0.1359975046680613, -0.1593457227508908, 0.0011326771437173875, 0.12008007188118501, -0.1359975046680613, 0.1593457227508908, -0.0011326771437173875]",0.5447624229964472,,,,,,,0,,,,,,,,
,,,,,,,,,,0.2763870134495683,,"[0.061099621097657784, 0.18607477011804482, -0.021152974587266584, -0.18339885610044884, -0.06109962137347835, -0.18607478390845408, 0.021152972998114392, 0.18339885533662]",,,,,,,,,,,,,,,,,,,,,,,0.26452102096243196,,,,,,,,,,,,,,,,,,,,"[0.06958599291186848, 0.0027484338003428864, -0.029576790171065855, -0.14863223496557681, -0.06958599291186848, -0.0027484338003428864, 0.029576790171065855, 0.14863223496557681]",0.02902818085719801,,,,,,,,,,,,,,,,,,,,,,,,,,,,,,,,,,,,,,,,,,,,,,,,,,,,0.0018475292413566644,,,,,,,,,0.5880835433074358,,,,,,,,,,,,,,,,,,"[0.07529279993501614, -0.10854941590441321, -0.06334104372189545, -0.08294517721576791, -0.07529279993501614, 0.10854941590441321, 0.06334104372189545, 0.08294517721576791]",,,,0.5839026784900678,,,,,,,,,,,,,,,0.2851138495816856,,,,,,,,0.011279153960374471,,,,,,,,1485.38431592,,,,,,,,,,,,,,,,,,,,,,,,,,,,,,,,0.12716440753739403,,,0.028323392270297513,,,,,,,,,,,,,1.7,,,,,,,,0.26522580954933245,,,,,,,,,,,,,,,,,0.010574365373473973,,,,,,,,0.0091255094442645,,,,,,,,,,,,,,,,,,,,0.2630721650332225,,8,0.13589124366951133,,0.019596556138180204,,,1727271018.047845,,,,,,,,,,,,,,,,,,,,0.1264596189504935,,,,,,0.5982492995384883,,,,,0.12861326346660348,,,,,0.02687453634108804,,,,0.2557941848303147,,,,,,,,,,,,9,,,,,,,,,,,,0,,,,,,0.2858186381685861,,,,,,,,,,,,,,,,,,,,,,,,,,,,,,,,,,,,,,,2.4000000000000012,,,,,,,,,,,,,,,"[0.06560394922366262, 0.10723711726244411, -0.024901191679677484, -0.16579590590803522, -0.06560394922366262, -0.10723711726244411, 0.024901191679677484, 0.16579590590803522]",0.5909976425253198,,,,,,0.28366499365247616,0,,,,,,,,
,,,,,,,,,,,,"[0.08617306240991307, -0.36933697898180895, -0.5112121785165177, 0.163032511298393, -0.08617306240035995, 0.3693369726049119, 0.5112121785166757, -0.16303251129882193]",,,,,,,0.26643914205026914,,,,,,,,,,,,,,,,,,,,,,,,,0.11897411121159532,,,,,,,,,,,"[0.07160132941551975, -0.25890293716240886, -0.18067307226140641, 0.17020235691254051, -0.07160132941551975, 0.25890293716240886, 0.18067307226140641, -0.17020235691254051]",-0.04557408121162112,,,,,,,,,,,,,,,,,,0.07743305859387727,,,,,0.053928607401064164,,0.2498815938498165,,,,,,,,,,,,,,,,,,,,,,,,,,,,,,,,,,,,0.5506338121660015,,,,,,,,,,,,,,0.39734662468849036,0.27648806680947846,,,"[0.061917843987814775, -0.14445831243431703, 0.08364791873533271, 0.17457161795978154, -0.061917843987814775, 0.14445831243431703, -0.08364791873533271, -0.17457161795978154]",,,,0.5595659385516214,,,,,,,,,,,,,,,,,,,,,,,,,,,,,,,1655.633545368,,,,,,,,,,,,,,,,,,,,,,,,,,,0.14834533077597836,,,,,,0.14512640081453707,,-0.17648156384984232,,,,,,,,,,,,,1.4,,,,,,0.07697887523715703,,,,,,,,,,,,,,,,,,,,,0.39780080804521056,,,,,,,,,,,0.027032589540246288,,,,,,,,,,,,,,,,,9,,,0.07251973006266965,,,1727271188.2970476,,,,0.27603388345275826,,,,,,,,,,,,,,,,,,,,,,0.5121100043125323,,,,,,,,,,-0.17693574720656255,,,,,,0.17202241867535495,,,,,,,,,,10,,,,,,,,,,,,0,,,,,,,,,,,,,,,,,,,,,,,,,,,,,,,,,,,,,,,,,,,,,2.100000000000001,,,,,,0.0008802999373045545,,,,0.25033577720653677,,,,,"[0.0848633340450042, -0.33510226451543135, -0.49672225243305673, 0.16337113153597144, -0.0848633340450042, 0.33510226451543135, 0.49672225243305673, -0.16337113153597144]",0.5355239776677742,,,,,,,0,,,,,,,,
,,,,,,,,,0.019991942785738293,,,"[-0.17266283514912606, -0.021462531232986217, 0.42347481750774163, -0.2048198209012012, 0.1726628352948021, 0.021462531285390708, -0.4234748177170444, 0.2048198212396322]",,,,,,,,,,,,,,,,,,,,,,,,,,,,,,,,,,,,,,,,,,,"[-0.4024063424199751, 0.007740007976709541, 0.07100365550754295, -0.26233561704419, 0.4024063424199751, -0.007740007976709541, -0.07100365550754295, 0.26233561704419]",-0.18735251242940143,,,,,,,,,,,,,,,0.22514714716870357,,,,,,,,,,,,,,,0.23443803759569362,,,,,,,,,,,,,,,,,,,,,,,,,,,,,,,0.5457790485974118,,,,,,,,,,,,,,,,,,"[-0.4024063424199751, 0.007740007976709541, 0.07100365550754295, -0.26233561704419, 0.4024063424199751, -0.007740007976709541, -0.07100365550754295, 0.26233561704419]",,,,0.5457711018697552,,,,,,,,,,,,,,,,,,0.4395932419786589,,,,,,,,,,0.051764258468921215,,,1826.843368572,,,,,,,0.6336417469475912,,,,,,,,,,,,,0.019991942785738293,,,,,,,,,,,,,,,0.0270935823805539,,,,,,,,0.3481691204060121,,,,,1.7,,,,,0.019262273262702523,,,,,,,,,,,,,,0.30546456932731736,,,,,,,,,,,,,,,,,,,,,,,,,,,,,,,,,,,,10,,,-0.18735251242940143,,,1727271359.5068734,,,,,,,,,,,,,,,,,,,,,,,,,0.5626152152159675,0.5457344987811185,,,,,,,,,,0.09812011411217764,,,0.3481691204060121,,,,,,,,,0.26621035327887654,,,,11,,,,,,,,,,,,0,,,,,,,,,,,,,,,,,,,,,,,,,,,,,,,,,,,,,,0.4395932419786589,,,,,,,10.099999999999982,,,,,,,,,,,0.15412061543707983,,,,"[-0.22915828357320864, -0.012544207941444249, 0.3349985770085913, -0.21331196803809868, 0.22915828357320864, 0.012544207941444249, -0.3349985770085913, 0.21331196803809868]",0.5457344987811185,,,,,0.26621035327887654,,0,,,,,,,,
,,,,,,,,,,,,"[0.23056645257118463, 0.36167184536104724, 0.0660398818731872, -0.07667438680383441, -0.2305664576121447, -0.36167184546953807, -0.0660398824711078, 0.07667438584940063]",,,,,,,,,,,0.48712811596210814,,,,,,,,,,,,,,,,,,,,,,,,,,,,,,,,"[0.12443716553896564, 0.5322682954159786, -0.22492993620417695, -0.07812541719308799, -0.12443716553896564, -0.5322682954159786, 0.22492993620417695, 0.07812541719308799]",-0.0344145934732034,,,,,,,,,,,,,,,,,,,,,,,,,,,,0.2782887312368606,,,,,,,0.4720847210369056,,,,,,,,,,,,,,,,,,,,,,,,,,0.5448537251555994,0.2972179816996969,,,,,,,,,,,,,,,,,"[-0.010286042887453908, 0.6250564402994215, -0.3874135666767348, -0.08213829261195563, 0.010286042887453908, -0.6250564402994215, 0.3874135666767348, 0.08213829261195563]",,,,0.5437155745603537,,,,,,,,,,,0.37068132753522454,0.20225557929977117,,,,,,,,,,,,,,,,,,,2000.704999239,,,,,,,,,,,,,,,,,,,,,,,,,,,,,,,,,,,0.1404521458640053,,,0.34903278617114897,,,,,,,,,,1.1,,,,,,,,,,0.3857247224604271,,,,,,,,0.04903738132663807,,0.19581458819801584,,,,,,,,,,0.1034219918996519,,,,,,,,,,,,,,,,,,,,,,,,,11,,,-0.18119180034458116,,,1727271533.368556,,,,,,,,,,,,,0.15044077482831913,,,,,,,,,,,,,0.5468223699508593,,,,,,,,,,0.15549554078920788,,,,,,,,,,,,,,,,12,,,,,,,,,,,,0,,,,,,,,,,,,,,,,,,,,,,,,,,,,,,,0.027388839962562472,,0.012345445037359903,,0.42506593810823834,,,,,,,,,,2.4000000000000012,,,,,,,,,,,,,,,"[0.22086143065949543, 0.3781829844898834, 0.044194523250488574, -0.07684071411617711, -0.22086143065949543, -0.3781829844898834, -0.044194523250488574, 0.07684071411617711]",0.5453156344155207,,,,,,,0,,,,0.08837859697444933,,,,
,,,,,,,,,,,,"[0.0296285258671761, -0.06467265136085464, 0.0343265100772738, 0.050902431465218036, -0.029628525947199877, 0.06467265124221978, -0.034326509498267224, -0.050902431474961]",,,,,,,,,,,,,,,,,,,,,,,,,,,,,,,,,,,,,,,,,,,"[-0.006219645906390173, -0.20444131257252005, 0.047861007091747315, 0.19120273525107492, 0.006219645906390173, 0.20444131257252005, -0.047861007091747315, -0.19120273525107492]",0.0179669161460388,,,,,,,,,,,,,,,,,,,0.24152834479135346,,,,,,,,,,,,,,,,,,,,,,,,,,,,,,,,,,,,,0.25330618867381927,,0.003177281224518068,,,0.5455980667928262,,,,,0.18487461731815547,,,,,,,,,,,,,"[-0.01886156044138656, -0.2816439048588285, 0.0567411082017756, 0.2381699374148377, 0.01886156044138656, 0.2816439048588285, -0.0567411082017756, -0.2381699374148377]",,,,0.5345374406685028,,,,,,,,,,,,,,,,0.01869248374267016,,,,,,,,,0.24903437124100686,,,,,,2175.369011121,,,,0.0005723208576243269,,,,,,,,,,,,,,,,,,,,,,,,,,,,,,,0.02547294259569218,,,,,,,,,,,,,1.8,,,,,,,,,,,,,,,,,,,,,,,,0.008600562657947754,,,,0.014942881660527766,,,,,,,,,0.014420666309857721,,,,,,,,,,,,,,,,,,12,,,0.01369509871322636,,,1727271708.0324981,,,,,,,,,0.2029947802032013,,,,,,,,,,,,,,,,,0.5693715613627682,,,,,,,,,,0.03181526159827219,0.23518602578877346,,,,,,,,,,,,,,,13,,,,,,,,,,,,0,,,,,,,,,,,,,,,,,,0.1966524612006213,,,,,,,,,,,,,,,,,,,,,,,0.0069146398602043385,,,,2.5000000000000013,,,,,,,,,,,,,,,"[0.012335532785642835, -0.13438868073635768, 0.041246963063514594, 0.11459842880481716, -0.012335532785642835, 0.13438868073635768, -0.041246963063514594, -0.11459842880481716]",0.552768675828268,,0.1891464347509679,,0.0010945362082943715,,,0,,,,,,,,
,,,,,,,,,,,,"[-0.2802312326548027, 0.013088461212808485, 0.11067221133756205, 0.19192931479352648, 0.28023122574556203, -0.013088456195602857, -0.1106722119751819, -0.1919293126299761]",,,,,,,,,,,,,,,0.11090332401649637,,,,,,,,,,,0.3006738140050934,,0.2969648553229699,,0.23308530189882287,,,,,,,,,,,,,"[-0.4721615012291897, 0.2389284681683908, 0.23638615866314683, 0.08976539727481575, 0.4721615012291897, -0.2389284681683908, -0.23638615866314683, -0.08976539727481575]",-0.1439144721843839,,,,,,,,,,,,,,,,,,,,,,,,,,,,,,,,,,,,,,,,,,,,,,,,,,,,,,,,,,,,,0.5367329412540082,,,,,,,,,,,,,,,,,,"[-0.4940600995459473, 0.2625999159429977, 0.25306829238382456, 0.08619529487952916, 0.4940600995459473, -0.2625999159429977, -0.25306829238382456, -0.08619529487952916]",,,,0.536733013704256,0.5302705436115209,,,,,,,,,,,,,,,,,,,,,,,,,,,,,,2348.770579777,,,,,,,,,,,,,,,,,,,,,,,,,,0.3417407552845068,,,,,,,,,-0.10284753090497052,,,,,,,,,,,,,1.1,,,,,,,,,,,,,,,,0.5342956978058196,,,,,,,,,,,,,,,,,,,,,,,,,0.159704378172332,,0.3457659094788055,,,,,,,,,0.4892036023321076,,,13,,,-0.14793962637868258,0.2367942605809464,0.19201836061940947,1727271881.4340055,,,,,,,,,,,,,,,,,,,,,,,,,,0.5367322713124798,,,,,,,,,,-0.09913857222284697,,,,,,,,,,,0.11461228269861992,,,,,14,,,,,,,,,,,,0,,,,,,,,,,,,,,,0.1879932064251108,,,,,,,,,,,,0.15567922397803333,,,,,,,,,,,,,,,,,0.48549464364998407,4.7,,,,,,,,,,,,,,,"[-0.3019910049617741, 0.03546770810435248, 0.1278765418391165, 0.18634406449907054, 0.3019910049617741, -0.03546770810435248, -0.1278765418391165, -0.18634406449907054]",0.536732604416924,,,,,,,0,,,,,,,,
,,,,,,,,,,,,"[-0.27854806128425064, -0.037384157637530585, -0.48072970342913024, 0.38013831681075994, 0.27854806207245747, 0.03738415754283503, 0.48072970342667526, -0.38013833870951386]",,,0.6359036252829202,,,,,,,,,,,0.7000103564979338,,,,,,,,0.8161817393774838,,,,,0.6567240626444123,,,,,,,,,,,,,,,,"[-0.15131077416014854, -0.25924612346735465, -0.28495912748352636, 0.2066207986028406, 0.15131077416014854, 0.25924612346735465, 0.28495912748352636, -0.2066207986028406]",-0.22300345140459768,,,,,,,,,,,,,,0.7953613020159918,,,,,,,,,,,,,,,,,0.2131241318532805,,,,,,,,,,,,,,,,,,,,,,,,,,,,,,0.46793587740053993,,,,,,,0.1462704407289121,,,,,,,,,,,"[-0.08849163357228333, -0.3362523037849591, -0.2179125452043353, 0.06809040214254153, 0.08849163357228333, 0.3362523037849591, 0.2179125452043353, -0.06809040214254153]",,,,0.4724544442230131,,0.2258703420422893,,,,,,,,,,,,,,,,,,,,,,,,,,,,,2524.437635703,,,,,,,,,,,,,,,,,,,,,,,,,,,,,,,,,,,-0.31835439692265566,,,,,,,,,,,,,1.7,,,,,,,,,,,,,,,,,,,,,,,,,,,,,0.7208307938594258,,,,,,,,,,,,,,,0.2899770732573028,,,,,,,,,,,14,,,-0.15889672018958415,,,1727272057.1012113,,,,,,0.3084750773713385,,,,,,,,,,,0.37258180858635204,,,,,,,,,0.4559991447327704,,,,,,,,,,-0.38520808804702406,,,,,,,,,,,,,,,,15,,,,,,,,,,0.8622149931403601,,0,,,,,,,,,,,,,,,,0.4521817098997292,,,,,,,,,,0.8830354305018522,,,,,,,,,,,,,,,,,,,2.7000000000000015,,,,,0.3853280187753608,,,,,,,,,,"[-0.2224786907502367, -0.11986227258087925, -0.40267446434235044, 0.31358373404081014, 0.2224786907502367, 0.11986227258087925, 0.40267446434235044, -0.31358373404081014]",0.4635723115048015,,,,,,,0,,,,,,,,
,,,,,,,0.20951081648279132,,,,,"[-0.2924761378603816, -0.15369928398738783, -0.06007018522460984, 0.0785890196449941, 0.29247613913268344, 0.153699286388207, 0.06007018492583288, -0.07858901958796088]",,,,,0.24611637359800104,,,,0.22559672643899392,,,,,,,,,0.3568065219964541,,,,,,,,,,,,,,,,,,,,,,,,,"[-0.27503806482195464, -0.16533028760233348, -0.0975126225388483, 0.009302002233251627, 0.27503806482195464, 0.16533028760233348, 0.0975126225388483, -0.009302002233251627]",-0.1793471989818721,,,,,,,,,,,,,,,,,,,,,,0.20198882876590835,,,,,,,,,,,,,,,,,,,,,,,,,,,,0.2622022835542036,,,,,0.22717071477382955,,,,,,0.4454480690255242,,,,,,0.09283995327415853,,,,,,,,,,,,"[-0.2444070000055511, -0.19926612772893243, -0.14902201798967626, -0.0324298893033934, 0.2444070000055511, 0.19926612772893243, 0.14902201798967626, 0.0324298893033934]",,,,0.4317073374255157,,,,,,,,,,,,,,,,,,,,,,,,,,,,,,,2708.662614541,,,,,,,,,,,,,,,,,,,,,,,,,,,,,,,,,,,-0.17182521126498912,,,,,0.19056515765861987,,,,,,,,1.6,,,,,,,,,,,,,,,,,,,,,,,,,,,,,,,,,,,,,,,0.23859438588111803,,,,,,,0.34928453427957107,,,,,,,,,15,,,-0.1954331089380747,,,1727272241.3260956,,,,,,,,,,,,,,,,,,,,,,,,,,0.48656601875412914,,,,,,,,,,-0.16040154015770064,,,,,,,,,,,,,,,,16,,,,,0.10036194099104151,,,,,,,0,,0.11178561209832999,,,,,,,,,,,,,,,,,0.07675404331795593,,,,,,,,,,,,,,,,,,,,,,,,,,2.200000000000001,,0.37289243195265664,,,,,,,,,,,,,"[-0.2839517030383792, -0.16003476938736028, -0.08175875137674138, 0.05370312382930642, 0.2839517030383792, 0.16003476938736028, 0.08175875137674138, -0.05370312382930642]",0.4609737927734278,,,,,,,0,0.3378608631722826,,,,,,,
0.2853718097228344,0.08964914530657994,,,,,,,,,,,"[-0.4952449270582776, -0.10475709539058196, 0.15587064541869766, -0.6653679316445287, 0.4952449221108574, 0.10475709506259183, -0.15587064540448442, 0.6653679311267198]",0.12559557710407282,,,,,,,,,,,,0.16351978117366783,,,,,,,,,,,,,,,,,,,,,,,,,,,,,,"[-0.43251003175385283, -0.05826878767583228, 0.09983266637633834, -0.6743092513776594, 0.43251003175385283, 0.05826878767583228, -0.09983266637633834, 0.6743092513776594]",-0.14998430103403398,,,,,,,,,,,,,,,,,,,,0.13201749603656518,,,,,,,,,,,,0.12770468538658053,,,,,,,,,,,,,,,,,,,,,0.316874094859937,,,,,,,,0.470245485009887,,,,,,,,,,,,,,,,,,"[-0.2882421026367746, 0.005765992441200431, 0.03743074532552333, -0.6894376217323519, 0.2882421026367746, -0.005765992441200431, -0.03743074532552333, 0.6894376217323519]",,,,0.4729790958135313,,,,,,,,,,,,,,,,,,,,,,,,,,,,,,,2885.302956632,,,,,,,,,,,,,,,,,,,,,,,,,,,,,,,,,,,-0.14567149038404933,,,,,,,,,0.0960710642390723,,,0.12757334937617493,1.6,,0.2810589990728497,,,,,,,,,,,,,,,,,,,,,,,,,,,,,,,,,,,,,,,,,,,,,,,,,,,,,16,,,-0.1141692052469467,,,1727272417.966465,,,,,,,,,,,,,,0.09175825358908765,,,,,,,0.30534321801822206,,,,,0.4654976658969748,,,,,,,,,,-0.1520934093165417,,,,,,,,,,,,,,,,17,,,,,,,,,,,,0,,,,,0.26952812223113476,,,,,,,,,,,,,,,,,,,,,,,,,,,0.27384093288111944,,,,,,,,,,,,,2.000000000000001,,,,,,,0.278949890790342,,,,,,,,"[-0.4589313734981308, -0.07635962399086237, 0.13239890165757592, -0.6715229878284003, 0.4589313734981308, 0.07635962399086237, -0.13239890165757592, 0.6715229878284003]",0.4692784709696092,,,,,,,0,,,0.26741901394862705,,,,,
,,,,,,,,,,,0.3715433133278794,"[0.12815705551664727, -0.031621469230732724, 0.2904561554411155, -0.33712197078702466, -0.1281570555699368, 0.031621469361680865, -0.2904561554559728, 0.33712197089642626]",,,,,,,,,,,,,,,,,,,,,,,,,,,,,,,,,,,,,,,0.2194285173615773,,,,"[0.23719158835492307, -0.004444058535782171, 0.2849598543389291, -0.3208993843327555, -0.23719158835492307, 0.004444058535782171, -0.2849598543389291, 0.3208993843327555]",0.26156930613123597,,,,,,,0.5479667075358732,,,,,,,,,,,,,,,,,,,,,,,,,,,,,,,,,,,0.19006975902521955,,,,,,,,,,,,,,,,,,,0.5071266146985822,,,,,,,,,,,,,,,,,,"[0.32881621920818244, 0.02103003160734473, 0.28077484683704174, -0.30230002480611307, -0.32881621920818244, -0.02103003160734473, -0.28077484683704174, 0.30230002480611307]",,,,0.5315257239872179,,,,,,,,,,,,,,,,,,,,,,,,,,,,,,,3063.659833109,,0.5637324118258391,0.634090804466622,,,,,,,,,,,,,,,,,,,,,,,,,,,,,,,,0.2322105477948782,,,,,,,,,,,,,1.7,,,0.31416401606113437,,,,,,,,,,,,,,,,,,,,,,,,,,,,,,,,,,,,,,,,,,,,0.3421845549915216,,,,0.26042815166600247,,,,17,,,0.3025689404356611,,,1727272596.3232312,,,,,0.5889663418402984,,,,,,,0.1620492200948323,,,,,,,,,,,,,,0.45365260239134025,0.5186079491995155,,,,,,,,,0.20419000886449098,,,,,,,,0.5930911701621968,,,,,,,,18,,,,,,,,,,,,0,,,,,,,,,,,,,0.5357118728954519,,,,,,,,,,,,,,,,,,,,,,,,,,,,,,0.41254294763230454,,2.100000000000001,,,,,,,,,0.4905874102691282,,,,,,"[0.1784283068599465, -0.01634588191252521, 0.28754809814679205, -0.32637335692017627, -0.1784283068599465, 0.01634588191252521, -0.28754809814679205, 0.32637335692017627]",0.4896670985613099,,,,,,,0,,,,,,,,
,,,,0.00830589871489476,,,,,,,,"[0.2523379728135078, -0.09250714803538634, -0.19908802787138208, -0.04633374747233692, -0.2523379707852381, 0.09250715190103255, 0.19908802785431165, 0.04633374747658079]",,,,,,0.1833611083657239,,,,,,,,,,,,,,0.03300081172402886,,,,,,,,,,,,,,,,,,,,,,,"[0.2888896661256771, 0.07315471142360883, -0.29683840996238, -0.0687990321330327, -0.2888896661256771, -0.07315471142360883, 0.29683840996238, 0.0687990321330327]",-0.010590339074915689,,,,,,,,,,,,,,,,,,,,,,,,,,,,,,,,,,,,,,,,,,,0.0035506912307071096,,,,0.20149387680384917,,0.09443997898928713,,,,,,,,,,,,0.4841986150924915,,,,,,,,,,,,,0.11294542664323172,,,,,"[0.2893007393111408, 0.07546184913472191, -0.29771398971925217, -0.06879905747747521, -0.2893007393111408, -0.07546184913472191, 0.29771398971925217, 0.06879905747747521]",,,,0.48362408904674026,,,,,,,,,,,,,,0.037756019208216515,,,,,,,,,,,,,,,,,3245.012021936,,,,,,,,,,,,,,,,,,,,,,,,,,,,,0.007933219499075439,,,,,,0.007915108579028898,,,,,,,,,,0.003178012014887788,,,1.7,,,,,,,,,,,,,,,,,,,,,,,,,,,,,,,,,,,,,,,,,,,,,,,,,,,,,,,18,,,-0.010217659859096367,,,1727272777.6754467,,0.21281122885904563,,,,,,,,,,,,,,,,,,,,,,,,0.4897599934758546,,,,,,0.18298842914990457,,,,0.019232460634225387,,0.021683459668832374,,,,,,,,,,,,,,19,,,,,,,,,,,,0,,,,,,,,,,,,,,,,,,,,,,,,,,,,,,0.1125727474274124,,,,,,,,,,,,,,,8.099999999999989,,,,,,,,,,,,,,0.026438667153020026,"[0.25879515706308315, -0.050420399433917566, -0.22759370466717585, -0.05238282565472489, -0.25879515706308315, 0.050420399433917566, 0.22759370466717585, 0.05238282565472489]",0.48870471226042156,,,,,,,0,,0.08312262693409064,,,,,,
,,,,,,,,,,,,"[0.06532670177492955, -0.17048146143485995, -0.22729346304622625, -0.33370027537252145, -0.06532669867989199, 0.1704814640578554, 0.2272934629725751, 0.33370028217208264]",,,,,,,,,,,,,,,,,,,0.19551304883555487,,,,,,0.04099034549619858,,,,,,,,,,,,,,,,,,"[0.04331202012798922, -0.22481962575557377, -0.17647532019763956, -0.20016156433769408, -0.04331202012798922, 0.22481962575557377, 0.17647532019763956, 0.20016156433769408]",-0.08510266157051093,,,,,,,,,,,,,,,,,,,,,,,,,,,,,,,,,0.17432542230967307,,,,,,,,,,,,,,,,,,,,,,,,,,,,0.39687844089538815,,,,,,,,,,,,,,,,,,"[-0.016596585935324454, -0.28444174912282966, -0.13573171289720795, -0.07207535827411254, 0.016596585935324454, 0.28444174912282966, 0.13573171289720795, 0.07207535827411254]",,,,0.37463681091378775,,,,,,,,,,0.022239857575878583,,,,,,,,,,,,,,,,,,,,,3426.311178197,,,,,,,,,,,0.18962503103601175,,,,,,,,,,,0.29720599847246354,,,,,,,,,,,,,-0.10040227029684963,,,,,,,,,,,,,1.7,,,,,,,0.037539466302217286,,,,,,,,,,0.3159564863927835,,,,,,,,,,,,,,,0.004974950100634062,,,,,,,,,,0.33322139386802807,,,,,,,,,,,,,19,,,-0.08165178237652963,,,1727272958.974624,,,,,,,,0.30065687766644483,,,,,,,,,,,,,,,0.21426353675587484,,,0.4539377419556603,,,,,,,,,,-0.11766717777209415,,,,,,,,,,0.21081265756189355,,,,,,20,,,,,,,,,,,,0,,,,0.15706051483442854,,,,,,,,,,,,,,,,,,,,,,,,,,,,,,,,,0.17824814136031034,,,,,,,,2.100000000000001,,,,,,,,,,,,,,,"[0.05049517962836023, -0.20302346975715085, -0.19969891084525956, -0.26237336769986924, -0.05049517962836023, 0.20302346975715085, 0.19969891084525956, 0.26237336769986924]",0.41573212766374207,,,,,,,0,,,,,0.19307591022999304,,,
,,,,,,,,,,,,"[0.11803940865062772, -0.03734396943150764, 0.0357010481094241, -0.5409541677395222, -0.11803940940290389, 0.03734396943127565, -0.035701049318756055, 0.540954167721728]",,,,,,,,,,,,,,,,,,,,,,,,,,,,,,,,,,,,,,,,,,,"[0.10748799288518956, -0.004172751192996429, 0.03447458628139377, -0.5418855895785095, -0.10748799288518956, 0.004172751192996429, -0.03447458628139377, 0.5418855895785095]",0.06514364684828451,,,,,,0.4532470366950871,,,,,0.2618311183904613,0.45655509223189983,,,,,,,,,,,,,,,,,0.5063212347551368,,,,,,,,,,0.4412138803086073,,,,,,,,,,,,,,,,,,,,0.4515162780483584,,0.4198946662286653,,,,,,,,,,0.5113600489386781,,0.4960188370153856,,,,,,"[0.09189053796608358, 0.019459418208804327, 0.027855624634623658, -0.5453919265119773, -0.09189053796608358, -0.019459418208804327, -0.027855624634623658, 0.5453919265119773]",,,,0.41877701591413313,,,,0.28549902786963083,,,,,,,,,,,,,,,,,,,,,,,,,,,3608.451437538,,,,,,,,,,,,,,,,,,,,,,,,,,,,,,,,,,,0.06687440549501318,,,,,,,,,,,,,1.7,,,,,,,,,,,,0.3008402397929233,,,,,,,,,,,,,,,,,,,,,,,,,,,,,,,,,,,,,,,,,,,20,,,0.05484124910853341,,,1727273141.1148994,,,,,,,,,,,,,,,,,,,,,,,,,,0.42142048876096305,,,,,,,0.2975321842561106,,,0.07018246103182589,,,,,0.265139173927274,,,,,,,,,,0.5080519934018655,21,0.29580142560938194,,,,,,,,,,,0,,,,,,,,,0.26010035974373263,,,,,,,,,,,,,,,,,,,,,,,,,,,,,,,,,,,,2.100000000000001,,,,,,,,,,,,,,,"[0.11111825463943775, -0.023864207026966, 0.034849607259849, -0.5416180444131484, -0.11111825463943775, 0.023864207026966, -0.034849607259849, 0.5416180444131484]",0.4200469748427863,0.24979796200398152,,,,,,0,,,,,,,,
,,,,,,,,0.16917013433849684,,,,"[-0.10321686335091214, 0.32304136957733665, 0.2845002710906136, -0.028695116161475607, 0.10321686183344077, -0.32304137224104146, -0.2845002652929422, 0.028695119759887075]",,,,,,,,,,,,,,,,,,,,,,,,,,,,,,,,,,0.06353502055561977,,,0.38262449166758095,,,,,,"[-0.10689868681452466, 0.23677325357972862, 0.04449032381082067, 0.06011541196943804, 0.10689868681452466, -0.23677325357972862, -0.04449032381082067, -0.06011541196943804]",-0.029773803133307405,,,,,0.26107896844725553,,,,,,,,,,,,0.1336304584784884,,,,,,,,,,0.21011774088821478,,,,,,,0.5100730016363481,,,,,,,,,,,,,,,,,,,,,,,,,,,0.4868787922240179,,,,,,,,,,,,,,,,,,"[-0.12005613942322056, 0.14438732450098285, -0.07979122081071746, 0.14995091239366992, 0.12005613942322056, -0.14438732450098285, 0.07979122081071746, -0.14995091239366992]",,,,0.4818604792423609,,,,,,0.01555924330738949,0.4335857192266217,,,,,,,,,,,,,,0.03540198425165129,,,,,,,,,,3791.878020336,,,,,,,,,,,,,,,,,,,,,,,,,,,,,,,,,,,0.04671347927641898,,,,,,,,,,,,,1.7,0.3157528546710919,,,,,,,,,,,,,,,,,,,,,,,,,,,,,,,,,,,0.23926557226136547,,,,,,,,,0.5801684395592167,,,,,,,,,,21,,,-0.09986924105617603,,,1727273324.5415256,,,,,,,,,,,,,,,,,,,,,,,,,,0.49864797787580584,,,,,,,,,,0.09767470683545976,,,,,,,,,0.11188926666137768,,,,,,,22,,,,,,,,0.18198470458424632,,,,0,,,,,,,,,,,,,,,,,,,,,,,,,0.36671408223013263,,,,,,,,,,,,,,,,,,,,2.4000000000000012,,,,,,,,,,,,,,,"[-0.10530183428105187, 0.28426858770449515, 0.1909543158327776, 0.012680611837905038, 0.10530183428105187, -0.28426858770449515, -0.1909543158327776, -0.012680611837905038]",0.49055163672292923,,,,,,,0,,,,,,,,
,,,,,,,,,,,,"[0.3008962824053989, -0.031766065805025986, -0.11032532448208543, -0.6284978135321624, -0.3008962835316809, 0.031766065754676935, 0.1103253235644117, 0.6284978134969486]",,,,,,,,,,,,,,,,,,,,,,,,,,,,,,,0.1051262331751122,,,,,,,,,,,,"[0.30681539861880985, -0.07754058336749363, -0.08716877405876387, -0.5665053398141331, -0.30681539861880985, 0.07754058336749363, 0.08716877405876387, 0.5665053398141331]",0.12641408880268054,,,,,,,,,,,,,,,,,,,,,,,,,,,,,,,,,,,,,,,,,0.6011091589969021,,,,,,,0.6171060932378511,,,,,,,,,,,,,0.5406676898633501,,,,,,,,,,,,,,,,,,"[0.3277293714325786, -0.11650645476318136, -0.056289402814111496, -0.44355917375178106, -0.3277293714325786, 0.11650645476318136, 0.056289402814111496, 0.44355917375178106]",,,,0.5367968886189384,,,,,,,,,,,,,,,,,,,0.07259555434237164,,,,,0.32191213122770446,,,,,,,3978.484368291,,,,,,,,0.7172416019057778,0.3493632484547962,,,,,,,,,,,,0.06167818170707143,,,,,,,,,,,,,,0.12133452719703174,,,,,,,,,,,,,1.7,,,,,,,,,,,,,,,,,,,,,,,,,,,,,,,,,,,,,,,,,,,,,,,,,0.30591519698675546,,,,,,22,,,0.1538652060297723,,,1727273511.1107655,,,,,,,,,,,,,,,0.7063242292704776,,,0.7497722807385183,,,,,,,,0.547250871408913,,,,,,,,,,0.11041715456173153,,,,,,,,,,,,,,,,23,,,,,,,,,0.6445572104649429,,,0,,,,,,,,,,,,,,,,,,,,,,0.6120265316322023,,,,,,,,,,,,,,,,,,0.7223211635114266,,,,,2.100000000000001,0.31683256962205564,,,,,,,,,,,,,,"[0.30477162597612817, -0.05603629572347188, -0.09458434078467837, -0.5897677306934987, -0.30477162597612817, 0.05603629572347188, 0.09458434078467837, 0.5897677306934987]",0.5421102614602618,,,,,,,0,,,,,,,0.07767511594802044,
,,,,,,,,,,,,"[-0.44848750069084403, 0.21075262097298852, -0.06814389200832671, -0.1457081277661127, 0.4484875006884668, -0.21075262141542794, 0.06814389137538429, 0.14570812743784015]",,,,,,,,,,,,,,,,,,,,,,,,,,,,,,,,,,,,,,,,0.3992972308412363,,,"[-0.48662073049258253, 0.21346509442117026, -0.009586968347773577, -0.11797526971549724, 0.48662073049258253, -0.21346509442117026, 0.009586968347773577, 0.11797526971549724]",-0.23963265647253695,,,,,,,,,,,,,,,,0.23072648017575084,,,,,,,,,,,,,,,,,,,,,0.404537862361099,,,,,,,,0.06749955159316201,,,,,,0.07311885896613274,,,,,,,,,,0.4845747213702674,,,,,,,,,,,,,,,,,,"[-0.49138410410019334, 0.22211583331467194, -2.2328541756293713e-8, -0.10393876717117223, 0.49138410410019334, -0.22211583331467194, 2.2328541756293713e-8, 0.10393876717117223]",,,,0.48656760756162604,,,,,,,,,,,,,,,,,,,,,,,,,,,,,,,4163.613550534,,,,,,,,,,,,,,,,,,0.39096374709710136,,,,,,,,,,0.07777046753578659,,,,,,,-0.24796614021667193,,,,,,,0.0539254363291643,,,,,,1.6,,,,,,,,,,,,,,,,,,,,,,,,,,,,,,,,,,,,,,,,,,,,,,,,,,,,,,,23,,,-0.2349810479028831,,,1727273696.2770107,,,,,,,,,,,,,,,,,,,,,,0.2489522040094024,,,,0.4782023559394382,,,,,,,,0.0913445827997843,,-0.25320677173653466,,,,,,,,,,,,,,,,24,,,,,,,,,,,,0,0.08610395127992157,,,,,,,,,0.3863121385274475,,,,0.24371157248953967,,,,,,,,,,0.07215116016281586,,,,0.2353780887454047,,,,,,,,,,,,,,,,,2.9000000000000017,,,,0.05916606784902703,,,,,,,,,,,"[-0.45620462509205795, 0.21152135778131026, -0.052191679842279376, -0.13473942370170647, 0.45620462509205795, -0.21152135778131026, 0.052191679842279376, 0.13473942370170647]",0.482241942562821,,,,,,,0,,,,,,,,
,,,0.24055540429770397,,,,,,,,,"[-0.004770000599912647, 0.07534061440775634, 0.31088987202173923, 0.017898996777078378, 0.004769999654730217, -0.07534061492951763, -0.31088987170263666, -0.017898995070934117]",,0.17416308812746636,,,,,,,,,,,,,,,,,,,,,,,,,,,,,,,,,,,,,,,0.10856822740220615,,"[-0.05074013277540325, 0.0384214443076106, 0.12504561990901236, 0.06488498252759017, 0.05074013277540325, -0.0384214443076106, -0.12504561990901236, -0.06488498252759017]",0.026702552234816046,,,0.2827841131021865,,,,,,,,,,,,,,,,,,,,,,,,,,,,,,,,,,,,,0.17352103664865484,,,,,,,,,,,,,,,,,0.3483789738274467,,,,0.5570925045699213,,,,0.25208547367878265,,,,,,,,,,,,,,"[-0.1088499185293034, -0.016037236921989946, 0.05328073958002605, 0.13567874504825164, 0.1088499185293034, 0.016037236921989946, -0.05328073958002605, -0.13567874504825164]",,,0.23911589737391506,0.554154197280507,,,,,,,,,,,,,0.023092985791678594,,,,0.0076056536317252454,,,,,,,,,,,,0.1666102320682551,,4350.550665602,,,,,,,,,,,,,,,,0.09703815802112747,,,,,,,,,,,,,,,,,,,0.10526698926494385,,,,,,,,,,,,,1.5,,,,,,,,,,,,,,,,,,,,,,,,,,,,,,,,,,,,,,,,,,,,,,,,,,,,,,,24,,,-0.038250257011632656,,,1727273883.214171,,,,,,,,,,,,,,,,0.06633951859772363,,,,,,,,0.1016574228218064,,0.5645508237555952,,,,,,,,,,0.1359656286883477,,,,,,,,,,,,,,,,25,,,,,,,,,,,,0,,,0.31768033440404286,,,,,,,,,,,,,,,,,,,,0.17560259505125528,,,,,,,,,,,,,,,,,,,,,,2.6000000000000014,,,,,,,,,,,,,,,"[-0.020359529729157257, 0.06380128245024955, 0.2632810053494225, 0.03316989187618637, 0.020359529729157257, -0.06380128245024955, -0.2632810053494225, -0.03316989187618637]",0.5594484545670177,,,,,,,0,,,,,,,,
,,,,0.048892542729972954,,,,,,,,"[-0.15003853334285466, 0.002281905936552074, 0.013904869290528572, 0.02613719651149385, 0.15003853282309007, -0.0022819057989474957, -0.013904869290606449, -0.026137196813192088]",,,,,,,,,,,,,,,,,,,,,,,,,,,,,,,,,,,,0.20901392912447844,,,,,0.20837106864450528,,"[-0.17778482494997203, -0.1180140470221175, 0.027817519103296367, 0.0395859820135688, 0.17778482494997203, 0.1180140470221175, -0.027817519103296367, -0.0395859820135688]",-0.08139539469068582,,,0.2055300926760496,,,,,,,,,,,,,,,,,,,,,,,,,,,,,,0.42617698497034845,,,,,,,0.19505673823642591,,,,,,,,,,,0.11632986743057308,,,,,,,,,,0.514755440735709,,0.5963979032129627,,0.20313048970051262,,,,,,,,,,,0.13988216510327367,,0.3593600626662093,"[-0.17434104857542274, -0.20703324934483952, 0.059598745626079086, 0.0071423467072485106, 0.17434104857542274, 0.20703324934483952, -0.059598745626079086, -0.0071423467072485106]",,,,0.5174158165509968,,,0.6016384821569554,,,,,,,,,,0.5554007058378717,0.05173351869842861,,,0.5530011028623347,,,,,,,,,,,,0.550160126893879,,4540.054085712,,,,,,,,0.24232644726286107,,,0.4342507364344351,,,,,,,,,,,,,,,,,0.12964419783865244,0.062206873138052315,,,,0.12940881066364995,0.36460064161020195,-0.07332164322659912,0.2142545080684711,,,,,0.36220103863466496,,,,,,,1.9,,,,,,,,,,,,,,,,,,,,,,,,,,,,,,,,,,,,,,0.14272314107172931,,0.2223282595325578,,,,,,,,,,,,,,,25,,,-0.06808106428260646,,,1727274072.7175138,,,,0.13748256212773666,,,,,,,,,,,0.24472605023839805,,,0.24756702620685372,,,,,,0.5634744573019584,,0.5457806370416388,,,0.588324151748876,,,,,0.11917084339902874,,-0.07092204025106212,,,,,,,,,,,,,0.5987975061884997,,,1,,,,,,,,,,,,1,0.12157044637456574,,,0.42377738199481146,,,0.3726743930742886,,,,,,,,,,,,,,,,,,,,,,,,,,,,,,,,,0.23425269579877436,,,,,3.100000000000002,,,,,,,,,,,,0.2118549050929341,,0.05413312167396561,"[-0.17450954691272025, -0.037728754256617134, 0.03402015579953334, 0.04132861672252882, 0.17450954691272025, 0.037728754256617134, -0.03402015579953334, -0.04132861672252882]",0.5311851588894668,,,,,,,0,,,,,0.4209364060263558,,,
,,,,,0.21818348754107247,,,,,,,"[0.002479762986831732, -0.28510530051746924, -0.0773435444012727, 0.0035379666167070782, -0.002479763064462355, 0.28510530009874424, 0.07734354440112239, -0.0035379664486568096]",,,,0.3132053143017839,,,,,,,0.05386053353250003,,,,,,,,0.1490339156832214,,,,0.13335225028102243,,,,,,,,,,0.28653240573242245,,,,,,,,,,"[0.07429675654476756, -0.18494598110280444, -0.022512101884249684, 0.14099202855832008, -0.07429675654476756, 0.18494598110280444, 0.022512101884249684, -0.14099202855832008]",0.0274510912442456,,,,,,0.04862615701631858,,0.3263145247783766,,,,0.039629438245333104,,,0.4135275392838482,,,,,,,,,,,,,,,,,,,,0.04486381476151455,,,,0.11697507520766853,,,,,,,,,,,,,,,0.2579656065870266,,,,,0.10386586473107584,,0.5070214713207242,0.010375892953242715,,,,,,,,,,,,,,,,,"[0.08283883768532856, -0.15311854232730346, -0.005582654210509994, 0.16085627667339333, -0.08283883768532856, 0.15311854232730346, 0.005582654210509993, -0.16085627667339333]",,,,0.5080998330789827,,,,,,,,,,,0.006437208237572455,0.22629761854804165,,,,,,0.34517862109249825,,,,,,,,,,,,0.27342319525582975,4731.060379433,,,,,,,0.04706173011078939,,,,,,,,,,,,,,,,,,,,,,,,0.20918676877008702,,,,-0.027788616470511666,,,0.21318840807144898,,,,,0.11129815659653214,,,,,1.9,,,,,,,,0.07811254256626518,,0.002559510533413023,,,,,,,,0.0747861264289224,,0.06167691595232972,,,,,,,,,,,,,,,,,,,,,,,,,,,,,,,,,0.14234896905200792,0.24896888781604115,26,,,0.04056030172083828,,,1727274263.6896856,,,,,,,,,,,,,0.023485103429835393,,,,,,,,,,0.08068499749187147,,0.056058448881774865,0.5218522662533805,,,,,,,,,,-0.036785335241497144,,,0.1244073670731248,0.06500333208967249,,,,,,0.09379420796846413,,,,,,2,,,,,,,,,,,,1,,,,,,,,,,,,,,,,,,,,,,,,,,,,,,,0.2815373262627989,,0.2905340450337844,,,,0.1580306344542069,0.35828783156909094,,,,,,,4.6000000000000005,,,,,,,,,,,0.4225242580548337,,,,"[0.02758551715448654, -0.258363744127688, -0.08474013275434295, 0.06420254418905695, -0.02758551715448654, 0.258363744127688, 0.08474013275434295, -0.06420254418905695]",0.5161014595077535,,,,,,,0,,,,,,,,
0.07311961018941628,0.384515743694006,,,,,,,0.1072406758054493,,,,"[-0.1393526363606015, 0.2231850340712286, 0.09547066494934676, -0.2044751649375435, 0.1393526363378159, -0.2231850350933545, -0.09547066273485798, 0.20447516387839818]",,,,,0.26389103025786864,,,,,,,,,,,,,,,,,,,,,,,,,,,,,,,,,,0.12543983634918243,,,0.30270152462467204,"[-0.09679142524606497, 0.22492633849730978, 0.004628669024194942, -0.1254512517231449, 0.09679142524606497, -0.22492633849730978, -0.004628669024194942, 0.1254512517231449]",-0.04814507918070113,,,,,,,0.09445658020191328,,,,0.2817895456935643,,,,,,,,,,,,,,,,,,,,,,,,,,,0.08580815411719298,,,,0.12584891760579117,,,,,,,,0.2978957733164532,,,0.03952394838744039,,0.282109690507918,,,,,,0.5223720894854744,,,0.08621723537380171,,,,,,,,,,,,,,,"[0.024494153848754828, 0.30119021204811197, -0.05402411062703549, -0.07050772566767419, -0.02449415384875485, -0.30119021204811197, 0.05402411062703549, 0.07050772566767419]",,,,0.5340061364516564,,,,0.07798316727192964,,,,,0.3031106058812808,,,,,,,,,,,,,,,,,,,,,,4930.463302322,,,,,,,,,,,,,,,,,,,,,,,,,,,,,,,,,,,-0.04773599792409239,,,,,,,,,0.4023253226874466,,,0.3687296608854707,1.8,0.07364501400347341,0.07352869144602502,,,,,,,,,0.06799857512375235,0.06219708446339439,,0.0522124923152171,,,,,,,,,,,,,,,,,,,,,,0.07323593274686467,,,0.26430011151447735,,,,,,,,,,,,0.15944457940776705,,,,27,,0.3367062676832567,-0.014140336122116508,,,1727274463.1261516,,,,,0.1284613232604979,,,,,,,0.1436584965992318,,0.40273440394405535,,,,,,,,,,,,0.5079553753664082,0.09486566145852202,,,,,,0.044387505469953764,,,-0.02992641893065176,,,,,0.26397996670012364,,,,,,,,,,,3,0.043978424213345024,,,,,,,,,,,1,,,,,,,,,0.282198626950173,,,,,,,,,,,,,,,,0.09145459299691404,,,,,,,,,0.3209201848747214,,,,,,,,,,,2.000000000000001,,,,,,,0.05531003119597565,,0.11267524045196264,,,,,,"[-0.10985646609022309, 0.22316356601562373, 0.02020391522043213, -0.13906699024521985, 0.10985646609022309, -0.22316356601562373, -0.02020391522043213, 0.13906699024521985]",0.5203480492166261,0.2481938838915884,,,,,,0,,,,,,,,
,,,,,,,,,,,,"[0.03896849176347124, -0.06502341198448539, -0.08634387521552796, 0.07544097121050829, -0.03896849268091298, 0.06502341185676978, 0.08634387548650604, -0.07544097120559046]",,,0.17191792195591732,,,0.30563639514293833,0.2467202276155699,,,,,,,0.14303618612706953,,,,,,,0.02034834480127212,,,,,,,,,,,,,,,,,0.37256921595493614,,,,,"[-0.15004567440833952, -0.061680830838615364, -0.07787465666631628, -0.01693571774703834, 0.15004567440833952, 0.061680830838615364, 0.07787465666631628, 0.01693571774703834]",-0.11490439048988038,0.24316425848241716,,,0.07083508005460218,,,,,,,,,0.3862704340709858,0.06555397938724493,,0.1486120649527933,,,,,,,,,,,,,,,,,,,,,,,,,,,,0.12309909779769505,,,0.19927245257426593,,,,,,,,,,,,,,0.5067234984522162,,,,,,,,,0.29508700921511155,,,,,0.1692380208757453,,,,"[-0.2969677859291218, 0.09720684504296626, 0.02644314333853516, -0.07417973000635236, 0.2969677859291218, -0.09720684504296626, -0.02644314333853522, 0.07417973000635236]",0.42972205124513707,,,0.49973447226202056,,,,,,,,,,,,,,,,0.18534024364398013,,,,0.32335810867646464,,,,,,,0.006647126685222417,0.407507841588093,,,5135.487669848,0.09971681588345,,,0.06527508295925803,,,,,,,,,0.30965689056041495,,,,,,,,,,,,,,0.2756019634444177,,,,,,,,-0.03742218375005579,,,,,,,,,,,,,1.1,,,,0.13680031591374475,0.4212090597041427,,,,,,,,,,,,,,,,,,,,,,0.15553680275969559,,,,,,,,0.40084031541628923,,0.15645850781513232,,,,,,,,,,,,,,,,,,28,,,-0.1437861263187282,,,1727274668.1510983,,0.18557123445821622,,,,,,,,,,,,,,,,,,,,0.0285469042680712,,,,0.5263559584790052,,,,,,0.2767546593140905,,,,-0.02372096563400609,,,,,,,,,,,,0.3011438990194206,,,,4,,,,,,,,,,0.05185276127119523,0.21428252265356934,1,,,,,,,,,,,,,,0.0422481223841209,,,,,,,,,,,,,,0.11973032912394549,,,,,,,,,,,,,0.07897630107530773,,,,2.7000000000000015,,,,,,,,,,,,,,,"[0.022979180416438587, -0.08170018418809158, -0.09947012332490995, 0.07417238231419648, -0.022979180416438587, 0.08170018418809158, 0.09947012332490995, -0.07417238231419648]",0.5130831597238609,,,,,0.3300256348482684,,0,,,,,,0.26620527338626376,,
,,,,,,,,,,,,"[0.06161723364222098, -0.32640680550132495, 0.026372550502107583, -0.03527387254614472, -0.06161723733574659, 0.3264068069087389, -0.026372553860701475, 0.0352738723634765]",0.04500498812393772,,,,,,,,,,,,0.13742680580596645,,,,,,,,,0.3553127375638402,,,,,0.38571032282259365,,0.17134794623588195,,,,,0.23285284915805846,,,,,,0.36212186875548935,,,"[0.07770169531895185, -0.19726658133627573, 0.17051822376317252, 0.1658784103387891, -0.07770169531895185, 0.19726658133627573, -0.17051822376317252, -0.1658784103387891]",0.12392441454103631,,,,,0.1404310314760297,,,,,0.2802634084793445,,,,,,,0.21930280895496265,,,0.10702922054721296,0.21823917605606924,,,,,,0.20245526389930496,,0.3774156945221062,,,0.12387676560287066,,,,,0.4241461011787646,,,,,,,,,,,,,,,0.08928027156666077,,,,,,,,,0.5152906423800587,,,,,,,,,,0.2985439170431733,,0.390965734725202,,,,,,"[0.07117166490432197, -0.1591692222479294, 0.1986959817524726, 0.2466989335916336, -0.07117166490432197, 0.1591692222479294, -0.1986959817524726, -0.2466989335916336]",,,,0.5300114767799208,,,,,0.15779790603278615,,,,,,,,,,,,,,,,,,0.10283031176975657,,,,,,,,5343.287874209,,0.03252955353404394,0.002131968275290441,,,,,,,,,,,0.07892612855385323,,,0.12802450146133196,0.3452743236998317,,,,,,,,,,,,,,,,,0.10707686948537862,,,,,,,,,,,,,2.7,,,,,,,,,,,,,0.09762691620257845,,,,,,,,,,,,0.11967785682541426,0.11447446125823614,,,0.37216028261949785,,,,0.18170208924868952,,,,,,,,,,,,,,,,,0.03560268377930321,,,,,29,,,0.1374744547441321,,,1727274875.9512463,,,,,,,,,,,,,,,,,,,,,,,,,,0.48007727876119455,,,,,,,,,,0.04505263706210337,,,,,,,0.31066099373809797,0.015682008478386245,,,,,,,0.36056814946644855,5,,,0.14095036097712849,,,,0.29711095353500216,,,,,1,,,,,,,,,,0.3317242834967359,,,0.09455378595731918,,,,,,,,,,,,,0.2932885051405649,,,,,,,,,,,,,,,,,,,3.500000000000002,,,,,,,,,,,,,,,"[0.0753107364524464, -0.21235712451692276, 0.14084719151267636, 0.12368976805660786, -0.0753107364524464, 0.21235712451692276, -0.14084719151267636, -0.12368976805660786]",0.5019990512803694,,,,,,,0,,,,,,,,
,,,0.25833356322672796,,,0.03882116256601802,,,0.24992886593021574,,,"[0.11787752179903203, 0.4991999795167833, 0.12227544422648909, -0.13303763839813992, -0.11787752178471073, -0.4991999798694737, -0.12227544441770177, 0.13303763838687474]",,,,,,,,,,,,,,,,,,,,0.3088335766733019,,,,,,0.07292578271806344,,0.046014700828193755,,,0.7225378141424863,,,,,,0.0744589437270465,,,,,,"[-0.0569757325026114, 0.3436394979886886, 0.13736857949185202, -0.1588952835599457, 0.0569757325026114, -0.3436394979886886, -0.13736857949185202, 0.1588952835599457]",0.05331414903962403,,,,,,,,,,,,,,,,,,,,,,,,,,,,,,0.25181263218493966,,,,0.007344138318821004,,,,,,,0.14855289672876254,,0.2800387285287083,,,,,0.08143809132053705,,,,,,,,,,0.08186037508278016,,,0.42621105442002,,,,,,,,0.03693739631129408,,,,,,,,,,"[-0.07758263252479573, 0.20976273292691547, 0.2247993092457185, -0.22508284557877628, 0.07758263252479573, -0.20976273292691544, -0.2247993092457185, 0.22508284557877628]",,,,0.4198551116049097,,,,,,,0.04754786183717683,,,,,,,,,,,,0.7244215803972102,,,,,,,,,,,,5568.575927557,,,,,0.5324868371579415,,,,,,,0.0013825609523378038,,,,0.26021732948145193,,,,0.21160890866658386,0.7513326622870798,,,,,0.11312950623641926,,,,,,,,,0.09351787255797986,,,,,,,,,,0.24171877126507643,,,1.5,,,,,,,,,,,,,,,,,,,0.27872371407480934,,,,0.4653720317497161,0.07997660882805621,,,,0.05306552693818653,,,,,,,,,,,,,,,0.07480954897278738,,0.045664095582452886,,,,,,,,,,30,,,0.09163410630325591,,,1727275101.2389224,,,,,,,,,,,,,,,,0.2871284113713216,,,,,,,,,,0.44038741917837554,,,,,,,,,,0.12042895444784954,,0.28192249478343223,,,,,,,,,,,,,,6,,,,,,,,,0.11975804858416893,,,1,,,,,,,,,,,,,,,,,,,,,,0.12164181483889287,0.22001360596309608,,,,,,,,,,,,,,,,,,,,,,2.8000000000000016,,,,,,,,0.503691989013348,,,,,0.06573224445588771,,"[0.05736355458012766, 0.4585126706892641, 0.12037333937357254, -0.13478301899665565, -0.05736355458012766, -0.4585126706892641, -0.12037333937357254, 0.13478301899665565]",0.43250265258405185,,,0.5055757552680719,0.12018033234641204,,,0,,,,,,,0.6842178568788544,
,,,,,,,,,,,,"[-0.07868283579407159, -0.14599538083205016, 0.17817383043130217, -0.0034401444137337487, 0.07868283582893343, 0.14599538108461094, -0.17817383043155974, 0.003440144472491355]",,,,,,,,,,,,0.07788365891751771,,,,,0.014304227161687905,,,,,,,,,,,,,0.024930057452404786,,,,,,,,,,,,,"[-0.03951463287353295, -0.13675503964852687, 0.17503175274446423, 0.005764841758427119, 0.03951463287353295, 0.13675503964852687, -0.17503175274446423, -0.005764841758427119]",0.06311278459480743,,,,,,,,,,,,,,,,,,,,,,,,,,,,,,,,,,,,,,,,,,,,,,,,,0.07477680131164291,,,,,,,,,,,,0.5216539436321712,,,,,0.1946790983837402,0.052903253253511,,,,,0.10809899148276109,,0.07477680131164291,,,,,"[0.09844702858661165, -0.17405248918592414, 0.08785791029128315, 0.056226021743541195, -0.09844702858661164, 0.17405248918592414, -0.08785791029128315, -0.056226021743541195]",,,,0.5278012148034191,,,,,,,,,,,,,,,,,,,,,,,,,,,,,,,5776.819324261,,,,,,0.034812441792563736,,,,,,,,,,,,,0.15748618198626788,,,0.322061005476827,0.17799439661714372,,,,,,,,,0.1476991185644767,,,0.06311278459480743,,,,,,,,,,,,,1.5,,,,,,,,,,,,,,,,,0.2918456729115836,,,,0.07788365891751771,,,,,,,,,,0.05737544428664187,,,,,,,,,,,0.27133745828070777,,,,,,0.06502777435780711,,,,,,,31,0.11748378599923333,,0.09332811716005081,0.04543827208328062,0.024930057452404786,1727275309.482384,,,,,,,,0.2918456729115836,0.2454026455798594,,,,,,,,,,,0.1476991185644767,0.3569051767939128,,,,,0.5165875681246185,,,,,0.16820733319535253,,,,,0.042604569963931596,,,,,,,,,,,,,,0.034812441792563736,,7,,0.2082097291823871,,,0.052903253253511,,,,,,,1,,0.03239503862263517,,,0.3266898442286694,,,,,,,,,,0.005285275112838592,,,0.22489443094898356,0.08311858581875438,0.17799439661714372,,,,,,,,,,0.10499213387688629,,0.3266898442286694,,,,,,,,,,,,,1.5000000000000004,,,,,,,,,,,,,,,"[-0.03951463287353295, -0.13675503964852687, 0.17503175274446423, 0.005764841758427119, 0.03951463287353295, 0.13675503964852687, -0.17503175274446423, -0.005764841758427119]",0.5216539436321712,,0.22489443094898356,,,,,0,,0.054268586680767075,0.3061816295977936,,,,,
,,,,,,,0.1957395777879068,,,,,"[-0.06907867528731439, 0.11448572180214796, -0.2621327741536007, 0.058299984455249844, 0.06907867555140225, -0.11448572180185293, 0.2621327753781808, -0.05829998323452241]",,,,,,,,,0.14354527600771377,,,,,,,,,,,,,,,,0.1782349875610477,,,,,,,,,,0.26913513620846713,,,,,,,,"[-0.10385925065084473, 0.05278063150455731, -0.2629422761256288, -0.0751062004030417, 0.10385925065084473, -0.05278063150455731, 0.2629422761256288, 0.0751062004030417]",-0.17564000016256845,,,,,,,,,0.2280800841516214,,,,,,,,,0.09625848100684979,,,,0.18480717500364138,0.1132804180641828,,,0.03561431893495054,,,,,0.1282870903611006,,,,,0.2521131991511341,,,,,,,,,,,,,,,,,,,,,,,,0.018592381877617525,0.5412693479461169,,,,,,,0.1343766246341682,,,,,,,,,,,"[-0.015504838289662152, -0.06029784919421856, -0.26122131106861196, -0.15012714123955057, 0.015504838289662152, 0.06029784919421856, 0.26122131106861196, 0.15012714123955057]",,0.2390124869358868,,0.5361953547626627,,,,,,0.3524257890902066,,,,0.21949688655697533,,,,,,,,,,,0.35851532336327424,,,,,,,,,,5985.170311777,,,,,,,,,,,,,,,0.2219905498785538,,,,,,,,,,0.1183638605336715,,,,,,,,,,-0.16470759737830304,,,,,0.17871764073057378,,,,,,0.08319149581081148,,1.4,,,,,,0.1023480152799174,0.23042928934124074,,0.34238516631409077,,,,,,0.07710196153774387,,,,,,,0.30721280159123077,,,,,,,,,,0.21340735228390773,,,,,,,,,,,,,,,,,,,,,,,32,,,-0.12344569838237542,,,1727275517.8333573,0.06616955875347846,,,,,0.11735468757683518,,,,,,,,,,,0.16954898935702822,,0.029524784661882936,,,,,,,0.5607097120028315,,,,0.3484747005871584,,,,,,-0.15861806310523544,,,,,,0.06108611628398977,,,0.3694477261475396,,,,,,,8,,,,0.07078668365781056,,,,0.3172534243673466,,,,1,,,,,,,,,,,0.18681818515569376,,,,,,,,,,0.2169408344282741,,,,,,,,,,,,,,,,,,0.3594071033714238,,,,,,2.4000000000000012,,,0.25820273342420175,,,,,,,,,,,,"[-0.08083654427544854, 0.11332096344322663, -0.2636694391939309, 0.03297718422173058, 0.08083654427544854, -0.11332096344322663, 0.2636694391939309, -0.03297718422173058]",0.5487843577434253,,,,,,,0,,,,,,,,
,,0.35064337210952123,,,,,,,,0.04532124379423985,0.19979263770509798,"[-0.10312433434172198, -0.2687816121006778, -0.004144899502483714, -0.030533406295517873, 0.10312434815733901, 0.2687816096565712, 0.004144895138294499, 0.030533406883428732]",,,,,,,,0.34356456164659704,,,,,,,,0.16705438194420824,,,,,,,,0.030954687851206003,,,,,,,,,,,,,,,,,,,"[-0.0821396021652402, -0.30222919616311067, -0.0371864908504711, -0.01830165456582311, 0.0821396021652402, 0.30222919616311067, 0.0371864908504711, 0.01830165456582311]",-0.05987997502500682,,0.36330635197036265,,,,,,,,,,,,,,,,,,,,,,0.01595589511248563,,,,0.110607095482326,,,,,,,,,,,,,,,,,,0.17413319240713243,,,,,,,,,,,,,,,0.5124514949999978,,,,,,,,,,,,,,,,,,"[-0.13283625023778795, -0.24112398699082474, -0.08564211553616193, -0.040804820900331794, 0.13283625023778795, 0.24112398699082474, 0.08564211553616193, 0.04080482090033178]",,,,0.49157954010264154,,0.4431065630164115,,,,,,,,,,,,,0.0800895071779602,,,,,,,,,0.11505167043817464,,0.31307142699717705,,,,,6195.928243689,,,,,,,,,0.06481674546498908,,,,,,,,,,,,,,,0.050724158496205984,,,,,,0.40087829708270684,,,,,-0.07534663661447202,,,,0.0535001599035954,,,,,,,,,2.6,,,0.19271382724217379,,,,,,,,,,,,,,,,,,,,,,,,,,,0.1260737570717912,,,,,,,,,,,,,,0.49334148798959704,,,0.2152592992945632,,0.12213048090109883,,,,,,33,,,-0.11011489999819238,,,1727275728.5916543,,,0.30599261653425286,,,,,,,,,,,,,,,,,,,,,,,0.518555634439617,,,,,,,,,,-0.05280116456208263,,,,,,,,,,,,,,,,9,,,,,,0.04642134944067121,,,,,,1,,,,,,0.09555616876742541,,0.18959985399659762,,,,0.07326963054859538,,,,0.5004202984525212,0.32853808858664224,,,,,,,,,,,,0.3661100336989864,,,,,,0.16084202045551155,0.06619082008567119,,,,,,0.0038135755325143517,0.2500275626782835,,1.9000000000000008,0.09958500884870944,,,,0.4778748264001318,,,,,,,,,,"[-0.08319309986017367, -0.3058685745934611, -0.06709939192089567, -0.012109309390346205, 0.08319309986017367, 0.3058685745934611, 0.06709939192089567, 0.012109309390346205]",0.5048256619131921,,,,,,0.1026349792303496,0,,,,0.10352828501940181,,,,0.22436811738031798
,,,,,,,,,,,,"[-0.2092849198014741, 0.14485126925729896, 0.20921356211735187, 0.09109637954528507, 0.20928492054788808, -0.1448512692426066, -0.20921356208789998, -0.09109637988024556]",,0.42256039080715796,,,,,,,,0.09849017088730677,,,,,0.47526728744906827,,,0.2667870704067714,,,,,,,,,,,,,,0.04261599116968197,,,,,,,,,,,"[-0.3171584083617516, 0.20234368553876136, 0.25689778195531526, -0.017542252239035536, 0.3171584083617516, -0.20234368553876136, -0.25689778195531526, 0.017542252239035536]",-0.024902412299886822,,,,,,,,,,,,,,,,,,,0.08869787973259229,,,,,,0.046138731401204974,,,,,,,,,,,,,,,,,,,,0.4435274293149598,,,,,,,,,,,0.08017361455016503,0.45634514797106634,,,,0.4810453998447306,,,,,,,,,,,,,,,,0.1262939855030693,,"[-0.30949761636021067, 0.2761894642326315, 0.2122435711682821, -0.011707357161696057, 0.30949761636021067, -0.2761894642326315, -0.2122435711682821, 0.011707357161696057]",,,0.4346073962211082,0.5074766859501634,0.21457730962798036,,,,,,,0.22823341963145,,,,,,,,,,,,,,0.11053717630125703,,,0.09222061996411529,,,,,,6408.093366368,,,,,,,,,,0.11424698008911904,,,,,,,,,,,,,,,,,,,,,,,,,-0.028425152531409828,,0.13227492805121516,,,,,0.4217896775650017,,,,,,6.5,,,,,,,,,,,,,,,,0.22662431504193062,,,,,,,,,,,,,,,,,,0.23675768481387727,,,,,,,0.4414825302851599,,,,,0.2703098106382944,,,,,,0.21810004985950338,,,34,,,-0.036949417713837085,,,1727275940.7568066,,,,,,,0.10701443606973403,,,0.0925092283391609,0.20297292764996888,,,,,,,,,,,,,,,0.47761801222279493,,0.224710679399927,,,,,,,0.11776972032064205,-0.0031646605499286856,0.11395837171407343,,,,,,,,,,0.45000679546758715,,,,,10,,,,,,,,,,,,1,,,0.43108465598958523,,,,,,,,,,,,,,,,,,,,,0.45557443472891007,,,0.45352953569911014,,,,,,,,,,,,,,,,,0.1928395578780222,3.7000000000000024,,0.27883407582072167,,0.4470501695464828,,0.05466299658363223,,,,0.02087823941972383,,,,,"[-0.31131550277931075, 0.2573702196264256, 0.23380029379183653, -0.018472122544420974, 0.31131550277931075, -0.2573702196264256, -0.23380029379183653, 0.018472122544421016]",0.49089305020743035,,,,,,,0,0.2450493186568133,,,,,,,
